2026-01-07 16:43:28,148 - INFO - Config file created at: /nas/longleaf/home/adaigle/work/test_TEforest/train_simple_20X/config.yaml
Building DAG of jobs...
Unlocked working directory.
2026-01-07 16:43:30,563 - INFO - Running Snakemake command:
snakemake training/teforest_classifier_20X.pkl --cores 32 -s /nas/longleaf/home/adaigle/TEforest/workflow/training/Snakefile --configfile /nas/longleaf/home/adaigle/work/test_TEforest/train_simple_20X/config.yaml
Assuming unrestricted shared filesystem usage for local execution.
Building DAG of jobs...
Using shell: /usr/bin/bash
Provided cores: 32
Rules claiming more threads will be scaled down.
Job stats:
job                          count
-------------------------  -------
align_reads                      1
bam_to_fvec                      1
candidate_regions                1
condense_training_data           1
downsample_reads                 1
fastp                            1
filter_reference                 1
index_reference                  1
label_candidate_regions          1
process_candidate_regions        1
train_model                      1
total                           11

Select jobs to execute...
Execute 1 jobs...

[Wed Jan  7 16:43:31 2026]
localrule fastp:
    input: /nas/longleaf/home/adaigle/work/test_TEforest/test_lightgbm_20X_newfilter_dynamiclength/fastp_het/JUT-008_MUN-009.R1.fq, /nas/longleaf/home/adaigle/work/test_TEforest/test_lightgbm_20X_newfilter_dynamiclength/fastp_het/JUT-008_MUN-009.R2.fq
    output: fastp/JUT-008_MUN-009.R1.fq, fastp/JUT-008_MUN-009.R2.fq, fastp/JUT-008_MUN-009.html, fastp/JUT-008_MUN-009.json
    log: logs/JUT-008_MUN-009/fastp.log
    jobid: 10
    benchmark: benchmarks/JUT-008_MUN-009.fastp.benchmark.txt
    reason: Missing output files: fastp/JUT-008_MUN-009.R1.fq, fastp/JUT-008_MUN-009.R2.fq
    wildcards: sample=JUT-008_MUN-009
    threads: 32
    resources: tmpdir=/tmp/adaigle/26099803/g1416schr01.ll.unc.edu

Detecting adapter sequence for read1...
No adapter detected for read1

Detecting adapter sequence for read2...
No adapter detected for read2

WARNING: fastp uses up to 16 threads although you specified 32
Read1 before filtering:
total reads: 10310031
total bases: 1545190737
Q20 bases: 1518054349(98.2438%)
Q30 bases: 1459932263(94.4823%)

Read2 before filtering:
total reads: 10310031
total bases: 1545190737
Q20 bases: 1482611048(95.95%)
Q30 bases: 1381810968(89.4266%)

Read1 after filtering:
total reads: 10161031
total bases: 1523077015
Q20 bases: 1496115350(98.2298%)
Q30 bases: 1438603252(94.4537%)

Read2 after filtering:
total reads: 10161031
total bases: 1523077015
Q20 bases: 1460918693(95.9189%)
Q30 bases: 1361193513(89.3713%)

Filtering result:
reads passed filter: 20620062
reads failed due to low quality: 0
reads failed due to too many N: 0
reads failed due to too short: 0
reads with adapter trimmed: 0
bases trimmed due to adapters: 0

Duplication rate: 1.44519%

Insert size peak (evaluated by paired-end reads): 151

JSON report: fastp/JUT-008_MUN-009.json
HTML report: fastp/JUT-008_MUN-009.html

fastp -w 32 --dedup --detect_adapter_for_pe -i /nas/longleaf/home/adaigle/work/test_TEforest/test_lightgbm_20X_newfilter_dynamiclength/fastp_het/JUT-008_MUN-009.R1.fq -I /nas/longleaf/home/adaigle/work/test_TEforest/test_lightgbm_20X_newfilter_dynamiclength/fastp_het/JUT-008_MUN-009.R2.fq -o fastp/JUT-008_MUN-009.R1.fq -O fastp/JUT-008_MUN-009.R2.fq -h fastp/JUT-008_MUN-009.html -j fastp/JUT-008_MUN-009.json -z 4 
fastp v0.24.0, time used: 34 seconds
[Wed Jan  7 16:44:05 2026]
Finished job 10.
1 of 11 steps (9%) done
Select jobs to execute...
Execute 2 jobs...

[Wed Jan  7 16:44:05 2026]
localrule index_reference:
    input: /nas/longleaf/home/adaigle/work/mcclintock_stuff/african_sfs/data/ISO1_GCF_000001215.4_Release_6_prepped.fasta, /nas/longleaf/home/adaigle/work/mcclintock_stuff/from_the_ashes/data/consensusTEs.fasta
    output: fastp/ref_genome, fastp/ref_genome.index.done
    jobid: 9
    reason: Missing output files: fastp/ref_genome.index.done, fastp/ref_genome
    resources: tmpdir=/tmp/adaigle/26099803/g1416schr01.ll.unc.edu


[Wed Jan  7 16:44:05 2026]
localrule filter_reference:
    input: /nas/longleaf/home/adaigle/Rech_updated_supplemental/DeNovoCoordinates/ISO1.bed
    output: ref_genome/filtered_ISO1.bed
    jobid: 8
    reason: Missing output files: ref_genome/filtered_ISO1.bed
    resources: tmpdir=/tmp/adaigle/26099803/g1416schr01.ll.unc.edu

Looking to launch executable "/work/users/a/d/adaigle/.conda/envs/TEforest/bin/bwa-mem2.avx2", simd = .avx2
Launching executable "/work/users/a/d/adaigle/.conda/envs/TEforest/bin/bwa-mem2.avx2"
── Attaching core tidyverse packages ──────────────────────── tidyverse 2.0.0 ──
✔ dplyr     1.1.4     ✔ readr     2.1.5
✔ forcats   1.0.0     ✔ stringr   1.5.1
✔ ggplot2   3.5.2     ✔ tibble    3.2.1
✔ lubridate 1.9.4     ✔ tidyr     1.3.1
✔ purrr     1.0.4     
[bwa_index] Pack FASTA... ── Conflicts ────────────────────────────────────────── tidyverse_conflicts() ──
✖ dplyr::filter() masks stats::filter()
✖ dplyr::lag()    masks stats::lag()
ℹ Use the conflicted package (<http://conflicted.r-lib.org/>) to force all conflicts to become errors
Loading required package: stats4
Loading required package: BiocGenerics
Loading required package: generics

Attaching package: ‘generics’

The following object is masked from ‘package:lubridate’:

    as.difftime

The following object is masked from ‘package:dplyr’:

    explain

The following objects are masked from ‘package:base’:

    as.difftime, as.factor, as.ordered, intersect, is.element, setdiff,
    setequal, union


Attaching package: ‘BiocGenerics’

The following object is masked from ‘package:dplyr’:

    combine

The following objects are masked from ‘package:stats’:

    IQR, mad, sd, var, xtabs

The following objects are masked from ‘package:base’:

    anyDuplicated, aperm, append, as.data.frame, basename, cbind,
    colnames, dirname, do.call, duplicated, eval, evalq, Filter, Find,
    get, grep, grepl, is.unsorted, lapply, Map, mapply, match, mget,
    order, paste, pmax, pmax.int, pmin, pmin.int, Position, rank,
    rbind, Reduce, rownames, sapply, saveRDS, table, tapply, unique,
    unsplit, which.max, which.min

Loading required package: S4Vectors

Attaching package: ‘S4Vectors’

The following objects are masked from ‘package:lubridate’:

    second, second<-

The following objects are masked from ‘package:dplyr’:

    first, rename

The following object is masked from ‘package:tidyr’:

    expand

The following object is masked from ‘package:utils’:

    findMatches

The following objects are masked from ‘package:base’:

    expand.grid, I, unname

Loading required package: IRanges
0.52 sec
* Entering FMI_search

Attaching package: ‘IRanges’

The following object is masked from ‘package:lubridate’:

    %within%

The following objects are masked from ‘package:dplyr’:

    collapse, desc, slice

The following object is masked from ‘package:purrr’:

    reduce

Loading required package: GenomeInfoDb
[1] "/nas/longleaf/home/adaigle/Rech_updated_supplemental/DeNovoCoordinates/ISO1.bed"
Warning message:
In dir.create(file.path(output_path)) :
  '/work/users/a/d/adaigle/test_TEforest/train_simple_20X/ref_genome' already exists
[Wed Jan  7 16:44:08 2026]
Finished job 8.
2 of 11 steps (18%) done
init ticks = 6541745878
ref seq len = 288895286
binary seq ticks = 4661854136
build suffix-array ticks = 67029899585
ref_seq_len = 288895286
count = 0, 83687630, 144447643, 205207656, 288895286
BWT[149660069] = 4
CP_SHIFT = 6, CP_MASK = 63
sizeof CP_OCC = 64
pos: 36111911, ref_seq_len__: 36111910
max_occ_ind = 4513988
build fm-index ticks = 19158785719
Total time taken: 37.7138
[Wed Jan  7 16:44:44 2026]
Finished job 9.
3 of 11 steps (27%) done
Select jobs to execute...
Execute 1 jobs...

[Wed Jan  7 16:44:44 2026]
localrule align_reads:
    input: ref_genome/filtered_ISO1.bed, fastp/ref_genome.index.done, fastp/JUT-008_MUN-009.R1.fq, fastp/JUT-008_MUN-009.R2.fq
    output: aligned/JUT-008_MUN-009.bam
    log: logs/JUT-008_MUN-009/align_reads.log
    jobid: 7
    benchmark: benchmarks/JUT-008_MUN-009.align_reads.benchmark.txt
    reason: Missing output files: aligned/JUT-008_MUN-009.bam; Input files updated by another job: fastp/JUT-008_MUN-009.R1.fq, fastp/ref_genome.index.done, ref_genome/filtered_ISO1.bed, fastp/JUT-008_MUN-009.R2.fq
    wildcards: sample=JUT-008_MUN-009
    threads: 32
    resources: tmpdir=/tmp/adaigle/26099803/g1416schr01.ll.unc.edu

Looking to launch executable "/work/users/a/d/adaigle/.conda/envs/TEforest/bin/bwa-mem2.avx2", simd = .avx2
Launching executable "/work/users/a/d/adaigle/.conda/envs/TEforest/bin/bwa-mem2.avx2"
-----------------------------
Executing in AVX2 mode!!
-----------------------------
* SA compression enabled with xfactor: 8
* Ref file: fastp/ref_genome
* Entering FMI_search
* Index file found. Loading index from fastp/ref_genome.bwt.2bit.64
* Reference seq len for bi-index = 288895287
* sentinel-index: 149660069
* Count:
0,	1
1,	83687631
2,	144447644
3,	205207657
4,	288895287

* Reading other elements of the index from files fastp/ref_genome
* Index prefix: fastp/ref_genome
* Read 0 ALT contigs
* Done reading Index!!
* Reading reference genome..
* Binary seq file = fastp/ref_genome.0123
* Reference genome size: 288895286 bp
* Done reading reference genome !!

------------------------------------------
1. Memory pre-allocation for Chaining: 4458.8284 MB
2. Memory pre-allocation for BSW: 7667.7448 MB
3. Memory pre-allocation for BWT: 2474.0536 MB
------------------------------------------
* Threads used (compute): 32
* No. of pipeline threads: 2

[0000] read_chunk: 320000000, work_chunk_size: 320000240, nseq: 2125208
	[0000][ M::kt_pipeline] read 2125208 sequences (320000240 bp)...
[0000] Reallocating initial memory allocations!!
[0000] Calling mem_process_seqs.., task: 0
[0000] 1. Calling kt_for - worker_bwt
[0000] 2. Calling kt_for - worker_aln
[0000] read_chunk: 320000000, work_chunk_size: 320000254, nseq: 2127366
	[0000][ M::kt_pipeline] read 2127366 sequences (320000254 bp)...
[0000] Inferring insert size distribution of PE reads from data, l_pac: 144447643, n: 2125208
[0000][PE] # candidate unique pairs for (FF, FR, RF, RR): (21, 893197, 208, 11)
[0000][PE] analyzing insert size distribution for orientation FF...
[0000][PE] (25, 50, 75) percentile: (173, 294, 935)
[0000][PE] low and high boundaries for computing mean and std.dev: (1, 2459)
[0000][PE] mean and std.dev: (454.79, 395.38)
[0000][PE] low and high boundaries for proper pairs: (1, 3221)
[0000][PE] analyzing insert size distribution for orientation FR...
[0000][PE] (25, 50, 75) percentile: (356, 412, 478)
[0000][PE] low and high boundaries for computing mean and std.dev: (112, 722)
[0000][PE] mean and std.dev: (418.05, 93.07)
[0000][PE] low and high boundaries for proper pairs: (1, 844)
[0000][PE] analyzing insert size distribution for orientation RF...
[0000][PE] (25, 50, 75) percentile: (1515, 2114, 3395)
[0000][PE] low and high boundaries for computing mean and std.dev: (1, 7155)
[0000][PE] mean and std.dev: (2350.75, 1570.54)
[0000][PE] low and high boundaries for proper pairs: (1, 9035)
[0000][PE] analyzing insert size distribution for orientation RR...
[0000][PE] (25, 50, 75) percentile: (534, 1578, 6856)
[0000][PE] low and high boundaries for computing mean and std.dev: (1, 19500)
[0000][PE] mean and std.dev: (2633.73, 2853.93)
[0000][PE] low and high boundaries for proper pairs: (1, 25822)
[0000][PE] skip orientation FF
[0000][PE] skip orientation RF
[0000][PE] skip orientation RR
[0000] 3. Calling kt_for - worker_sam
	[0000][ M::mem_process_seqs] Processed 2125208 reads in 383.685 CPU sec, 12.514 real sec
[0000] Reallocating initial memory allocations!!
[0000] Calling mem_process_seqs.., task: 1
[0000] 1. Calling kt_for - worker_bwt
[0000] 2. Calling kt_for - worker_aln
[0000] Inferring insert size distribution of PE reads from data, l_pac: 144447643, n: 2127366
[0000][PE] # candidate unique pairs for (FF, FR, RF, RR): (31, 882600, 201, 13)
[0000][PE] analyzing insert size distribution for orientation FF...
[0000][PE] (25, 50, 75) percentile: (247, 410, 1506)
[0000][PE] low and high boundaries for computing mean and std.dev: (1, 4024)
[0000][PE] mean and std.dev: (738.53, 770.99)
[0000][PE] low and high boundaries for proper pairs: (1, 5283)
[0000][PE] analyzing insert size distribution for orientation FR...
[0000][PE] (25, 50, 75) percentile: (359, 417, 486)
[0000][PE] low and high boundaries for computing mean and std.dev: (105, 740)
[0000][PE] mean and std.dev: (423.67, 96.91)
[0000][PE] low and high boundaries for proper pairs: (1, 867)
[0000][PE] analyzing insert size distribution for orientation RF...
[0000][PE] (25, 50, 75) percentile: (1452, 2166, 3477)
[0000][PE] low and high boundaries for computing mean and std.dev: (1, 7527)
[0000][PE] mean and std.dev: (2420.82, 1643.90)
[0000][PE] low and high boundaries for proper pairs: (1, 9552)
[0000][PE] analyzing insert size distribution for orientation RR...
[0000][PE] (25, 50, 75) percentile: (420, 2009, 5058)
[0000][PE] low and high boundaries for computing mean and std.dev: (1, 14334)
[0000][PE] mean and std.dev: (2680.46, 2355.36)
[0000][PE] low and high boundaries for proper pairs: (1, 18972)
[0000][PE] skip orientation FF
[0000][PE] skip orientation RF
[0000][PE] skip orientation RR
[0000] 3. Calling kt_for - worker_sam
[0000] read_chunk: 320000000, work_chunk_size: 320000214, nseq: 2137732
	[0000][ M::kt_pipeline] read 2137732 sequences (320000214 bp)...
	[0000][ M::mem_process_seqs] Processed 2127366 reads in 408.141 CPU sec, 13.270 real sec
[0000] Reallocating initial memory allocations!!
[0000] Calling mem_process_seqs.., task: 2
[0000] 1. Calling kt_for - worker_bwt
[0000] 2. Calling kt_for - worker_aln
[0000] Inferring insert size distribution of PE reads from data, l_pac: 144447643, n: 2137732
[0000][PE] # candidate unique pairs for (FF, FR, RF, RR): (28, 822335, 140, 8)
[0000][PE] analyzing insert size distribution for orientation FF...
[0000][PE] (25, 50, 75) percentile: (264, 367, 578)
[0000][PE] low and high boundaries for computing mean and std.dev: (1, 1206)
[0000][PE] mean and std.dev: (391.25, 243.31)
[0000][PE] low and high boundaries for proper pairs: (1, 1520)
[0000][PE] analyzing insert size distribution for orientation FR...
[0000][PE] (25, 50, 75) percentile: (395, 462, 542)
[0000][PE] low and high boundaries for computing mean and std.dev: (101, 836)
[0000][PE] mean and std.dev: (470.71, 113.37)
[0000][PE] low and high boundaries for proper pairs: (1, 983)
[0000][PE] analyzing insert size distribution for orientation RF...
[0000][PE] (25, 50, 75) percentile: (87, 901, 2727)
[0000][PE] low and high boundaries for computing mean and std.dev: (1, 8007)
[0000][PE] mean and std.dev: (1438.63, 1573.56)
[0000][PE] low and high boundaries for proper pairs: (1, 10647)
[0000][PE] skip orientation RR as there are not enough pairs
[0000][PE] skip orientation FF
[0000][PE] skip orientation RF
[0000] 3. Calling kt_for - worker_sam
[0000] read_chunk: 320000000, work_chunk_size: 320000178, nseq: 2137494
	[0000][ M::kt_pipeline] read 2137494 sequences (320000178 bp)...
	[0000][ M::mem_process_seqs] Processed 2137732 reads in 504.808 CPU sec, 16.354 real sec
[0000] Calling mem_process_seqs.., task: 3
[0000] 1. Calling kt_for - worker_bwt
[0000] 2. Calling kt_for - worker_aln
[0000] Inferring insert size distribution of PE reads from data, l_pac: 144447643, n: 2137494
[0000][PE] # candidate unique pairs for (FF, FR, RF, RR): (19, 822053, 148, 8)
[0000][PE] analyzing insert size distribution for orientation FF...
[0000][PE] (25, 50, 75) percentile: (312, 434, 638)
[0000][PE] low and high boundaries for computing mean and std.dev: (1, 1290)
[0000][PE] mean and std.dev: (360.27, 167.76)
[0000][PE] low and high boundaries for proper pairs: (1, 1616)
[0000][PE] analyzing insert size distribution for orientation FR...
[0000][PE] (25, 50, 75) percentile: (396, 463, 544)
[0000][PE] low and high boundaries for computing mean and std.dev: (100, 840)
[0000][PE] mean and std.dev: (471.81, 113.88)
[0000][PE] low and high boundaries for proper pairs: (1, 988)
[0000][PE] analyzing insert size distribution for orientation RF...
[0000][PE] (25, 50, 75) percentile: (122, 1275, 2777)
[0000][PE] low and high boundaries for computing mean and std.dev: (1, 8087)
[0000][PE] mean and std.dev: (1538.50, 1588.78)
[0000][PE] low and high boundaries for proper pairs: (1, 10742)
[0000][PE] skip orientation RR as there are not enough pairs
[0000][PE] skip orientation FF
[0000][PE] skip orientation RF
[0000] 3. Calling kt_for - worker_sam
[0000] read_chunk: 320000000, work_chunk_size: 320000280, nseq: 2136880
	[0000][ M::kt_pipeline] read 2136880 sequences (320000280 bp)...
	[0000][ M::mem_process_seqs] Processed 2137494 reads in 501.851 CPU sec, 16.440 real sec
[0000] Calling mem_process_seqs.., task: 4
[0000] 1. Calling kt_for - worker_bwt
[0000] 2. Calling kt_for - worker_aln
[0000] Inferring insert size distribution of PE reads from data, l_pac: 144447643, n: 2136880
[0000][PE] # candidate unique pairs for (FF, FR, RF, RR): (32, 821106, 139, 12)
[0000][PE] analyzing insert size distribution for orientation FF...
[0000][PE] (25, 50, 75) percentile: (299, 453, 1168)
[0000][PE] low and high boundaries for computing mean and std.dev: (1, 2906)
[0000][PE] mean and std.dev: (757.68, 806.97)
[0000][PE] low and high boundaries for proper pairs: (1, 3986)
[0000][PE] analyzing insert size distribution for orientation FR...
[0000][PE] (25, 50, 75) percentile: (396, 463, 543)
[0000][PE] low and high boundaries for computing mean and std.dev: (102, 837)
[0000][PE] mean and std.dev: (471.62, 113.62)
[0000][PE] low and high boundaries for proper pairs: (1, 984)
[0000][PE] analyzing insert size distribution for orientation RF...
[0000][PE] (25, 50, 75) percentile: (184, 1332, 2576)
[0000][PE] low and high boundaries for computing mean and std.dev: (1, 7360)
[0000][PE] mean and std.dev: (1523.41, 1537.78)
[0000][PE] low and high boundaries for proper pairs: (1, 9752)
[0000][PE] analyzing insert size distribution for orientation RR...
[0000][PE] (25, 50, 75) percentile: (724, 2509, 2905)
[0000][PE] low and high boundaries for computing mean and std.dev: (1, 7267)
[0000][PE] mean and std.dev: (2142.83, 1783.46)
[0000][PE] low and high boundaries for proper pairs: (1, 9448)
[0000][PE] skip orientation FF
[0000][PE] skip orientation RF
[0000][PE] skip orientation RR
[0000] 3. Calling kt_for - worker_sam
[0000] read_chunk: 320000000, work_chunk_size: 320000274, nseq: 2137324
	[0000][ M::kt_pipeline] read 2137324 sequences (320000274 bp)...
	[0000][ M::mem_process_seqs] Processed 2136880 reads in 507.688 CPU sec, 16.533 real sec
[0000] Calling mem_process_seqs.., task: 5
[0000] 1. Calling kt_for - worker_bwt
[0000] 2. Calling kt_for - worker_aln
[0000] Inferring insert size distribution of PE reads from data, l_pac: 144447643, n: 2137324
[0000][PE] # candidate unique pairs for (FF, FR, RF, RR): (29, 821532, 135, 10)
[0000][PE] analyzing insert size distribution for orientation FF...
[0000][PE] (25, 50, 75) percentile: (263, 405, 2701)
[0000][PE] low and high boundaries for computing mean and std.dev: (1, 7577)
[0000][PE] mean and std.dev: (1423.54, 2122.30)
[0000][PE] low and high boundaries for proper pairs: (1, 10015)
[0000][PE] analyzing insert size distribution for orientation FR...
[0000][PE] (25, 50, 75) percentile: (396, 463, 544)
[0000][PE] low and high boundaries for computing mean and std.dev: (100, 840)
[0000][PE] mean and std.dev: (472.15, 113.57)
[0000][PE] low and high boundaries for proper pairs: (1, 988)
[0000][PE] analyzing insert size distribution for orientation RF...
[0000][PE] (25, 50, 75) percentile: (206, 1387, 2782)
[0000][PE] low and high boundaries for computing mean and std.dev: (1, 7934)
[0000][PE] mean and std.dev: (1561.70, 1439.20)
[0000][PE] low and high boundaries for proper pairs: (1, 10510)
[0000][PE] analyzing insert size distribution for orientation RR...
[0000][PE] (25, 50, 75) percentile: (287, 1318, 1669)
[0000][PE] low and high boundaries for computing mean and std.dev: (1, 4433)
[0000][PE] mean and std.dev: (1033.00, 775.43)
[0000][PE] low and high boundaries for proper pairs: (1, 5815)
[0000][PE] skip orientation FF
[0000][PE] skip orientation RF
[0000][PE] skip orientation RR
[0000] 3. Calling kt_for - worker_sam
[0000] read_chunk: 320000000, work_chunk_size: 320000102, nseq: 2137394
	[0000][ M::kt_pipeline] read 2137394 sequences (320000102 bp)...
	[0000][ M::mem_process_seqs] Processed 2137324 reads in 503.737 CPU sec, 16.428 real sec
[0000] Calling mem_process_seqs.., task: 6
[0000] 1. Calling kt_for - worker_bwt
[0000] 2. Calling kt_for - worker_aln
[0000] Inferring insert size distribution of PE reads from data, l_pac: 144447643, n: 2137394
[0000][PE] # candidate unique pairs for (FF, FR, RF, RR): (38, 822719, 149, 8)
[0000][PE] analyzing insert size distribution for orientation FF...
[0000][PE] (25, 50, 75) percentile: (338, 408, 599)
[0000][PE] low and high boundaries for computing mean and std.dev: (1, 1121)
[0000][PE] mean and std.dev: (356.10, 130.26)
[0000][PE] low and high boundaries for proper pairs: (1, 1382)
[0000][PE] analyzing insert size distribution for orientation FR...
[0000][PE] (25, 50, 75) percentile: (396, 463, 544)
[0000][PE] low and high boundaries for computing mean and std.dev: (100, 840)
[0000][PE] mean and std.dev: (471.79, 113.74)
[0000][PE] low and high boundaries for proper pairs: (1, 988)
[0000][PE] analyzing insert size distribution for orientation RF...
[0000][PE] (25, 50, 75) percentile: (103, 882, 2862)
[0000][PE] low and high boundaries for computing mean and std.dev: (1, 8380)
[0000][PE] mean and std.dev: (1692.17, 2008.81)
[0000][PE] low and high boundaries for proper pairs: (1, 11139)
[0000][PE] skip orientation RR as there are not enough pairs
[0000][PE] skip orientation FF
[0000][PE] skip orientation RF
[0000] 3. Calling kt_for - worker_sam
[0000] read_chunk: 320000000, work_chunk_size: 320000102, nseq: 2136704
	[0000][ M::kt_pipeline] read 2136704 sequences (320000102 bp)...
	[0000][ M::mem_process_seqs] Processed 2137394 reads in 507.199 CPU sec, 16.541 real sec
[0000] Calling mem_process_seqs.., task: 7
[0000] 1. Calling kt_for - worker_bwt
[0000] 2. Calling kt_for - worker_aln
[0000] Inferring insert size distribution of PE reads from data, l_pac: 144447643, n: 2136704
[0000][PE] # candidate unique pairs for (FF, FR, RF, RR): (34, 821985, 148, 7)
[0000][PE] analyzing insert size distribution for orientation FF...
[0000][PE] (25, 50, 75) percentile: (335, 436, 919)
[0000][PE] low and high boundaries for computing mean and std.dev: (1, 2087)
[0000][PE] mean and std.dev: (466.48, 297.57)
[0000][PE] low and high boundaries for proper pairs: (1, 2671)
[0000][PE] analyzing insert size distribution for orientation FR...
[0000][PE] (25, 50, 75) percentile: (396, 464, 545)
[0000][PE] low and high boundaries for computing mean and std.dev: (98, 843)
[0000][PE] mean and std.dev: (472.96, 114.06)
[0000][PE] low and high boundaries for proper pairs: (1, 992)
[0000][PE] analyzing insert size distribution for orientation RF...
[0000][PE] (25, 50, 75) percentile: (133, 1872, 2888)
[0000][PE] low and high boundaries for computing mean and std.dev: (1, 8398)
[0000][PE] mean and std.dev: (1656.64, 1547.63)
[0000][PE] low and high boundaries for proper pairs: (1, 11153)
[0000][PE] skip orientation RR as there are not enough pairs
[0000][PE] skip orientation FF
[0000][PE] skip orientation RF
[0000] 3. Calling kt_for - worker_sam
[0000] read_chunk: 320000000, work_chunk_size: 320000100, nseq: 2136554
	[0000][ M::kt_pipeline] read 2136554 sequences (320000100 bp)...
	[0000][ M::mem_process_seqs] Processed 2136704 reads in 503.962 CPU sec, 16.398 real sec
[0000] Calling mem_process_seqs.., task: 8
[0000] 1. Calling kt_for - worker_bwt
[0000] 2. Calling kt_for - worker_aln
[0000] Inferring insert size distribution of PE reads from data, l_pac: 144447643, n: 2136554
[0000][PE] # candidate unique pairs for (FF, FR, RF, RR): (31, 821613, 143, 7)
[0000][PE] analyzing insert size distribution for orientation FF...
[0000][PE] (25, 50, 75) percentile: (274, 362, 461)
[0000][PE] low and high boundaries for computing mean and std.dev: (1, 835)
[0000][PE] mean and std.dev: (355.62, 178.32)
[0000][PE] low and high boundaries for proper pairs: (1, 1069)
[0000][PE] analyzing insert size distribution for orientation FR...
[0000][PE] (25, 50, 75) percentile: (396, 464, 544)
[0000][PE] low and high boundaries for computing mean and std.dev: (100, 840)
[0000][PE] mean and std.dev: (472.42, 113.96)
[0000][PE] low and high boundaries for proper pairs: (1, 988)
[0000][PE] analyzing insert size distribution for orientation RF...
[0000][PE] (25, 50, 75) percentile: (139, 1474, 2887)
[0000][PE] low and high boundaries for computing mean and std.dev: (1, 8383)
[0000][PE] mean and std.dev: (1749.09, 1807.88)
[0000][PE] low and high boundaries for proper pairs: (1, 11131)
[0000][PE] skip orientation RR as there are not enough pairs
[0000][PE] skip orientation FF
[0000][PE] skip orientation RF
[0000] 3. Calling kt_for - worker_sam
[0000] read_chunk: 320000000, work_chunk_size: 166152286, nseq: 1109406
	[0000][ M::kt_pipeline] read 1109406 sequences (166152286 bp)...
	[0000][ M::mem_process_seqs] Processed 2136554 reads in 507.415 CPU sec, 16.474 real sec
[0000] Calling mem_process_seqs.., task: 9
[0000] 1. Calling kt_for - worker_bwt
[0000] 2. Calling kt_for - worker_aln
[0000] Inferring insert size distribution of PE reads from data, l_pac: 144447643, n: 1109406
[0000][PE] # candidate unique pairs for (FF, FR, RF, RR): (10, 426671, 71, 3)
[0000][PE] analyzing insert size distribution for orientation FF...
[0000][PE] (25, 50, 75) percentile: (305, 381, 416)
[0000][PE] low and high boundaries for computing mean and std.dev: (83, 638)
[0000][PE] mean and std.dev: (359.78, 78.05)
[0000][PE] low and high boundaries for proper pairs: (1, 749)
[0000][PE] analyzing insert size distribution for orientation FR...
[0000][PE] (25, 50, 75) percentile: (397, 465, 546)
[0000][PE] low and high boundaries for computing mean and std.dev: (99, 844)
[0000][PE] mean and std.dev: (473.76, 113.99)
[0000][PE] low and high boundaries for proper pairs: (1, 993)
[0000][PE] analyzing insert size distribution for orientation RF...
[0000][PE] (25, 50, 75) percentile: (77, 860, 2855)
[0000][PE] low and high boundaries for computing mean and std.dev: (1, 8411)
[0000][PE] mean and std.dev: (1494.54, 1630.61)
[0000][PE] low and high boundaries for proper pairs: (1, 11189)
[0000][PE] skip orientation RR as there are not enough pairs
[0000][PE] skip orientation FF
[0000][PE] skip orientation RF
[0000] 3. Calling kt_for - worker_sam
	[0000][ M::mem_process_seqs] Processed 1109406 reads in 262.118 CPU sec, 8.626 real sec
[0000] read_chunk: 320000000, work_chunk_size: 0, nseq: 0
[0000] read_chunk: 320000000, work_chunk_size: 0, nseq: 0
[0000] Computation ends..
No. of OMP threads: 32
Processor is running @2645.184393 MHz
Runtime profile:

	Time taken for main_mem function: 156.18 sec

	IO times (sec) :
	Reading IO time (reads) avg: 27.66, (27.66, 27.66)
	Writing IO time (SAM) avg: 87.93, (87.93, 87.93)
	Reading IO time (Reference Genome) avg: 0.34, (0.34, 0.34)
	Index read time avg: 0.54, (0.54, 0.54)

	Overall time (sec) (Excluding Index reading time):
	PROCESS() (Total compute time + (read + SAM) IO time) : 155.29
	MEM_PROCESS_SEQ() (Total compute time (Kernel + SAM)), avg: 149.57, (149.57, 149.57)

	 SAM Processing time (sec):
	--WORKER_SAM avg: 58.16, (58.16, 58.16)

	Kernels' compute time (sec):
	Total kernel (smem+sal+bsw) time avg: 90.13, (90.13, 90.13)
		SMEM compute avg: 34.48, (34.64, 34.24)
		SAL compute avg: 7.13, (7.24, 7.00)
				MEM_SA avg: 3.97, (4.05, 3.86)

		BSW time, avg: 44.31, (44.45, 44.15)

Important parameter settings: 
	BATCH_SIZE: 512
	MAX_SEQ_LEN_REF: 256
	MAX_SEQ_LEN_QER: 128
	MAX_SEQ_LEN8: 128
	SEEDS_PER_READ: 500
	SIMD_WIDTH8 X: 32
	SIMD_WIDTH16 X: 16
	AVG_SEEDS_PER_READ: 64
[bam_sort_core] merging from 0 files and 32 in-memory blocks...
[Wed Jan  7 16:47:50 2026]
Finished job 7.
4 of 11 steps (36%) done
Select jobs to execute...
Execute 1 jobs...

[Wed Jan  7 16:47:50 2026]
localrule downsample_reads:
    input: aligned/JUT-008_MUN-009.bam, ref_genome/filtered_ISO1.bed
    output: downsampled/JUT-008_MUN-009.bam, downsampled/JUT-008_MUN-009.bam.bai, downsampled/JUT-008_MUN-009_1.fq, downsampled/JUT-008_MUN-009_2.fq, downsampled/JUT-008_MUN-009_singletons.fq, downsampled/JUT-008_MUN-009_coverage.txt
    log: logs/JUT-008_MUN-009/downsample_reads.log
    jobid: 6
    benchmark: benchmarks/JUT-008_MUN-009.downsample_reads.benchmark.txt
    reason: Missing output files: downsampled/JUT-008_MUN-009_2.fq, downsampled/JUT-008_MUN-009_1.fq, downsampled/JUT-008_MUN-009.bam; Input files updated by another job: aligned/JUT-008_MUN-009.bam, ref_genome/filtered_ISO1.bed
    wildcards: sample=JUT-008_MUN-009
    threads: 32
    resources: tmpdir=/tmp/adaigle/26099803/g1416schr01.ll.unc.edu

Calculating average coverage for aligned/JUT-008_MUN-009.bam ...
Average coverage: 21.573590
Nearest target coverage is: 20
Downsampling to chosen coverage: 20x
Coverage (21.573590x) is above the chosen target (20x). Downsampling with scale factor: .92705942775402703027
[bam_sort_core] merging from 0 files and 32 in-memory blocks...
Converting to FASTQ ...
[M::bam2fq_mainloop] discarded 0 singletons
[M::bam2fq_mainloop] processed 20322062 reads
[bam_sort_core] merging from 0 files and 32 in-memory blocks...
Done.
[Wed Jan  7 16:50:36 2026]
Finished job 6.
5 of 11 steps (45%) done
Select jobs to execute...
Execute 1 jobs...

[Wed Jan  7 16:50:36 2026]
localrule candidate_regions:
    input: downsampled/JUT-008_MUN-009_1.fq, downsampled/JUT-008_MUN-009_2.fq, /nas/longleaf/home/adaigle/work/mcclintock_stuff/from_the_ashes/data/consensusTEs.fasta, fastp/ref_genome, ref_genome/filtered_ISO1.bed
    output: candidate_regions_data/JUT-008_MUN-009, candidate_regions_data/JUT-008_MUN-009/completed.txt
    log: logs/JUT-008_MUN-009/candidate_regions.log
    jobid: 5
    benchmark: benchmarks/JUT-008_MUN-009.candidate_regions.benchmark.txt
    reason: Missing output files: candidate_regions_data/JUT-008_MUN-009/completed.txt, candidate_regions_data/JUT-008_MUN-009; Input files updated by another job: fastp/ref_genome, downsampled/JUT-008_MUN-009_1.fq, ref_genome/filtered_ISO1.bed, downsampled/JUT-008_MUN-009_2.fq
    wildcards: sample=JUT-008_MUN-009
    threads: 32
    resources: tmpdir=/tmp/adaigle/26099803/g1416schr01.ll.unc.edu

[INFO] Indexing fastp/ref_genome
[INFO] ‑e set: using consensus FASTA only
Looking to launch executable "/work/users/a/d/adaigle/.conda/envs/TEforest/bin/bwa-mem2.avx2", simd = .avx2
Launching executable "/work/users/a/d/adaigle/.conda/envs/TEforest/bin/bwa-mem2.avx2"
[bwa_index] Pack FASTA... 0.00 sec
* Entering FMI_search
init ticks = 42147561
ref seq len = 1443282
binary seq ticks = 25853400
build suffix-array ticks = 199565750
ref_seq_len = 1443282
count = 0, 427807, 721641, 1015475, 1443282
BWT[847868] = 4
CP_SHIFT = 6, CP_MASK = 63
sizeof CP_OCC = 64
pos: 180411, ref_seq_len__: 180410
max_occ_ind = 22551
build fm-index ticks = 88468978
Total time taken: 0.1522
Looking to launch executable "/work/users/a/d/adaigle/.conda/envs/TEforest/bin/bwa-mem2.avx2", simd = .avx2
Launching executable "/work/users/a/d/adaigle/.conda/envs/TEforest/bin/bwa-mem2.avx2"
-----------------------------
Executing in AVX2 mode!!
-----------------------------
* SA compression enabled with xfactor: 8
* Ref file: candidate_regions_data/JUT-008_MUN-009/te.fasta
* Entering FMI_search
* Index file found. Loading index from candidate_regions_data/JUT-008_MUN-009/te.fasta.bwt.2bit.64
* Reference seq len for bi-index = 1443283
* sentinel-index: 847868
* Count:
0,	1
1,	427808
2,	721642
3,	1015476
4,	1443283

* Reading other elements of the index from files candidate_regions_data/JUT-008_MUN-009/te.fasta
* Index prefix: candidate_regions_data/JUT-008_MUN-009/te.fasta
* Read 0 ALT contigs
* Done reading Index!!
* Reading reference genome..
* Binary seq file = candidate_regions_data/JUT-008_MUN-009/te.fasta.0123
* Reference genome size: 1443282 bp
* Done reading reference genome !!

------------------------------------------
1. Memory pre-allocation for Chaining: 4458.8284 MB
2. Memory pre-allocation for BSW: 7667.7448 MB
3. Memory pre-allocation for BWT: 2474.0536 MB
------------------------------------------
* Threads used (compute): 32
* No. of pipeline threads: 2

[0000] read_chunk: 320000000, work_chunk_size: 320000240, nseq: 2125208
	[0000][ M::kt_pipeline] read 2125208 sequences (320000240 bp)...
[0000] Reallocating initial memory allocations!!
[0000] Calling mem_process_seqs.., task: 0
[0000] 1. Calling kt_for - worker_bwt
[0000] 2. Calling kt_for - worker_aln
[0000] Inferring insert size distribution of PE reads from data, l_pac: 721641, n: 2125208
[0000][PE] # candidate unique pairs for (FF, FR, RF, RR): (55, 74907, 684, 60)
[0000][PE] analyzing insert size distribution for orientation FF...
[0000][PE] (25, 50, 75) percentile: (284, 1098, 2348)
[0000][PE] low and high boundaries for computing mean and std.dev: (1, 6476)
[0000][PE] mean and std.dev: (1398.44, 1305.93)
[0000][PE] low and high boundaries for proper pairs: (1, 8540)
[0000][PE] analyzing insert size distribution for orientation FR...
[0000][PE] (25, 50, 75) percentile: (350, 414, 491)
[0000][PE] low and high boundaries for computing mean and std.dev: (68, 773)
[0000][PE] mean and std.dev: (416.25, 107.29)
[0000][PE] low and high boundaries for proper pairs: (1, 914)
[0000][PE] analyzing insert size distribution for orientation RF...
[0000][PE] (25, 50, 75) percentile: (1329, 4232, 6621)
[0000][PE] low and high boundaries for computing mean and std.dev: (1, 17205)
[0000][PE] mean and std.dev: (4020.44, 2621.86)
[0000][PE] low and high boundaries for proper pairs: (1, 22497)
[0000][PE] analyzing insert size distribution for orientation RR...
[0000][PE] (25, 50, 75) percentile: (297, 1019, 2013)
[0000][PE] low and high boundaries for computing mean and std.dev: (1, 5445)
[0000][PE] mean and std.dev: (1338.40, 1390.87)
[0000][PE] low and high boundaries for proper pairs: (1, 7161)
[0000][PE] skip orientation FF
[0000][PE] skip orientation RF
[0000][PE] skip orientation RR
[0000] 3. Calling kt_for - worker_sam
	[0000][ M::mem_process_seqs] Processed 2125208 reads in 117.962 CPU sec, 3.818 real sec
[0000] read_chunk: 320000000, work_chunk_size: 320000254, nseq: 2127366
	[0000][ M::kt_pipeline] read 2127366 sequences (320000254 bp)...
[0000] Reallocating initial memory allocations!!
[0000] Calling mem_process_seqs.., task: 1
[0000] 1. Calling kt_for - worker_bwt
[0000] 2. Calling kt_for - worker_aln
[0000] Inferring insert size distribution of PE reads from data, l_pac: 721641, n: 2127366
[0000][PE] # candidate unique pairs for (FF, FR, RF, RR): (64, 76349, 850, 54)
[0000][PE] analyzing insert size distribution for orientation FF...
[0000][PE] (25, 50, 75) percentile: (280, 793, 3484)
[0000][PE] low and high boundaries for computing mean and std.dev: (1, 9892)
[0000][PE] mean and std.dev: (1761.84, 1848.95)
[0000][PE] low and high boundaries for proper pairs: (1, 13096)
[0000][PE] analyzing insert size distribution for orientation FR...
[0000][PE] (25, 50, 75) percentile: (353, 419, 500)
[0000][PE] low and high boundaries for computing mean and std.dev: (59, 794)
[0000][PE] mean and std.dev: (422.55, 111.67)
[0000][PE] low and high boundaries for proper pairs: (1, 941)
[0000][PE] analyzing insert size distribution for orientation RF...
[0000][PE] (25, 50, 75) percentile: (1357, 4323, 6305)
[0000][PE] low and high boundaries for computing mean and std.dev: (1, 16201)
[0000][PE] mean and std.dev: (3911.49, 2432.14)
[0000][PE] low and high boundaries for proper pairs: (1, 21149)
[0000][PE] analyzing insert size distribution for orientation RR...
[0000][PE] (25, 50, 75) percentile: (304, 1157, 2625)
[0000][PE] low and high boundaries for computing mean and std.dev: (1, 7267)
[0000][PE] mean and std.dev: (1675.00, 1675.71)
[0000][PE] low and high boundaries for proper pairs: (1, 9588)
[0000][PE] skip orientation FF
[0000][PE] skip orientation RF
[0000][PE] skip orientation RR
[0000] 3. Calling kt_for - worker_sam
	[0000][ M::mem_process_seqs] Processed 2127366 reads in 121.056 CPU sec, 4.192 real sec
[0000] read_chunk: 320000000, work_chunk_size: 320000214, nseq: 2137732
	[0000][ M::kt_pipeline] read 2137732 sequences (320000214 bp)...
[0000] Reallocating initial memory allocations!!
[0000] Calling mem_process_seqs.., task: 2
[0000] 1. Calling kt_for - worker_bwt
[0000] 2. Calling kt_for - worker_aln
[0000] Inferring insert size distribution of PE reads from data, l_pac: 721641, n: 2137732
[0000][PE] # candidate unique pairs for (FF, FR, RF, RR): (79, 80695, 1377, 61)
[0000][PE] analyzing insert size distribution for orientation FF...
[0000][PE] (25, 50, 75) percentile: (283, 655, 2589)
[0000][PE] low and high boundaries for computing mean and std.dev: (1, 7201)
[0000][PE] mean and std.dev: (1657.65, 1998.19)
[0000][PE] low and high boundaries for proper pairs: (1, 9650)
[0000][PE] analyzing insert size distribution for orientation FR...
[0000][PE] (25, 50, 75) percentile: (390, 466, 559)
[0000][PE] low and high boundaries for computing mean and std.dev: (52, 897)
[0000][PE] mean and std.dev: (471.36, 128.20)
[0000][PE] low and high boundaries for proper pairs: (1, 1066)
[0000][PE] analyzing insert size distribution for orientation RF...
[0000][PE] (25, 50, 75) percentile: (3640, 4763, 4984)
[0000][PE] low and high boundaries for computing mean and std.dev: (952, 7672)
[0000][PE] mean and std.dev: (4459.77, 1496.68)
[0000][PE] low and high boundaries for proper pairs: (1, 10446)
[0000][PE] analyzing insert size distribution for orientation RR...
[0000][PE] (25, 50, 75) percentile: (364, 977, 1845)
[0000][PE] low and high boundaries for computing mean and std.dev: (1, 4807)
[0000][PE] mean and std.dev: (1425.69, 1393.27)
[0000][PE] low and high boundaries for proper pairs: (1, 6999)
[0000][PE] skip orientation FF
[0000][PE] skip orientation RF
[0000][PE] skip orientation RR
[0000] 3. Calling kt_for - worker_sam
	[0000][ M::mem_process_seqs] Processed 2137732 reads in 149.123 CPU sec, 5.282 real sec
[0000] read_chunk: 320000000, work_chunk_size: 320000178, nseq: 2137494
	[0000][ M::kt_pipeline] read 2137494 sequences (320000178 bp)...
[0000] Calling mem_process_seqs.., task: 3
[0000] 1. Calling kt_for - worker_bwt
[0000] 2. Calling kt_for - worker_aln
[0000] Inferring insert size distribution of PE reads from data, l_pac: 721641, n: 2137494
[0000][PE] # candidate unique pairs for (FF, FR, RF, RR): (86, 81252, 1371, 71)
[0000][PE] analyzing insert size distribution for orientation FF...
[0000][PE] (25, 50, 75) percentile: (352, 885, 3601)
[0000][PE] low and high boundaries for computing mean and std.dev: (1, 10099)
[0000][PE] mean and std.dev: (1790.44, 1950.32)
[0000][PE] low and high boundaries for proper pairs: (1, 13348)
[0000][PE] analyzing insert size distribution for orientation FR...
[0000][PE] (25, 50, 75) percentile: (391, 466, 559)
[0000][PE] low and high boundaries for computing mean and std.dev: (55, 895)
[0000][PE] mean and std.dev: (472.38, 127.04)
[0000][PE] low and high boundaries for proper pairs: (1, 1063)
[0000][PE] analyzing insert size distribution for orientation RF...
[0000][PE] (25, 50, 75) percentile: (3663, 4785, 4990)
[0000][PE] low and high boundaries for computing mean and std.dev: (1009, 7644)
[0000][PE] mean and std.dev: (4545.41, 1492.26)
[0000][PE] low and high boundaries for proper pairs: (1, 10514)
[0000][PE] analyzing insert size distribution for orientation RR...
[0000][PE] (25, 50, 75) percentile: (344, 1678, 4208)
[0000][PE] low and high boundaries for computing mean and std.dev: (1, 11936)
[0000][PE] mean and std.dev: (2409.10, 2256.52)
[0000][PE] low and high boundaries for proper pairs: (1, 15800)
[0000][PE] skip orientation FF
[0000][PE] skip orientation RF
[0000][PE] skip orientation RR
[0000] 3. Calling kt_for - worker_sam
	[0000][ M::mem_process_seqs] Processed 2137494 reads in 148.688 CPU sec, 5.184 real sec
[0000] read_chunk: 320000000, work_chunk_size: 320000280, nseq: 2136880
	[0000][ M::kt_pipeline] read 2136880 sequences (320000280 bp)...
[0000] Calling mem_process_seqs.., task: 4
[0000] 1. Calling kt_for - worker_bwt
[0000] 2. Calling kt_for - worker_aln
[0000] Inferring insert size distribution of PE reads from data, l_pac: 721641, n: 2136880
[0000][PE] # candidate unique pairs for (FF, FR, RF, RR): (68, 80938, 1332, 79)
[0000][PE] analyzing insert size distribution for orientation FF...
[0000][PE] (25, 50, 75) percentile: (193, 1194, 3327)
[0000][PE] low and high boundaries for computing mean and std.dev: (1, 9595)
[0000][PE] mean and std.dev: (1851.81, 1994.97)
[0000][PE] low and high boundaries for proper pairs: (1, 12729)
[0000][PE] analyzing insert size distribution for orientation FR...
[0000][PE] (25, 50, 75) percentile: (390, 466, 560)
[0000][PE] low and high boundaries for computing mean and std.dev: (50, 900)
[0000][PE] mean and std.dev: (472.48, 128.59)
[0000][PE] low and high boundaries for proper pairs: (1, 1070)
[0000][PE] analyzing insert size distribution for orientation RF...
[0000][PE] (25, 50, 75) percentile: (3767, 4803, 5052)
[0000][PE] low and high boundaries for computing mean and std.dev: (1197, 7622)
[0000][PE] mean and std.dev: (4750.10, 1355.44)
[0000][PE] low and high boundaries for proper pairs: (1, 10172)
[0000][PE] analyzing insert size distribution for orientation RR...
[0000][PE] (25, 50, 75) percentile: (263, 1278, 3825)
[0000][PE] low and high boundaries for computing mean and std.dev: (1, 10949)
[0000][PE] mean and std.dev: (1989.53, 1881.65)
[0000][PE] low and high boundaries for proper pairs: (1, 14511)
[0000][PE] skip orientation FF
[0000][PE] skip orientation RF
[0000][PE] skip orientation RR
[0000] 3. Calling kt_for - worker_sam
	[0000][ M::mem_process_seqs] Processed 2136880 reads in 149.388 CPU sec, 5.243 real sec
[0000] read_chunk: 320000000, work_chunk_size: 320000274, nseq: 2137324
	[0000][ M::kt_pipeline] read 2137324 sequences (320000274 bp)...
[0000] Calling mem_process_seqs.., task: 5
[0000] 1. Calling kt_for - worker_bwt
[0000] 2. Calling kt_for - worker_aln
[0000] Inferring insert size distribution of PE reads from data, l_pac: 721641, n: 2137324
[0000][PE] # candidate unique pairs for (FF, FR, RF, RR): (68, 80890, 1399, 70)
[0000][PE] analyzing insert size distribution for orientation FF...
[0000][PE] (25, 50, 75) percentile: (477, 1185, 3571)
[0000][PE] low and high boundaries for computing mean and std.dev: (1, 9759)
[0000][PE] mean and std.dev: (1744.53, 1614.61)
[0000][PE] low and high boundaries for proper pairs: (1, 12853)
[0000][PE] analyzing insert size distribution for orientation FR...
[0000][PE] (25, 50, 75) percentile: (392, 467, 560)
[0000][PE] low and high boundaries for computing mean and std.dev: (56, 896)
[0000][PE] mean and std.dev: (472.74, 127.44)
[0000][PE] low and high boundaries for proper pairs: (1, 1064)
[0000][PE] analyzing insert size distribution for orientation RF...
[0000][PE] (25, 50, 75) percentile: (3753, 4794, 4998)
[0000][PE] low and high boundaries for computing mean and std.dev: (1263, 7488)
[0000][PE] mean and std.dev: (4664.23, 1321.87)
[0000][PE] low and high boundaries for proper pairs: (1, 9952)
[0000][PE] analyzing insert size distribution for orientation RR...
[0000][PE] (25, 50, 75) percentile: (341, 790, 3828)
[0000][PE] low and high boundaries for computing mean and std.dev: (1, 10802)
[0000][PE] mean and std.dev: (1896.87, 2116.63)
[0000][PE] low and high boundaries for proper pairs: (1, 14289)
[0000][PE] skip orientation FF
[0000][PE] skip orientation RF
[0000][PE] skip orientation RR
[0000] 3. Calling kt_for - worker_sam
	[0000][ M::mem_process_seqs] Processed 2137324 reads in 148.516 CPU sec, 5.210 real sec
[0000] read_chunk: 320000000, work_chunk_size: 320000102, nseq: 2137394
	[0000][ M::kt_pipeline] read 2137394 sequences (320000102 bp)...
[0000] Calling mem_process_seqs.., task: 6
[0000] 1. Calling kt_for - worker_bwt
[0000] 2. Calling kt_for - worker_aln
[0000] Inferring insert size distribution of PE reads from data, l_pac: 721641, n: 2137394
[0000][PE] # candidate unique pairs for (FF, FR, RF, RR): (81, 81100, 1402, 58)
[0000][PE] analyzing insert size distribution for orientation FF...
[0000][PE] (25, 50, 75) percentile: (260, 608, 2686)
[0000][PE] low and high boundaries for computing mean and std.dev: (1, 7538)
[0000][PE] mean and std.dev: (1576.44, 1853.40)
[0000][PE] low and high boundaries for proper pairs: (1, 9964)
[0000][PE] analyzing insert size distribution for orientation FR...
[0000][PE] (25, 50, 75) percentile: (390, 466, 559)
[0000][PE] low and high boundaries for computing mean and std.dev: (52, 897)
[0000][PE] mean and std.dev: (471.75, 127.11)
[0000][PE] low and high boundaries for proper pairs: (1, 1066)
[0000][PE] analyzing insert size distribution for orientation RF...
[0000][PE] (25, 50, 75) percentile: (3681, 4796, 5007)
[0000][PE] low and high boundaries for computing mean and std.dev: (1029, 7659)
[0000][PE] mean and std.dev: (4537.36, 1461.64)
[0000][PE] low and high boundaries for proper pairs: (1, 10384)
[0000][PE] analyzing insert size distribution for orientation RR...
[0000][PE] (25, 50, 75) percentile: (378, 585, 2851)
[0000][PE] low and high boundaries for computing mean and std.dev: (1, 7797)
[0000][PE] mean and std.dev: (1471.60, 1658.22)
[0000][PE] low and high boundaries for proper pairs: (1, 10270)
[0000][PE] skip orientation FF
[0000][PE] skip orientation RF
[0000][PE] skip orientation RR
[0000] 3. Calling kt_for - worker_sam
	[0000][ M::mem_process_seqs] Processed 2137394 reads in 148.556 CPU sec, 5.145 real sec
[0000] read_chunk: 320000000, work_chunk_size: 320000102, nseq: 2136704
	[0000][ M::kt_pipeline] read 2136704 sequences (320000102 bp)...
[0000] Calling mem_process_seqs.., task: 7
[0000] 1. Calling kt_for - worker_bwt
[0000] 2. Calling kt_for - worker_aln
[0000] Inferring insert size distribution of PE reads from data, l_pac: 721641, n: 2136704
[0000][PE] # candidate unique pairs for (FF, FR, RF, RR): (75, 81456, 1350, 68)
[0000][PE] analyzing insert size distribution for orientation FF...
[0000][PE] (25, 50, 75) percentile: (364, 704, 3891)
[0000][PE] low and high boundaries for computing mean and std.dev: (1, 10945)
[0000][PE] mean and std.dev: (1914.69, 2100.04)
[0000][PE] low and high boundaries for proper pairs: (1, 14472)
[0000][PE] analyzing insert size distribution for orientation FR...
[0000][PE] (25, 50, 75) percentile: (390, 468, 561)
[0000][PE] low and high boundaries for computing mean and std.dev: (48, 903)
[0000][PE] mean and std.dev: (473.41, 129.06)
[0000][PE] low and high boundaries for proper pairs: (1, 1074)
[0000][PE] analyzing insert size distribution for orientation RF...
[0000][PE] (25, 50, 75) percentile: (3243, 4767, 5016)
[0000][PE] low and high boundaries for computing mean and std.dev: (1, 8562)
[0000][PE] mean and std.dev: (4235.17, 1941.63)
[0000][PE] low and high boundaries for proper pairs: (1, 12002)
[0000][PE] analyzing insert size distribution for orientation RR...
[0000][PE] (25, 50, 75) percentile: (286, 873, 4078)
[0000][PE] low and high boundaries for computing mean and std.dev: (1, 11662)
[0000][PE] mean and std.dev: (1983.78, 2115.18)
[0000][PE] low and high boundaries for proper pairs: (1, 15454)
[0000][PE] skip orientation FF
[0000][PE] skip orientation RF
[0000][PE] skip orientation RR
[0000] 3. Calling kt_for - worker_sam
	[0000][ M::mem_process_seqs] Processed 2136704 reads in 148.045 CPU sec, 5.172 real sec
[0000] read_chunk: 320000000, work_chunk_size: 320000100, nseq: 2136554
	[0000][ M::kt_pipeline] read 2136554 sequences (320000100 bp)...
[0000] Calling mem_process_seqs.., task: 8
[0000] 1. Calling kt_for - worker_bwt
[0000] 2. Calling kt_for - worker_aln
[0000] Inferring insert size distribution of PE reads from data, l_pac: 721641, n: 2136554
[0000][PE] # candidate unique pairs for (FF, FR, RF, RR): (72, 80762, 1355, 78)
[0000][PE] analyzing insert size distribution for orientation FF...
[0000][PE] (25, 50, 75) percentile: (392, 633, 2584)
[0000][PE] low and high boundaries for computing mean and std.dev: (1, 6968)
[0000][PE] mean and std.dev: (1481.73, 1574.32)
[0000][PE] low and high boundaries for proper pairs: (1, 9160)
[0000][PE] analyzing insert size distribution for orientation FR...
[0000][PE] (25, 50, 75) percentile: (392, 469, 562)
[0000][PE] low and high boundaries for computing mean and std.dev: (52, 902)
[0000][PE] mean and std.dev: (474.61, 128.50)
[0000][PE] low and high boundaries for proper pairs: (1, 1072)
[0000][PE] analyzing insert size distribution for orientation RF...
[0000][PE] (25, 50, 75) percentile: (3691, 4765, 4991)
[0000][PE] low and high boundaries for computing mean and std.dev: (1091, 7591)
[0000][PE] mean and std.dev: (4552.35, 1433.25)
[0000][PE] low and high boundaries for proper pairs: (1, 10285)
[0000][PE] analyzing insert size distribution for orientation RR...
[0000][PE] (25, 50, 75) percentile: (314, 853, 2719)
[0000][PE] low and high boundaries for computing mean and std.dev: (1, 7529)
[0000][PE] mean and std.dev: (1655.97, 1862.49)
[0000][PE] low and high boundaries for proper pairs: (1, 9934)
[0000][PE] skip orientation FF
[0000][PE] skip orientation RF
[0000][PE] skip orientation RR
[0000] 3. Calling kt_for - worker_sam
	[0000][ M::mem_process_seqs] Processed 2136554 reads in 148.678 CPU sec, 5.272 real sec
[0000] read_chunk: 320000000, work_chunk_size: 166152286, nseq: 1109406
	[0000][ M::kt_pipeline] read 1109406 sequences (166152286 bp)...
[0000] Calling mem_process_seqs.., task: 9
[0000] 1. Calling kt_for - worker_bwt
[0000] 2. Calling kt_for - worker_aln
[0000] Inferring insert size distribution of PE reads from data, l_pac: 721641, n: 1109406
[0000][PE] # candidate unique pairs for (FF, FR, RF, RR): (40, 41951, 756, 36)
[0000][PE] analyzing insert size distribution for orientation FF...
[0000][PE] (25, 50, 75) percentile: (383, 1947, 4322)
[0000][PE] low and high boundaries for computing mean and std.dev: (1, 12200)
[0000][PE] mean and std.dev: (2361.88, 2025.81)
[0000][PE] low and high boundaries for proper pairs: (1, 16139)
[0000][PE] analyzing insert size distribution for orientation FR...
[0000][PE] (25, 50, 75) percentile: (393, 469, 564)
[0000][PE] low and high boundaries for computing mean and std.dev: (51, 906)
[0000][PE] mean and std.dev: (475.82, 129.69)
[0000][PE] low and high boundaries for proper pairs: (1, 1077)
[0000][PE] analyzing insert size distribution for orientation RF...
[0000][PE] (25, 50, 75) percentile: (3786, 4785, 5019)
[0000][PE] low and high boundaries for computing mean and std.dev: (1320, 7485)
[0000][PE] mean and std.dev: (4765.29, 1299.55)
[0000][PE] low and high boundaries for proper pairs: (1, 9963)
[0000][PE] analyzing insert size distribution for orientation RR...
[0000][PE] (25, 50, 75) percentile: (344, 731, 4069)
[0000][PE] low and high boundaries for computing mean and std.dev: (1, 11519)
[0000][PE] mean and std.dev: (1967.39, 2084.69)
[0000][PE] low and high boundaries for proper pairs: (1, 15244)
[0000][PE] skip orientation FF
[0000][PE] skip orientation RF
[0000][PE] skip orientation RR
[0000] 3. Calling kt_for - worker_sam
	[0000][ M::mem_process_seqs] Processed 1109406 reads in 76.495 CPU sec, 2.690 real sec
[0000] read_chunk: 320000000, work_chunk_size: 0, nseq: 0
[0000] read_chunk: 320000000, work_chunk_size: 0, nseq: 0
[0000] Computation ends..
No. of OMP threads: 32
Processor is running @2645.133010 MHz
Runtime profile:

	Time taken for main_mem function: 71.31 sec

	IO times (sec) :
	Reading IO time (reads) avg: 23.40, (23.40, 23.40)
	Writing IO time (SAM) avg: 61.96, (61.96, 61.96)
	Reading IO time (Reference Genome) avg: 0.00, (0.00, 0.00)
	Index read time avg: 0.00, (0.00, 0.00)

	Overall time (sec) (Excluding Index reading time):
	PROCESS() (Total compute time + (read + SAM) IO time) : 71.31
	MEM_PROCESS_SEQ() (Total compute time (Kernel + SAM)), avg: 47.21, (47.21, 47.21)

	 SAM Processing time (sec):
	--WORKER_SAM avg: 13.90, (13.90, 13.90)

	Kernels' compute time (sec):
	Total kernel (smem+sal+bsw) time avg: 33.13, (33.13, 33.13)
		SMEM compute avg: 23.56, (23.70, 23.41)
		SAL compute avg: 0.72, (0.78, 0.66)
				MEM_SA avg: 0.34, (0.38, 0.30)

		BSW time, avg: 7.44, (7.54, 7.24)

Important parameter settings: 
	BATCH_SIZE: 512
	MAX_SEQ_LEN_REF: 256
	MAX_SEQ_LEN_QER: 128
	MAX_SEQ_LEN8: 128
	SEEDS_PER_READ: 500
	SIMD_WIDTH8 X: 32
	SIMD_WIDTH16 X: 16
	AVG_SEEDS_PER_READ: 64
[bam_sort_core] merging from 0 files and 32 in-memory blocks...
Running 32 families at a time, 1 thread(s) each
=== [Penelope] starting in candidate_regions_data/JUT-008_MUN-009/Penelope.Q0Wt ===
[Penelope] contig count: 1  (Penelope)
[Penelope] hits.bam reads: 2
[Penelope] qname count:  1
[Penelope] pair.bam reads: 2
[M::bam2fq_mainloop] discarded 0 singletons
[M::bam2fq_mainloop] processed 2 reads
[Penelope] FASTQ1 lines: 4
[Penelope] FASTQ2 lines: 4
Looking to launch executable "/work/users/a/d/adaigle/.conda/envs/TEforest/bin/bwa-mem2.avx2", simd = .avx2
Launching executable "/work/users/a/d/adaigle/.conda/envs/TEforest/bin/bwa-mem2.avx2"
-----------------------------
Executing in AVX2 mode!!
-----------------------------
* SA compression enabled with xfactor: 8
* Ref file: fastp/ref_genome
* Entering FMI_search
* Index file found. Loading index from fastp/ref_genome.bwt.2bit.64
* Reference seq len for bi-index = 288895287
* sentinel-index: 149660069
* Count:
0,	1
1,	83687631
2,	144447644
3,	205207657
4,	288895287

* Reading other elements of the index from files fastp/ref_genome
* Index prefix: fastp/ref_genome
* Read 0 ALT contigs
* Done reading Index!!
* Reading reference genome..
* Binary seq file = fastp/ref_genome.0123
* Reference genome size: 288895286 bp
* Done reading reference genome !!

------------------------------------------
1. Memory pre-allocation for Chaining: 139.3584 MB
2. Memory pre-allocation for BSW: 239.6170 MB
3. Memory pre-allocation for BWT: 77.3142 MB
------------------------------------------
* Threads used (compute): 1
* No. of pipeline threads: 2

[0000] read_chunk: 10000000, work_chunk_size: 302, nseq: 2
	[0000][ M::kt_pipeline] read 2 sequences (302 bp)...
[0000] Calling mem_process_seqs.., task: 0
[0000] 1. Calling kt_for - worker_bwt
[0000] read_chunk: 10000000, work_chunk_size: 0, nseq: 0
[0000] 2. Calling kt_for - worker_aln
[0000] Inferring insert size distribution of PE reads from data, l_pac: 144447643, n: 2
[0000][PE] # candidate unique pairs for (FF, FR, RF, RR): (0, 1, 0, 0)
[0000][PE] skip orientation FF as there are not enough pairs
[0000][PE] skip orientation FR as there are not enough pairs
[0000][PE] skip orientation RF as there are not enough pairs
[0000][PE] skip orientation RR as there are not enough pairs
[0000] 3. Calling kt_for - worker_sam
	[0000][ M::mem_process_seqs] Processed 2 reads in 0.000 CPU sec, 0.001 real sec
[0000] read_chunk: 10000000, work_chunk_size: 0, nseq: 0
[0000] Computation ends..
No. of OMP threads: 1
Processor is running @2645.194278 MHz
Runtime profile:

	Time taken for main_mem function: 0.44 sec

	IO times (sec) :
	Reading IO time (reads) avg: 0.00, (0.00, 0.00)
	Writing IO time (SAM) avg: 0.00, (0.00, 0.00)
	Reading IO time (Reference Genome) avg: 0.14, (0.14, 0.14)
	Index read time avg: 0.25, (0.25, 0.25)

	Overall time (sec) (Excluding Index reading time):
	PROCESS() (Total compute time + (read + SAM) IO time) : 0.00
	MEM_PROCESS_SEQ() (Total compute time (Kernel + SAM)), avg: 0.00, (0.00, 0.00)

	 SAM Processing time (sec):
	--WORKER_SAM avg: 0.00, (0.00, 0.00)

	Kernels' compute time (sec):
	Total kernel (smem+sal+bsw) time avg: 0.00, (0.00, 0.00)
		SMEM compute avg: 0.00, (0.00, 0.00)
		SAL compute avg: 0.00, (0.00, 0.00)
				MEM_SA avg: 0.00, (0.00, 0.00)

		BSW time, avg: 0.00, (0.00, 0.00)

Important parameter settings: 
	BATCH_SIZE: 512
	MAX_SEQ_LEN_REF: 256
	MAX_SEQ_LEN_QER: 128
	MAX_SEQ_LEN8: 128
	SEEDS_PER_READ: 500
	SIMD_WIDTH8 X: 32
	SIMD_WIDTH16 X: 16
	AVG_SEEDS_PER_READ: 64
## filter-stats: kept 2; removed 0
[Penelope] final BAM reads: 2
=== [Penelope] done ===
=== [Bari2] starting in candidate_regions_data/JUT-008_MUN-009/Bari2.Hjyk ===
[Bari2] contig count: 1  (Bari2)
[Bari2] hits.bam reads: 952
[Bari2] qname count:  486
[Bari2] pair.bam reads: 1000
[M::bam2fq_mainloop] discarded 0 singletons
[M::bam2fq_mainloop] processed 972 reads
[Bari2] FASTQ1 lines: 1944
[Bari2] FASTQ2 lines: 1944
Looking to launch executable "/work/users/a/d/adaigle/.conda/envs/TEforest/bin/bwa-mem2.avx2", simd = .avx2
Launching executable "/work/users/a/d/adaigle/.conda/envs/TEforest/bin/bwa-mem2.avx2"
-----------------------------
Executing in AVX2 mode!!
-----------------------------
* SA compression enabled with xfactor: 8
* Ref file: fastp/ref_genome
* Entering FMI_search
* Index file found. Loading index from fastp/ref_genome.bwt.2bit.64
* Reference seq len for bi-index = 288895287
* sentinel-index: 149660069
* Count:
0,	1
1,	83687631
2,	144447644
3,	205207657
4,	288895287

* Reading other elements of the index from files fastp/ref_genome
* Index prefix: fastp/ref_genome
* Read 0 ALT contigs
* Done reading Index!!
* Reading reference genome..
* Binary seq file = fastp/ref_genome.0123
* Reference genome size: 288895286 bp
* Done reading reference genome !!

------------------------------------------
1. Memory pre-allocation for Chaining: 139.3584 MB
2. Memory pre-allocation for BSW: 239.6170 MB
3. Memory pre-allocation for BWT: 77.3142 MB
------------------------------------------
* Threads used (compute): 1
* No. of pipeline threads: 2

[0000] read_chunk: 10000000, work_chunk_size: 146636, nseq: 972
	[0000][ M::kt_pipeline] read 972 sequences (146636 bp)...
[0000] Calling mem_process_seqs.., task: 0
[0000] 1. Calling kt_for - worker_bwt
[0000] read_chunk: 10000000, work_chunk_size: 0, nseq: 0
[0000] 2. Calling kt_for - worker_aln
[0000] Inferring insert size distribution of PE reads from data, l_pac: 144447643, n: 972
[0000][PE] # candidate unique pairs for (FF, FR, RF, RR): (0, 344, 0, 0)
[0000][PE] skip orientation FF as there are not enough pairs
[0000][PE] analyzing insert size distribution for orientation FR...
[0000][PE] (25, 50, 75) percentile: (385, 448, 542)
[0000][PE] low and high boundaries for computing mean and std.dev: (71, 856)
[0000][PE] mean and std.dev: (454.91, 113.01)
[0000][PE] low and high boundaries for proper pairs: (1, 1013)
[0000][PE] skip orientation RF as there are not enough pairs
[0000][PE] skip orientation RR as there are not enough pairs
[0000] 3. Calling kt_for - worker_sam
	[0000][ M::mem_process_seqs] Processed 972 reads in 0.082 CPU sec, 0.084 real sec
[0000] read_chunk: 10000000, work_chunk_size: 0, nseq: 0
[0000] Computation ends..
No. of OMP threads: 1
Processor is running @2645.196663 MHz
Runtime profile:

	Time taken for main_mem function: 0.60 sec

	IO times (sec) :
	Reading IO time (reads) avg: 0.00, (0.00, 0.00)
	Writing IO time (SAM) avg: 0.01, (0.01, 0.01)
	Reading IO time (Reference Genome) avg: 0.14, (0.14, 0.14)
	Index read time avg: 0.26, (0.26, 0.26)

	Overall time (sec) (Excluding Index reading time):
	PROCESS() (Total compute time + (read + SAM) IO time) : 0.10
	MEM_PROCESS_SEQ() (Total compute time (Kernel + SAM)), avg: 0.08, (0.08, 0.08)

	 SAM Processing time (sec):
	--WORKER_SAM avg: 0.02, (0.02, 0.02)

	Kernels' compute time (sec):
	Total kernel (smem+sal+bsw) time avg: 0.06, (0.06, 0.06)
		SMEM compute avg: 0.03, (0.03, 0.03)
		SAL compute avg: 0.01, (0.01, 0.01)
				MEM_SA avg: 0.00, (0.00, 0.00)

		BSW time, avg: 0.03, (0.03, 0.03)

Important parameter settings: 
	BATCH_SIZE: 512
	MAX_SEQ_LEN_REF: 256
	MAX_SEQ_LEN_QER: 128
	MAX_SEQ_LEN8: 128
	SEEDS_PER_READ: 500
	SIMD_WIDTH8 X: 32
	SIMD_WIDTH16 X: 16
	AVG_SEEDS_PER_READ: 64
## filter-stats: kept 130; removed 867
[Bari2] final BAM reads: 130
=== [Bari2] done ===
=== [TART_B] starting in candidate_regions_data/JUT-008_MUN-009/TART_B.3bjj ===
[TART_B] contig count: 1  (TART_B)
[TART_B] hits.bam reads: 1158
[TART_B] qname count:  626
[TART_B] pair.bam reads: 1281
[M::bam2fq_mainloop] discarded 0 singletons
[M::bam2fq_mainloop] processed 1252 reads
[TART_B] FASTQ1 lines: 2504
[TART_B] FASTQ2 lines: 2504
Looking to launch executable "/work/users/a/d/adaigle/.conda/envs/TEforest/bin/bwa-mem2.avx2", simd = .avx2
Launching executable "/work/users/a/d/adaigle/.conda/envs/TEforest/bin/bwa-mem2.avx2"
-----------------------------
Executing in AVX2 mode!!
-----------------------------
* SA compression enabled with xfactor: 8
* Ref file: fastp/ref_genome
* Entering FMI_search
* Index file found. Loading index from fastp/ref_genome.bwt.2bit.64
* Reference seq len for bi-index = 288895287
* sentinel-index: 149660069
* Count:
0,	1
1,	83687631
2,	144447644
3,	205207657
4,	288895287

* Reading other elements of the index from files fastp/ref_genome
* Index prefix: fastp/ref_genome
* Read 0 ALT contigs
* Done reading Index!!
* Reading reference genome..
* Binary seq file = fastp/ref_genome.0123
* Reference genome size: 288895286 bp
* Done reading reference genome !!

------------------------------------------
1. Memory pre-allocation for Chaining: 139.3584 MB
2. Memory pre-allocation for BSW: 239.6170 MB
3. Memory pre-allocation for BWT: 77.3142 MB
------------------------------------------
* Threads used (compute): 1
* No. of pipeline threads: 2

[0000] read_chunk: 10000000, work_chunk_size: 188846, nseq: 1252
	[0000][ M::kt_pipeline] read 1252 sequences (188846 bp)...
[0000] Calling mem_process_seqs.., task: 0
[0000] 1. Calling kt_for - worker_bwt
[0000] read_chunk: 10000000, work_chunk_size: 0, nseq: 0
[0000] 2. Calling kt_for - worker_aln
[0000] Inferring insert size distribution of PE reads from data, l_pac: 144447643, n: 1252
[0000][PE] # candidate unique pairs for (FF, FR, RF, RR): (0, 58, 0, 0)
[0000][PE] skip orientation FF as there are not enough pairs
[0000][PE] analyzing insert size distribution for orientation FR...
[0000][PE] (25, 50, 75) percentile: (249, 384, 465)
[0000][PE] low and high boundaries for computing mean and std.dev: (1, 897)
[0000][PE] mean and std.dev: (377.36, 151.46)
[0000][PE] low and high boundaries for proper pairs: (1, 1113)
[0000][PE] skip orientation RF as there are not enough pairs
[0000][PE] skip orientation RR as there are not enough pairs
[0000] 3. Calling kt_for - worker_sam
	[0000][ M::mem_process_seqs] Processed 1252 reads in 0.240 CPU sec, 0.243 real sec
[0000] read_chunk: 10000000, work_chunk_size: 0, nseq: 0
[0000] Computation ends..
No. of OMP threads: 1
Processor is running @2645.195523 MHz
Runtime profile:

	Time taken for main_mem function: 0.82 sec

	IO times (sec) :
	Reading IO time (reads) avg: 0.00, (0.00, 0.00)
	Writing IO time (SAM) avg: 0.02, (0.02, 0.02)
	Reading IO time (Reference Genome) avg: 0.14, (0.14, 0.14)
	Index read time avg: 0.25, (0.25, 0.25)

	Overall time (sec) (Excluding Index reading time):
	PROCESS() (Total compute time + (read + SAM) IO time) : 0.27
	MEM_PROCESS_SEQ() (Total compute time (Kernel + SAM)), avg: 0.24, (0.24, 0.24)

	 SAM Processing time (sec):
	--WORKER_SAM avg: 0.12, (0.12, 0.12)

	Kernels' compute time (sec):
	Total kernel (smem+sal+bsw) time avg: 0.13, (0.13, 0.13)
		SMEM compute avg: 0.04, (0.04, 0.04)
		SAL compute avg: 0.01, (0.01, 0.01)
				MEM_SA avg: 0.01, (0.01, 0.01)

		BSW time, avg: 0.07, (0.07, 0.07)

Important parameter settings: 
	BATCH_SIZE: 512
	MAX_SEQ_LEN_REF: 256
	MAX_SEQ_LEN_QER: 128
	MAX_SEQ_LEN8: 128
	SEEDS_PER_READ: 500
	SIMD_WIDTH8 X: 32
	SIMD_WIDTH16 X: 16
	AVG_SEEDS_PER_READ: 64
## filter-stats: kept 326; removed 973
[TART_B] final BAM reads: 326
=== [TART_B] done ===
=== [Osvaldo] starting in candidate_regions_data/JUT-008_MUN-009/Osvaldo.Gb7X ===
[Osvaldo] contig count: 1  (Osvaldo)
[Osvaldo] hits.bam reads: 1427
[Osvaldo] qname count:  830
[Osvaldo] pair.bam reads: 1755
[M::bam2fq_mainloop] discarded 0 singletons
[M::bam2fq_mainloop] processed 1660 reads
[Osvaldo] FASTQ1 lines: 3320
[Osvaldo] FASTQ2 lines: 3320
Looking to launch executable "/work/users/a/d/adaigle/.conda/envs/TEforest/bin/bwa-mem2.avx2", simd = .avx2
Launching executable "/work/users/a/d/adaigle/.conda/envs/TEforest/bin/bwa-mem2.avx2"
-----------------------------
Executing in AVX2 mode!!
-----------------------------
* SA compression enabled with xfactor: 8
* Ref file: fastp/ref_genome
* Entering FMI_search
* Index file found. Loading index from fastp/ref_genome.bwt.2bit.64
* Reference seq len for bi-index = 288895287
* sentinel-index: 149660069
* Count:
0,	1
1,	83687631
2,	144447644
3,	205207657
4,	288895287

* Reading other elements of the index from files fastp/ref_genome
* Index prefix: fastp/ref_genome
* Read 0 ALT contigs
* Done reading Index!!
* Reading reference genome..
* Binary seq file = fastp/ref_genome.0123
* Reference genome size: 288895286 bp
* Done reading reference genome !!

------------------------------------------
1. Memory pre-allocation for Chaining: 139.3584 MB
2. Memory pre-allocation for BSW: 239.6170 MB
3. Memory pre-allocation for BWT: 77.3142 MB
------------------------------------------
* Threads used (compute): 1
* No. of pipeline threads: 2

[0000] read_chunk: 10000000, work_chunk_size: 250660, nseq: 1660
	[0000][ M::kt_pipeline] read 1660 sequences (250660 bp)...
[0000] Calling mem_process_seqs.., task: 0
[0000] 1. Calling kt_for - worker_bwt
[0000] read_chunk: 10000000, work_chunk_size: 0, nseq: 0
[0000] 2. Calling kt_for - worker_aln
[0000] Inferring insert size distribution of PE reads from data, l_pac: 144447643, n: 1660
[0000][PE] # candidate unique pairs for (FF, FR, RF, RR): (0, 435, 3, 0)
[0000][PE] skip orientation FF as there are not enough pairs
[0000][PE] analyzing insert size distribution for orientation FR...
[0000][PE] (25, 50, 75) percentile: (383, 456, 536)
[0000][PE] low and high boundaries for computing mean and std.dev: (77, 842)
[0000][PE] mean and std.dev: (457.14, 115.64)
[0000][PE] low and high boundaries for proper pairs: (1, 995)
[0000][PE] skip orientation RF as there are not enough pairs
[0000][PE] skip orientation RR as there are not enough pairs
[0000] 3. Calling kt_for - worker_sam
	[0000][ M::mem_process_seqs] Processed 1660 reads in 0.326 CPU sec, 0.330 real sec
[0000] read_chunk: 10000000, work_chunk_size: 0, nseq: 0
[0000] Computation ends..
No. of OMP threads: 1
Processor is running @2645.205779 MHz
Runtime profile:

	Time taken for main_mem function: 0.91 sec

	IO times (sec) :
	Reading IO time (reads) avg: 0.00, (0.00, 0.00)
	Writing IO time (SAM) avg: 0.02, (0.02, 0.02)
	Reading IO time (Reference Genome) avg: 0.15, (0.15, 0.15)
	Index read time avg: 0.29, (0.29, 0.29)

	Overall time (sec) (Excluding Index reading time):
	PROCESS() (Total compute time + (read + SAM) IO time) : 0.36
	MEM_PROCESS_SEQ() (Total compute time (Kernel + SAM)), avg: 0.33, (0.33, 0.33)

	 SAM Processing time (sec):
	--WORKER_SAM avg: 0.17, (0.17, 0.17)

	Kernels' compute time (sec):
	Total kernel (smem+sal+bsw) time avg: 0.16, (0.16, 0.16)
		SMEM compute avg: 0.05, (0.05, 0.05)
		SAL compute avg: 0.01, (0.01, 0.01)
				MEM_SA avg: 0.01, (0.01, 0.01)

		BSW time, avg: 0.09, (0.09, 0.09)

Important parameter settings: 
	BATCH_SIZE: 512
	MAX_SEQ_LEN_REF: 256
	MAX_SEQ_LEN_QER: 128
	MAX_SEQ_LEN8: 128
	SEEDS_PER_READ: 500
	SIMD_WIDTH8 X: 32
	SIMD_WIDTH16 X: 16
	AVG_SEEDS_PER_READ: 64
## filter-stats: kept 322; removed 1376
[Osvaldo] final BAM reads: 322
=== [Osvaldo] done ===
=== [G7] starting in candidate_regions_data/JUT-008_MUN-009/G7.RYVs ===
[G7] contig count: 1  (G7)
[G7] hits.bam reads: 389
[G7] qname count:  200
[G7] pair.bam reads: 400
[M::bam2fq_mainloop] discarded 0 singletons
[M::bam2fq_mainloop] processed 400 reads
[G7] FASTQ1 lines: 800
[G7] FASTQ2 lines: 800
Looking to launch executable "/work/users/a/d/adaigle/.conda/envs/TEforest/bin/bwa-mem2.avx2", simd = .avx2
Launching executable "/work/users/a/d/adaigle/.conda/envs/TEforest/bin/bwa-mem2.avx2"
-----------------------------
Executing in AVX2 mode!!
-----------------------------
* SA compression enabled with xfactor: 8
* Ref file: fastp/ref_genome
* Entering FMI_search
* Index file found. Loading index from fastp/ref_genome.bwt.2bit.64
* Reference seq len for bi-index = 288895287
* sentinel-index: 149660069
* Count:
0,	1
1,	83687631
2,	144447644
3,	205207657
4,	288895287

* Reading other elements of the index from files fastp/ref_genome
* Index prefix: fastp/ref_genome
* Read 0 ALT contigs
* Done reading Index!!
* Reading reference genome..
* Binary seq file = fastp/ref_genome.0123
* Reference genome size: 288895286 bp
* Done reading reference genome !!

------------------------------------------
1. Memory pre-allocation for Chaining: 139.3584 MB
2. Memory pre-allocation for BSW: 239.6170 MB
3. Memory pre-allocation for BWT: 77.3142 MB
------------------------------------------
* Threads used (compute): 1
* No. of pipeline threads: 2

[0000] read_chunk: 10000000, work_chunk_size: 60328, nseq: 400
	[0000][ M::kt_pipeline] read 400 sequences (60328 bp)...
[0000] Calling mem_process_seqs.., task: 0
[0000] 1. Calling kt_for - worker_bwt
[0000] read_chunk: 10000000, work_chunk_size: 0, nseq: 0
[0000] 2. Calling kt_for - worker_aln
[0000] Inferring insert size distribution of PE reads from data, l_pac: 144447643, n: 400
[0000][PE] # candidate unique pairs for (FF, FR, RF, RR): (0, 90, 0, 0)
[0000][PE] skip orientation FF as there are not enough pairs
[0000][PE] analyzing insert size distribution for orientation FR...
[0000][PE] (25, 50, 75) percentile: (389, 460, 552)
[0000][PE] low and high boundaries for computing mean and std.dev: (63, 878)
[0000][PE] mean and std.dev: (473.82, 145.69)
[0000][PE] low and high boundaries for proper pairs: (1, 1057)
[0000][PE] skip orientation RF as there are not enough pairs
[0000][PE] skip orientation RR as there are not enough pairs
[0000] 3. Calling kt_for - worker_sam
	[0000][ M::mem_process_seqs] Processed 400 reads in 0.039 CPU sec, 0.041 real sec
[0000] read_chunk: 10000000, work_chunk_size: 0, nseq: 0
[0000] Computation ends..
No. of OMP threads: 1
Processor is running @2645.265828 MHz
Runtime profile:

	Time taken for main_mem function: 0.71 sec

	IO times (sec) :
	Reading IO time (reads) avg: 0.00, (0.00, 0.00)
	Writing IO time (SAM) avg: 0.01, (0.01, 0.01)
	Reading IO time (Reference Genome) avg: 0.17, (0.17, 0.17)
	Index read time avg: 0.38, (0.38, 0.38)

	Overall time (sec) (Excluding Index reading time):
	PROCESS() (Total compute time + (read + SAM) IO time) : 0.05
	MEM_PROCESS_SEQ() (Total compute time (Kernel + SAM)), avg: 0.04, (0.04, 0.04)

	 SAM Processing time (sec):
	--WORKER_SAM avg: 0.01, (0.01, 0.01)

	Kernels' compute time (sec):
	Total kernel (smem+sal+bsw) time avg: 0.03, (0.03, 0.03)
		SMEM compute avg: 0.02, (0.02, 0.02)
		SAL compute avg: 0.00, (0.00, 0.00)
				MEM_SA avg: 0.00, (0.00, 0.00)

		BSW time, avg: 0.01, (0.01, 0.01)

Important parameter settings: 
	BATCH_SIZE: 512
	MAX_SEQ_LEN_REF: 256
	MAX_SEQ_LEN_QER: 128
	MAX_SEQ_LEN8: 128
	SEEDS_PER_READ: 500
	SIMD_WIDTH8 X: 32
	SIMD_WIDTH16 X: 16
	AVG_SEEDS_PER_READ: 64
## filter-stats: kept 14; removed 387
[G7] final BAM reads: 14
=== [G7] done ===
=== [Invader5] starting in candidate_regions_data/JUT-008_MUN-009/Invader5.stnK ===
[Invader5] contig count: 1  (Invader5)
[Invader5] hits.bam reads: 1837
[Invader5] qname count:  974
[Invader5] pair.bam reads: 2032
[M::bam2fq_mainloop] discarded 0 singletons
[M::bam2fq_mainloop] processed 1948 reads
[Invader5] FASTQ1 lines: 3896
[Invader5] FASTQ2 lines: 3896
Looking to launch executable "/work/users/a/d/adaigle/.conda/envs/TEforest/bin/bwa-mem2.avx2", simd = .avx2
Launching executable "/work/users/a/d/adaigle/.conda/envs/TEforest/bin/bwa-mem2.avx2"
-----------------------------
Executing in AVX2 mode!!
-----------------------------
* SA compression enabled with xfactor: 8
* Ref file: fastp/ref_genome
* Entering FMI_search
* Index file found. Loading index from fastp/ref_genome.bwt.2bit.64
* Reference seq len for bi-index = 288895287
* sentinel-index: 149660069
* Count:
0,	1
1,	83687631
2,	144447644
3,	205207657
4,	288895287

* Reading other elements of the index from files fastp/ref_genome
* Index prefix: fastp/ref_genome
* Read 0 ALT contigs
* Done reading Index!!
* Reading reference genome..
* Binary seq file = fastp/ref_genome.0123
* Reference genome size: 288895286 bp
* Done reading reference genome !!

------------------------------------------
1. Memory pre-allocation for Chaining: 139.3584 MB
2. Memory pre-allocation for BSW: 239.6170 MB
3. Memory pre-allocation for BWT: 77.3142 MB
------------------------------------------
* Threads used (compute): 1
* No. of pipeline threads: 2

[0000] read_chunk: 10000000, work_chunk_size: 294148, nseq: 1948
	[0000][ M::kt_pipeline] read 1948 sequences (294148 bp)...
[0000] Calling mem_process_seqs.., task: 0
[0000] 1. Calling kt_for - worker_bwt
[0000] read_chunk: 10000000, work_chunk_size: 0, nseq: 0
[0000] 2. Calling kt_for - worker_aln
[0000] Inferring insert size distribution of PE reads from data, l_pac: 144447643, n: 1948
[0000][PE] # candidate unique pairs for (FF, FR, RF, RR): (0, 646, 0, 0)
[0000][PE] skip orientation FF as there are not enough pairs
[0000][PE] analyzing insert size distribution for orientation FR...
[0000][PE] (25, 50, 75) percentile: (388, 454, 542)
[0000][PE] low and high boundaries for computing mean and std.dev: (80, 850)
[0000][PE] mean and std.dev: (458.58, 112.97)
[0000][PE] low and high boundaries for proper pairs: (1, 1004)
[0000][PE] skip orientation RF as there are not enough pairs
[0000][PE] skip orientation RR as there are not enough pairs
[0000] 3. Calling kt_for - worker_sam
	[0000][ M::mem_process_seqs] Processed 1948 reads in 0.337 CPU sec, 0.344 real sec
[0000] read_chunk: 10000000, work_chunk_size: 0, nseq: 0
[0000] Computation ends..
No. of OMP threads: 1
Processor is running @2645.199525 MHz
Runtime profile:

	Time taken for main_mem function: 0.96 sec

	IO times (sec) :
	Reading IO time (reads) avg: 0.00, (0.00, 0.00)
	Writing IO time (SAM) avg: 0.04, (0.04, 0.04)
	Reading IO time (Reference Genome) avg: 0.19, (0.19, 0.19)
	Index read time avg: 0.27, (0.27, 0.27)

	Overall time (sec) (Excluding Index reading time):
	PROCESS() (Total compute time + (read + SAM) IO time) : 0.39
	MEM_PROCESS_SEQ() (Total compute time (Kernel + SAM)), avg: 0.34, (0.34, 0.34)

	 SAM Processing time (sec):
	--WORKER_SAM avg: 0.10, (0.10, 0.10)

	Kernels' compute time (sec):
	Total kernel (smem+sal+bsw) time avg: 0.24, (0.24, 0.24)
		SMEM compute avg: 0.13, (0.13, 0.13)
		SAL compute avg: 0.02, (0.02, 0.02)
				MEM_SA avg: 0.02, (0.02, 0.02)

		BSW time, avg: 0.08, (0.08, 0.08)

Important parameter settings: 
	BATCH_SIZE: 512
	MAX_SEQ_LEN_REF: 256
	MAX_SEQ_LEN_QER: 128
	MAX_SEQ_LEN8: 128
	SEEDS_PER_READ: 500
	SIMD_WIDTH8 X: 32
	SIMD_WIDTH16 X: 16
	AVG_SEEDS_PER_READ: 64
## filter-stats: kept 245; removed 1755
[Invader5] final BAM reads: 245
=== [Invader5] done ===
=== [R1_2] starting in candidate_regions_data/JUT-008_MUN-009/R1_2.6dDQ ===
[R1_2] contig count: 1  (R1_2)
[R1_2] hits.bam reads: 2174
[R1_2] qname count:  1111
[R1_2] pair.bam reads: 2386
[M::bam2fq_mainloop] discarded 0 singletons
[M::bam2fq_mainloop] processed 2222 reads
[R1_2] FASTQ1 lines: 4444
[R1_2] FASTQ2 lines: 4444
Looking to launch executable "/work/users/a/d/adaigle/.conda/envs/TEforest/bin/bwa-mem2.avx2", simd = .avx2
Launching executable "/work/users/a/d/adaigle/.conda/envs/TEforest/bin/bwa-mem2.avx2"
-----------------------------
Executing in AVX2 mode!!
-----------------------------
* SA compression enabled with xfactor: 8
* Ref file: fastp/ref_genome
* Entering FMI_search
* Index file found. Loading index from fastp/ref_genome.bwt.2bit.64
* Reference seq len for bi-index = 288895287
* sentinel-index: 149660069
* Count:
0,	1
1,	83687631
2,	144447644
3,	205207657
4,	288895287

* Reading other elements of the index from files fastp/ref_genome
* Index prefix: fastp/ref_genome
* Read 0 ALT contigs
* Done reading Index!!
* Reading reference genome..
* Binary seq file = fastp/ref_genome.0123
* Reference genome size: 288895286 bp
* Done reading reference genome !!

------------------------------------------
1. Memory pre-allocation for Chaining: 139.3584 MB
2. Memory pre-allocation for BSW: 239.6170 MB
3. Memory pre-allocation for BWT: 77.3142 MB
------------------------------------------
* Threads used (compute): 1
* No. of pipeline threads: 2

[0000] read_chunk: 10000000, work_chunk_size: 335494, nseq: 2222
	[0000][ M::kt_pipeline] read 2222 sequences (335494 bp)...
[0000] Calling mem_process_seqs.., task: 0
[0000] 1. Calling kt_for - worker_bwt
[0000] read_chunk: 10000000, work_chunk_size: 0, nseq: 0
[0000] 2. Calling kt_for - worker_aln
[0000] Inferring insert size distribution of PE reads from data, l_pac: 144447643, n: 2222
[0000][PE] # candidate unique pairs for (FF, FR, RF, RR): (0, 811, 0, 0)
[0000][PE] skip orientation FF as there are not enough pairs
[0000][PE] analyzing insert size distribution for orientation FR...
[0000][PE] (25, 50, 75) percentile: (387, 457, 536)
[0000][PE] low and high boundaries for computing mean and std.dev: (89, 834)
[0000][PE] mean and std.dev: (466.06, 113.49)
[0000][PE] low and high boundaries for proper pairs: (1, 983)
[0000][PE] skip orientation RF as there are not enough pairs
[0000][PE] skip orientation RR as there are not enough pairs
[0000] 3. Calling kt_for - worker_sam
	[0000][ M::mem_process_seqs] Processed 2222 reads in 0.319 CPU sec, 0.325 real sec
[0000] read_chunk: 10000000, work_chunk_size: 0, nseq: 0
[0000] Computation ends..
No. of OMP threads: 1
Processor is running @2645.333774 MHz
Runtime profile:

	Time taken for main_mem function: 1.02 sec

	IO times (sec) :
	Reading IO time (reads) avg: 0.00, (0.00, 0.00)
	Writing IO time (SAM) avg: 0.04, (0.04, 0.04)
	Reading IO time (Reference Genome) avg: 0.24, (0.24, 0.24)
	Index read time avg: 0.32, (0.32, 0.32)

	Overall time (sec) (Excluding Index reading time):
	PROCESS() (Total compute time + (read + SAM) IO time) : 0.37
	MEM_PROCESS_SEQ() (Total compute time (Kernel + SAM)), avg: 0.32, (0.32, 0.32)

	 SAM Processing time (sec):
	--WORKER_SAM avg: 0.08, (0.08, 0.08)

	Kernels' compute time (sec):
	Total kernel (smem+sal+bsw) time avg: 0.25, (0.25, 0.25)
		SMEM compute avg: 0.14, (0.14, 0.14)
		SAL compute avg: 0.02, (0.02, 0.02)
				MEM_SA avg: 0.02, (0.02, 0.02)

		BSW time, avg: 0.08, (0.08, 0.08)

Important parameter settings: 
	BATCH_SIZE: 512
	MAX_SEQ_LEN_REF: 256
	MAX_SEQ_LEN_QER: 128
	MAX_SEQ_LEN8: 128
	SEEDS_PER_READ: 500
	SIMD_WIDTH8 X: 32
	SIMD_WIDTH16 X: 16
	AVG_SEEDS_PER_READ: 64
## filter-stats: kept 54; removed 2174
[R1_2] final BAM reads: 54
=== [R1_2] done ===
=== [Helena] starting in candidate_regions_data/JUT-008_MUN-009/Helena.aJMB ===
[Helena] contig count: 1  (Helena)
[Helena] hits.bam reads: 1922
[Helena] qname count:  962
[Helena] pair.bam reads: 2023
[M::bam2fq_mainloop] discarded 0 singletons
[M::bam2fq_mainloop] processed 1924 reads
[Helena] FASTQ1 lines: 3848
[Helena] FASTQ2 lines: 3848
Looking to launch executable "/work/users/a/d/adaigle/.conda/envs/TEforest/bin/bwa-mem2.avx2", simd = .avx2
Launching executable "/work/users/a/d/adaigle/.conda/envs/TEforest/bin/bwa-mem2.avx2"
-----------------------------
Executing in AVX2 mode!!
-----------------------------
* SA compression enabled with xfactor: 8
* Ref file: fastp/ref_genome
* Entering FMI_search
* Index file found. Loading index from fastp/ref_genome.bwt.2bit.64
* Reference seq len for bi-index = 288895287
* sentinel-index: 149660069
* Count:
0,	1
1,	83687631
2,	144447644
3,	205207657
4,	288895287

* Reading other elements of the index from files fastp/ref_genome
* Index prefix: fastp/ref_genome
* Read 0 ALT contigs
* Done reading Index!!
* Reading reference genome..
* Binary seq file = fastp/ref_genome.0123
* Reference genome size: 288895286 bp
* Done reading reference genome !!

------------------------------------------
1. Memory pre-allocation for Chaining: 139.3584 MB
2. Memory pre-allocation for BSW: 239.6170 MB
3. Memory pre-allocation for BWT: 77.3142 MB
------------------------------------------
* Threads used (compute): 1
* No. of pipeline threads: 2

[0000] read_chunk: 10000000, work_chunk_size: 290452, nseq: 1924
	[0000][ M::kt_pipeline] read 1924 sequences (290452 bp)...
[0000] Calling mem_process_seqs.., task: 0
[0000] 1. Calling kt_for - worker_bwt
[0000] read_chunk: 10000000, work_chunk_size: 0, nseq: 0
[0000] 2. Calling kt_for - worker_aln
[0000] Inferring insert size distribution of PE reads from data, l_pac: 144447643, n: 1924
[0000][PE] # candidate unique pairs for (FF, FR, RF, RR): (0, 490, 0, 0)
[0000][PE] skip orientation FF as there are not enough pairs
[0000][PE] analyzing insert size distribution for orientation FR...
[0000][PE] (25, 50, 75) percentile: (378, 458, 530)
[0000][PE] low and high boundaries for computing mean and std.dev: (74, 834)
[0000][PE] mean and std.dev: (460.65, 110.38)
[0000][PE] low and high boundaries for proper pairs: (1, 986)
[0000][PE] skip orientation RF as there are not enough pairs
[0000][PE] skip orientation RR as there are not enough pairs
[0000] 3. Calling kt_for - worker_sam
	[0000][ M::mem_process_seqs] Processed 1924 reads in 0.300 CPU sec, 0.305 real sec
[0000] read_chunk: 10000000, work_chunk_size: 0, nseq: 0
[0000] Computation ends..
No. of OMP threads: 1
Processor is running @2645.098109 MHz
Runtime profile:

	Time taken for main_mem function: 0.57 sec

	IO times (sec) :
	Reading IO time (reads) avg: 0.00, (0.00, 0.00)
	Writing IO time (SAM) avg: 0.03, (0.03, 0.03)
	Reading IO time (Reference Genome) avg: 0.08, (0.08, 0.08)
	Index read time avg: 0.15, (0.15, 0.15)

	Overall time (sec) (Excluding Index reading time):
	PROCESS() (Total compute time + (read + SAM) IO time) : 0.34
	MEM_PROCESS_SEQ() (Total compute time (Kernel + SAM)), avg: 0.30, (0.30, 0.30)

	 SAM Processing time (sec):
	--WORKER_SAM avg: 0.12, (0.12, 0.12)

	Kernels' compute time (sec):
	Total kernel (smem+sal+bsw) time avg: 0.18, (0.18, 0.18)
		SMEM compute avg: 0.07, (0.07, 0.07)
		SAL compute avg: 0.02, (0.02, 0.02)
				MEM_SA avg: 0.01, (0.01, 0.01)

		BSW time, avg: 0.08, (0.08, 0.08)

Important parameter settings: 
	BATCH_SIZE: 512
	MAX_SEQ_LEN_REF: 256
	MAX_SEQ_LEN_QER: 128
	MAX_SEQ_LEN8: 128
	SEEDS_PER_READ: 500
	SIMD_WIDTH8 X: 32
	SIMD_WIDTH16 X: 16
	AVG_SEEDS_PER_READ: 64
## filter-stats: kept 204; removed 1756
[Helena] final BAM reads: 204
=== [Helena] done ===
=== [Fw3] starting in candidate_regions_data/JUT-008_MUN-009/Fw3.hrHw ===
[Fw3] contig count: 1  (Fw3)
[Fw3] hits.bam reads: 2302
[Fw3] qname count:  1165
[Fw3] pair.bam reads: 2524
[M::bam2fq_mainloop] discarded 0 singletons
[M::bam2fq_mainloop] processed 2330 reads
[Fw3] FASTQ1 lines: 4660
[Fw3] FASTQ2 lines: 4660
Looking to launch executable "/work/users/a/d/adaigle/.conda/envs/TEforest/bin/bwa-mem2.avx2", simd = .avx2
Launching executable "/work/users/a/d/adaigle/.conda/envs/TEforest/bin/bwa-mem2.avx2"
-----------------------------
Executing in AVX2 mode!!
-----------------------------
* SA compression enabled with xfactor: 8
* Ref file: fastp/ref_genome
* Entering FMI_search
* Index file found. Loading index from fastp/ref_genome.bwt.2bit.64
* Reference seq len for bi-index = 288895287
* sentinel-index: 149660069
* Count:
0,	1
1,	83687631
2,	144447644
3,	205207657
4,	288895287

* Reading other elements of the index from files fastp/ref_genome
* Index prefix: fastp/ref_genome
* Read 0 ALT contigs
* Done reading Index!!
* Reading reference genome..
* Binary seq file = fastp/ref_genome.0123
* Reference genome size: 288895286 bp
* Done reading reference genome !!

------------------------------------------
1. Memory pre-allocation for Chaining: 139.3584 MB
2. Memory pre-allocation for BSW: 239.6170 MB
3. Memory pre-allocation for BWT: 77.3142 MB
------------------------------------------
* Threads used (compute): 1
* No. of pipeline threads: 2

[0000] read_chunk: 10000000, work_chunk_size: 351718, nseq: 2330
	[0000][ M::kt_pipeline] read 2330 sequences (351718 bp)...
[0000] Calling mem_process_seqs.., task: 0
[0000] 1. Calling kt_for - worker_bwt
[0000] read_chunk: 10000000, work_chunk_size: 0, nseq: 0
[0000] 2. Calling kt_for - worker_aln
[0000] Inferring insert size distribution of PE reads from data, l_pac: 144447643, n: 2330
[0000][PE] # candidate unique pairs for (FF, FR, RF, RR): (2, 504, 1, 5)
[0000][PE] skip orientation FF as there are not enough pairs
[0000][PE] analyzing insert size distribution for orientation FR...
[0000][PE] (25, 50, 75) percentile: (378, 450, 531)
[0000][PE] low and high boundaries for computing mean and std.dev: (72, 837)
[0000][PE] mean and std.dev: (462.64, 113.64)
[0000][PE] low and high boundaries for proper pairs: (1, 990)
[0000][PE] skip orientation RF as there are not enough pairs
[0000][PE] skip orientation RR as there are not enough pairs
[0000] 3. Calling kt_for - worker_sam
	[0000][ M::mem_process_seqs] Processed 2330 reads in 0.435 CPU sec, 0.440 real sec
[0000] read_chunk: 10000000, work_chunk_size: 0, nseq: 0
[0000] Computation ends..
No. of OMP threads: 1
Processor is running @2645.202201 MHz
Runtime profile:

	Time taken for main_mem function: 1.10 sec

	IO times (sec) :
	Reading IO time (reads) avg: 0.00, (0.00, 0.00)
	Writing IO time (SAM) avg: 0.05, (0.05, 0.05)
	Reading IO time (Reference Genome) avg: 0.18, (0.18, 0.18)
	Index read time avg: 0.33, (0.33, 0.33)

	Overall time (sec) (Excluding Index reading time):
	PROCESS() (Total compute time + (read + SAM) IO time) : 0.49
	MEM_PROCESS_SEQ() (Total compute time (Kernel + SAM)), avg: 0.44, (0.44, 0.44)

	 SAM Processing time (sec):
	--WORKER_SAM avg: 0.14, (0.14, 0.14)

	Kernels' compute time (sec):
	Total kernel (smem+sal+bsw) time avg: 0.30, (0.30, 0.30)
		SMEM compute avg: 0.12, (0.12, 0.12)
		SAL compute avg: 0.03, (0.03, 0.03)
				MEM_SA avg: 0.02, (0.02, 0.02)

		BSW time, avg: 0.14, (0.14, 0.14)

Important parameter settings: 
	BATCH_SIZE: 512
	MAX_SEQ_LEN_REF: 256
	MAX_SEQ_LEN_QER: 128
	MAX_SEQ_LEN8: 128
	SEEDS_PER_READ: 500
	SIMD_WIDTH8 X: 32
	SIMD_WIDTH16 X: 16
	AVG_SEEDS_PER_READ: 64
## filter-stats: kept 216; removed 2141
[Fw3] final BAM reads: 216
=== [Fw3] done ===
=== [gypsy11] starting in candidate_regions_data/JUT-008_MUN-009/gypsy11.fzFp ===
[gypsy11] contig count: 1  (gypsy11)
[gypsy11] hits.bam reads: 2973
[gypsy11] qname count:  1639
[gypsy11] pair.bam reads: 3517
[M::bam2fq_mainloop] discarded 0 singletons
[M::bam2fq_mainloop] processed 3278 reads
[gypsy11] FASTQ1 lines: 6556
[gypsy11] FASTQ2 lines: 6556
Looking to launch executable "/work/users/a/d/adaigle/.conda/envs/TEforest/bin/bwa-mem2.avx2", simd = .avx2
Launching executable "/work/users/a/d/adaigle/.conda/envs/TEforest/bin/bwa-mem2.avx2"
-----------------------------
Executing in AVX2 mode!!
-----------------------------
* SA compression enabled with xfactor: 8
* Ref file: fastp/ref_genome
* Entering FMI_search
* Index file found. Loading index from fastp/ref_genome.bwt.2bit.64
* Reference seq len for bi-index = 288895287
* sentinel-index: 149660069
* Count:
0,	1
1,	83687631
2,	144447644
3,	205207657
4,	288895287

* Reading other elements of the index from files fastp/ref_genome
* Index prefix: fastp/ref_genome
* Read 0 ALT contigs
* Done reading Index!!
* Reading reference genome..
* Binary seq file = fastp/ref_genome.0123
* Reference genome size: 288895286 bp
* Done reading reference genome !!

------------------------------------------
1. Memory pre-allocation for Chaining: 139.3584 MB
2. Memory pre-allocation for BSW: 239.6170 MB
3. Memory pre-allocation for BWT: 77.3142 MB
------------------------------------------
* Threads used (compute): 1
* No. of pipeline threads: 2

[0000] read_chunk: 10000000, work_chunk_size: 494970, nseq: 3278
	[0000][ M::kt_pipeline] read 3278 sequences (494970 bp)...
[0000] Calling mem_process_seqs.., task: 0
[0000] 1. Calling kt_for - worker_bwt
[0000] read_chunk: 10000000, work_chunk_size: 0, nseq: 0
[0000] 2. Calling kt_for - worker_aln
[0000] Inferring insert size distribution of PE reads from data, l_pac: 144447643, n: 3278
[0000][PE] # candidate unique pairs for (FF, FR, RF, RR): (0, 906, 0, 0)
[0000][PE] skip orientation FF as there are not enough pairs
[0000][PE] analyzing insert size distribution for orientation FR...
[0000][PE] (25, 50, 75) percentile: (377, 445, 535)
[0000][PE] low and high boundaries for computing mean and std.dev: (61, 851)
[0000][PE] mean and std.dev: (448.55, 113.37)
[0000][PE] low and high boundaries for proper pairs: (1, 1009)
[0000][PE] skip orientation RF as there are not enough pairs
[0000][PE] skip orientation RR as there are not enough pairs
[0000] 3. Calling kt_for - worker_sam
	[0000][ M::mem_process_seqs] Processed 3278 reads in 0.693 CPU sec, 0.700 real sec
[0000] read_chunk: 10000000, work_chunk_size: 0, nseq: 0
[0000] Computation ends..
No. of OMP threads: 1
Processor is running @2645.259176 MHz
Runtime profile:

	Time taken for main_mem function: 1.34 sec

	IO times (sec) :
	Reading IO time (reads) avg: 0.00, (0.00, 0.00)
	Writing IO time (SAM) avg: 0.06, (0.06, 0.06)
	Reading IO time (Reference Genome) avg: 0.22, (0.22, 0.22)
	Index read time avg: 0.28, (0.28, 0.28)

	Overall time (sec) (Excluding Index reading time):
	PROCESS() (Total compute time + (read + SAM) IO time) : 0.76
	MEM_PROCESS_SEQ() (Total compute time (Kernel + SAM)), avg: 0.70, (0.70, 0.70)

	 SAM Processing time (sec):
	--WORKER_SAM avg: 0.21, (0.21, 0.21)

	Kernels' compute time (sec):
	Total kernel (smem+sal+bsw) time avg: 0.49, (0.49, 0.49)
		SMEM compute avg: 0.26, (0.26, 0.26)
		SAL compute avg: 0.06, (0.06, 0.06)
				MEM_SA avg: 0.04, (0.04, 0.04)

		BSW time, avg: 0.15, (0.15, 0.15)

Important parameter settings: 
	BATCH_SIZE: 512
	MAX_SEQ_LEN_REF: 256
	MAX_SEQ_LEN_QER: 128
	MAX_SEQ_LEN8: 128
	SEEDS_PER_READ: 500
	SIMD_WIDTH8 X: 32
	SIMD_WIDTH16 X: 16
	AVG_SEEDS_PER_READ: 64
## filter-stats: kept 480; removed 2886
[gypsy11] final BAM reads: 480
=== [gypsy11] done ===
=== [Helitron] starting in candidate_regions_data/JUT-008_MUN-009/Helitron.RoWP ===
[Helitron] contig count: 1  (Helitron)
[Helitron] hits.bam reads: 58
[Helitron] qname count:  34
[Helitron] pair.bam reads: 68
[M::bam2fq_mainloop] discarded 0 singletons
[M::bam2fq_mainloop] processed 68 reads
[Helitron] FASTQ1 lines: 136
[Helitron] FASTQ2 lines: 136
Looking to launch executable "/work/users/a/d/adaigle/.conda/envs/TEforest/bin/bwa-mem2.avx2", simd = .avx2
Launching executable "/work/users/a/d/adaigle/.conda/envs/TEforest/bin/bwa-mem2.avx2"
-----------------------------
Executing in AVX2 mode!!
-----------------------------
* SA compression enabled with xfactor: 8
* Ref file: fastp/ref_genome
* Entering FMI_search
* Index file found. Loading index from fastp/ref_genome.bwt.2bit.64
* Reference seq len for bi-index = 288895287
* sentinel-index: 149660069
* Count:
0,	1
1,	83687631
2,	144447644
3,	205207657
4,	288895287

* Reading other elements of the index from files fastp/ref_genome
* Index prefix: fastp/ref_genome
* Read 0 ALT contigs
* Done reading Index!!
* Reading reference genome..
* Binary seq file = fastp/ref_genome.0123
* Reference genome size: 288895286 bp
* Done reading reference genome !!

------------------------------------------
1. Memory pre-allocation for Chaining: 139.3584 MB
2. Memory pre-allocation for BSW: 239.6170 MB
3. Memory pre-allocation for BWT: 77.3142 MB
------------------------------------------
* Threads used (compute): 1
* No. of pipeline threads: 2

[0000] read_chunk: 10000000, work_chunk_size: 10268, nseq: 68
	[0000][ M::kt_pipeline] read 68 sequences (10268 bp)...
[0000] Calling mem_process_seqs.., task: 0
[0000] 1. Calling kt_for - worker_bwt
[0000] read_chunk: 10000000, work_chunk_size: 0, nseq: 0
[0000] 2. Calling kt_for - worker_aln
[0000] Inferring insert size distribution of PE reads from data, l_pac: 144447643, n: 68
[0000][PE] # candidate unique pairs for (FF, FR, RF, RR): (0, 7, 0, 0)
[0000][PE] skip orientation FF as there are not enough pairs
[0000][PE] skip orientation FR as there are not enough pairs
[0000][PE] skip orientation RF as there are not enough pairs
[0000][PE] skip orientation RR as there are not enough pairs
[0000] 3. Calling kt_for - worker_sam
	[0000][ M::mem_process_seqs] Processed 68 reads in 0.006 CPU sec, 0.009 real sec
[0000] read_chunk: 10000000, work_chunk_size: 0, nseq: 0
[0000] Computation ends..
No. of OMP threads: 1
Processor is running @2645.253691 MHz
Runtime profile:

	Time taken for main_mem function: 0.65 sec

	IO times (sec) :
	Reading IO time (reads) avg: 0.00, (0.00, 0.00)
	Writing IO time (SAM) avg: 0.00, (0.00, 0.00)
	Reading IO time (Reference Genome) avg: 0.20, (0.20, 0.20)
	Index read time avg: 0.35, (0.35, 0.35)

	Overall time (sec) (Excluding Index reading time):
	PROCESS() (Total compute time + (read + SAM) IO time) : 0.02
	MEM_PROCESS_SEQ() (Total compute time (Kernel + SAM)), avg: 0.01, (0.01, 0.01)

	 SAM Processing time (sec):
	--WORKER_SAM avg: 0.00, (0.00, 0.00)

	Kernels' compute time (sec):
	Total kernel (smem+sal+bsw) time avg: 0.01, (0.01, 0.01)
		SMEM compute avg: 0.00, (0.00, 0.00)
		SAL compute avg: 0.00, (0.00, 0.00)
				MEM_SA avg: 0.00, (0.00, 0.00)

		BSW time, avg: 0.00, (0.00, 0.00)

Important parameter settings: 
	BATCH_SIZE: 512
	MAX_SEQ_LEN_REF: 256
	MAX_SEQ_LEN_QER: 128
	MAX_SEQ_LEN8: 128
	SEEDS_PER_READ: 500
	SIMD_WIDTH8 X: 32
	SIMD_WIDTH16 X: 16
	AVG_SEEDS_PER_READ: 64
## filter-stats: kept 68; removed 0
[Helitron] final BAM reads: 68
=== [Helitron] done ===
=== [gypsy9] starting in candidate_regions_data/JUT-008_MUN-009/gypsy9.KOsJ ===
[gypsy9] contig count: 1  (gypsy9)
[gypsy9] hits.bam reads: 3845
[gypsy9] qname count:  1990
[gypsy9] pair.bam reads: 4171
[M::bam2fq_mainloop] discarded 0 singletons
[M::bam2fq_mainloop] processed 3980 reads
[gypsy9] FASTQ1 lines: 7960
[gypsy9] FASTQ2 lines: 7960
Looking to launch executable "/work/users/a/d/adaigle/.conda/envs/TEforest/bin/bwa-mem2.avx2", simd = .avx2
Launching executable "/work/users/a/d/adaigle/.conda/envs/TEforest/bin/bwa-mem2.avx2"
-----------------------------
Executing in AVX2 mode!!
-----------------------------
* SA compression enabled with xfactor: 8
* Ref file: fastp/ref_genome
* Entering FMI_search
* Index file found. Loading index from fastp/ref_genome.bwt.2bit.64
* Reference seq len for bi-index = 288895287
* sentinel-index: 149660069
* Count:
0,	1
1,	83687631
2,	144447644
3,	205207657
4,	288895287

* Reading other elements of the index from files fastp/ref_genome
* Index prefix: fastp/ref_genome
* Read 0 ALT contigs
* Done reading Index!!
* Reading reference genome..
* Binary seq file = fastp/ref_genome.0123
* Reference genome size: 288895286 bp
* Done reading reference genome !!

------------------------------------------
1. Memory pre-allocation for Chaining: 139.3584 MB
2. Memory pre-allocation for BSW: 239.6170 MB
3. Memory pre-allocation for BWT: 77.3142 MB
------------------------------------------
* Threads used (compute): 1
* No. of pipeline threads: 2

[0000] read_chunk: 10000000, work_chunk_size: 600788, nseq: 3980
	[0000][ M::kt_pipeline] read 3980 sequences (600788 bp)...
[0000] Calling mem_process_seqs.., task: 0
[0000] 1. Calling kt_for - worker_bwt
[0000] read_chunk: 10000000, work_chunk_size: 0, nseq: 0
[0000] 2. Calling kt_for - worker_aln
[0000] Inferring insert size distribution of PE reads from data, l_pac: 144447643, n: 3980
[0000][PE] # candidate unique pairs for (FF, FR, RF, RR): (0, 945, 0, 0)
[0000][PE] skip orientation FF as there are not enough pairs
[0000][PE] analyzing insert size distribution for orientation FR...
[0000][PE] (25, 50, 75) percentile: (374, 436, 509)
[0000][PE] low and high boundaries for computing mean and std.dev: (104, 779)
[0000][PE] mean and std.dev: (443.64, 106.86)
[0000][PE] low and high boundaries for proper pairs: (1, 914)
[0000][PE] skip orientation RF as there are not enough pairs
[0000][PE] skip orientation RR as there are not enough pairs
[0000] 3. Calling kt_for - worker_sam
	[0000][ M::mem_process_seqs] Processed 3980 reads in 0.958 CPU sec, 0.968 real sec
[0000] read_chunk: 10000000, work_chunk_size: 0, nseq: 0
[0000] Computation ends..
No. of OMP threads: 1
Processor is running @2645.206150 MHz
Runtime profile:

	Time taken for main_mem function: 1.63 sec

	IO times (sec) :
	Reading IO time (reads) avg: 0.00, (0.00, 0.00)
	Writing IO time (SAM) avg: 0.08, (0.08, 0.08)
	Reading IO time (Reference Genome) avg: 0.18, (0.18, 0.18)
	Index read time avg: 0.34, (0.34, 0.34)

	Overall time (sec) (Excluding Index reading time):
	PROCESS() (Total compute time + (read + SAM) IO time) : 1.06
	MEM_PROCESS_SEQ() (Total compute time (Kernel + SAM)), avg: 0.97, (0.97, 0.97)

	 SAM Processing time (sec):
	--WORKER_SAM avg: 0.32, (0.32, 0.32)

	Kernels' compute time (sec):
	Total kernel (smem+sal+bsw) time avg: 0.64, (0.64, 0.64)
		SMEM compute avg: 0.36, (0.36, 0.36)
		SAL compute avg: 0.08, (0.08, 0.08)
				MEM_SA avg: 0.06, (0.06, 0.06)

		BSW time, avg: 0.20, (0.20, 0.20)

Important parameter settings: 
	BATCH_SIZE: 512
	MAX_SEQ_LEN_REF: 256
	MAX_SEQ_LEN_QER: 128
	MAX_SEQ_LEN8: 128
	SEEDS_PER_READ: 500
	SIMD_WIDTH8 X: 32
	SIMD_WIDTH16 X: 16
	AVG_SEEDS_PER_READ: 64
## filter-stats: kept 748; removed 3370
[gypsy9] final BAM reads: 748
=== [gypsy9] done ===
=== [frogger] starting in candidate_regions_data/JUT-008_MUN-009/frogger.3mbx ===
[frogger] contig count: 1  (frogger)
[frogger] hits.bam reads: 1453
[frogger] qname count:  776
[frogger] pair.bam reads: 1611
[M::bam2fq_mainloop] discarded 0 singletons
[M::bam2fq_mainloop] processed 1552 reads
[frogger] FASTQ1 lines: 3104
[frogger] FASTQ2 lines: 3104
Looking to launch executable "/work/users/a/d/adaigle/.conda/envs/TEforest/bin/bwa-mem2.avx2", simd = .avx2
Launching executable "/work/users/a/d/adaigle/.conda/envs/TEforest/bin/bwa-mem2.avx2"
-----------------------------
Executing in AVX2 mode!!
-----------------------------
* SA compression enabled with xfactor: 8
* Ref file: fastp/ref_genome
* Entering FMI_search
* Index file found. Loading index from fastp/ref_genome.bwt.2bit.64
* Reference seq len for bi-index = 288895287
* sentinel-index: 149660069
* Count:
0,	1
1,	83687631
2,	144447644
3,	205207657
4,	288895287

* Reading other elements of the index from files fastp/ref_genome
* Index prefix: fastp/ref_genome
* Read 0 ALT contigs
* Done reading Index!!
* Reading reference genome..
* Binary seq file = fastp/ref_genome.0123
* Reference genome size: 288895286 bp
* Done reading reference genome !!

------------------------------------------
1. Memory pre-allocation for Chaining: 139.3584 MB
2. Memory pre-allocation for BSW: 239.6170 MB
3. Memory pre-allocation for BWT: 77.3142 MB
------------------------------------------
* Threads used (compute): 1
* No. of pipeline threads: 2

[0000] read_chunk: 10000000, work_chunk_size: 234352, nseq: 1552
	[0000][ M::kt_pipeline] read 1552 sequences (234352 bp)...
[0000] read_chunk: 10000000, work_chunk_size: 0, nseq: 0
[0000] Calling mem_process_seqs.., task: 0
[0000] 1. Calling kt_for - worker_bwt
[0000] 2. Calling kt_for - worker_aln
[0000] Inferring insert size distribution of PE reads from data, l_pac: 144447643, n: 1552
[0000][PE] # candidate unique pairs for (FF, FR, RF, RR): (0, 66, 0, 0)
[0000][PE] skip orientation FF as there are not enough pairs
[0000][PE] analyzing insert size distribution for orientation FR...
[0000][PE] (25, 50, 75) percentile: (400, 462, 497)
[0000][PE] low and high boundaries for computing mean and std.dev: (206, 691)
[0000][PE] mean and std.dev: (450.85, 79.74)
[0000][PE] low and high boundaries for proper pairs: (109, 788)
[0000][PE] skip orientation RF as there are not enough pairs
[0000][PE] skip orientation RR as there are not enough pairs
[0000] 3. Calling kt_for - worker_sam
	[0000][ M::mem_process_seqs] Processed 1552 reads in 0.492 CPU sec, 0.505 real sec
[0000] read_chunk: 10000000, work_chunk_size: 0, nseq: 0
[0000] Computation ends..
No. of OMP threads: 1
Processor is running @2645.244655 MHz
Runtime profile:

	Time taken for main_mem function: 1.12 sec

	IO times (sec) :
	Reading IO time (reads) avg: 0.00, (0.00, 0.00)
	Writing IO time (SAM) avg: 0.03, (0.03, 0.03)
	Reading IO time (Reference Genome) avg: 0.17, (0.17, 0.17)
	Index read time avg: 0.36, (0.36, 0.36)

	Overall time (sec) (Excluding Index reading time):
	PROCESS() (Total compute time + (read + SAM) IO time) : 0.54
	MEM_PROCESS_SEQ() (Total compute time (Kernel + SAM)), avg: 0.50, (0.50, 0.50)

	 SAM Processing time (sec):
	--WORKER_SAM avg: 0.25, (0.25, 0.25)

	Kernels' compute time (sec):
	Total kernel (smem+sal+bsw) time avg: 0.26, (0.26, 0.26)
		SMEM compute avg: 0.06, (0.06, 0.06)
		SAL compute avg: 0.02, (0.02, 0.02)
				MEM_SA avg: 0.01, (0.01, 0.01)

		BSW time, avg: 0.17, (0.17, 0.17)

Important parameter settings: 
	BATCH_SIZE: 512
	MAX_SEQ_LEN_REF: 256
	MAX_SEQ_LEN_QER: 128
	MAX_SEQ_LEN8: 128
	SEEDS_PER_READ: 500
	SIMD_WIDTH8 X: 32
	SIMD_WIDTH16 X: 16
	AVG_SEEDS_PER_READ: 64
## filter-stats: kept 84; removed 1475
[frogger] final BAM reads: 84
=== [frogger] done ===
=== [G5A] starting in candidate_regions_data/JUT-008_MUN-009/G5A.LEXx ===
[G5A] contig count: 1  (G5A)
[G5A] hits.bam reads: 7994
[G5A] qname count:  4049
[G5A] pair.bam reads: 8590
[M::bam2fq_mainloop] discarded 0 singletons
[M::bam2fq_mainloop] processed 8098 reads
[G5A] FASTQ1 lines: 16196
[G5A] FASTQ2 lines: 16196
Looking to launch executable "/work/users/a/d/adaigle/.conda/envs/TEforest/bin/bwa-mem2.avx2", simd = .avx2
Launching executable "/work/users/a/d/adaigle/.conda/envs/TEforest/bin/bwa-mem2.avx2"
-----------------------------
Executing in AVX2 mode!!
-----------------------------
* SA compression enabled with xfactor: 8
* Ref file: fastp/ref_genome
* Entering FMI_search
* Index file found. Loading index from fastp/ref_genome.bwt.2bit.64
* Reference seq len for bi-index = 288895287
* sentinel-index: 149660069
* Count:
0,	1
1,	83687631
2,	144447644
3,	205207657
4,	288895287

* Reading other elements of the index from files fastp/ref_genome
* Index prefix: fastp/ref_genome
* Read 0 ALT contigs
* Done reading Index!!
* Reading reference genome..
* Binary seq file = fastp/ref_genome.0123
* Reference genome size: 288895286 bp
* Done reading reference genome !!

------------------------------------------
1. Memory pre-allocation for Chaining: 139.3584 MB
2. Memory pre-allocation for BSW: 239.6170 MB
3. Memory pre-allocation for BWT: 77.3142 MB
------------------------------------------
* Threads used (compute): 1
* No. of pipeline threads: 2

[0000] read_chunk: 10000000, work_chunk_size: 1222676, nseq: 8098
	[0000][ M::kt_pipeline] read 8098 sequences (1222676 bp)...
[0000] Calling mem_process_seqs.., task: 0
[0000] 1. Calling kt_for - worker_bwt
[0000] read_chunk: 10000000, work_chunk_size: 0, nseq: 0
[0000] 2. Calling kt_for - worker_aln
[0000] Inferring insert size distribution of PE reads from data, l_pac: 144447643, n: 8098
[0000][PE] # candidate unique pairs for (FF, FR, RF, RR): (0, 2479, 51, 0)
[0000][PE] skip orientation FF as there are not enough pairs
[0000][PE] analyzing insert size distribution for orientation FR...
[0000][PE] (25, 50, 75) percentile: (391, 458, 533)
[0000][PE] low and high boundaries for computing mean and std.dev: (107, 817)
[0000][PE] mean and std.dev: (463.65, 110.07)
[0000][PE] low and high boundaries for proper pairs: (1, 959)
[0000][PE] analyzing insert size distribution for orientation RF...
[0000][PE] (25, 50, 75) percentile: (2812, 2887, 2979)
[0000][PE] low and high boundaries for computing mean and std.dev: (2478, 3313)
[0000][PE] mean and std.dev: (2880.33, 122.93)
[0000][PE] low and high boundaries for proper pairs: (2311, 3480)
[0000][PE] skip orientation RR as there are not enough pairs
[0000][PE] skip orientation RF
[0000] 3. Calling kt_for - worker_sam
	[0000][ M::mem_process_seqs] Processed 8098 reads in 1.489 CPU sec, 1.506 real sec
[0000] read_chunk: 10000000, work_chunk_size: 0, nseq: 0
[0000] Computation ends..
No. of OMP threads: 1
Processor is running @2645.285358 MHz
Runtime profile:

	Time taken for main_mem function: 2.31 sec

	IO times (sec) :
	Reading IO time (reads) avg: 0.01, (0.01, 0.01)
	Writing IO time (SAM) avg: 0.15, (0.15, 0.15)
	Reading IO time (Reference Genome) avg: 0.21, (0.21, 0.21)
	Index read time avg: 0.37, (0.37, 0.37)

	Overall time (sec) (Excluding Index reading time):
	PROCESS() (Total compute time + (read + SAM) IO time) : 1.67
	MEM_PROCESS_SEQ() (Total compute time (Kernel + SAM)), avg: 1.51, (1.51, 1.51)

	 SAM Processing time (sec):
	--WORKER_SAM avg: 0.38, (0.38, 0.38)

	Kernels' compute time (sec):
	Total kernel (smem+sal+bsw) time avg: 1.13, (1.13, 1.13)
		SMEM compute avg: 0.56, (0.56, 0.56)
		SAL compute avg: 0.17, (0.17, 0.17)
				MEM_SA avg: 0.11, (0.11, 0.11)

		BSW time, avg: 0.38, (0.38, 0.38)

Important parameter settings: 
	BATCH_SIZE: 512
	MAX_SEQ_LEN_REF: 256
	MAX_SEQ_LEN_QER: 128
	MAX_SEQ_LEN8: 128
	SEEDS_PER_READ: 500
	SIMD_WIDTH8 X: 32
	SIMD_WIDTH16 X: 16
	AVG_SEEDS_PER_READ: 64
## filter-stats: kept 709; removed 7497
[G5A] final BAM reads: 709
=== [G5A] done ===
=== [BS3] starting in candidate_regions_data/JUT-008_MUN-009/BS3.COin ===
[BS3] contig count: 1  (BS3)
[BS3] hits.bam reads: 7254
[BS3] qname count:  3703
[BS3] pair.bam reads: 7868
[M::bam2fq_mainloop] discarded 0 singletons
[M::bam2fq_mainloop] processed 7406 reads
[BS3] FASTQ1 lines: 14812
[BS3] FASTQ2 lines: 14812
Looking to launch executable "/work/users/a/d/adaigle/.conda/envs/TEforest/bin/bwa-mem2.avx2", simd = .avx2
Launching executable "/work/users/a/d/adaigle/.conda/envs/TEforest/bin/bwa-mem2.avx2"
-----------------------------
Executing in AVX2 mode!!
-----------------------------
* SA compression enabled with xfactor: 8
* Ref file: fastp/ref_genome
* Entering FMI_search
* Index file found. Loading index from fastp/ref_genome.bwt.2bit.64
* Reference seq len for bi-index = 288895287
* sentinel-index: 149660069
* Count:
0,	1
1,	83687631
2,	144447644
3,	205207657
4,	288895287

* Reading other elements of the index from files fastp/ref_genome
* Index prefix: fastp/ref_genome
* Read 0 ALT contigs
* Done reading Index!!
* Reading reference genome..
* Binary seq file = fastp/ref_genome.0123
* Reference genome size: 288895286 bp
* Done reading reference genome !!

------------------------------------------
1. Memory pre-allocation for Chaining: 139.3584 MB
2. Memory pre-allocation for BSW: 239.6170 MB
3. Memory pre-allocation for BWT: 77.3142 MB
------------------------------------------
* Threads used (compute): 1
* No. of pipeline threads: 2

[0000] read_chunk: 10000000, work_chunk_size: 1117070, nseq: 7406
	[0000][ M::kt_pipeline] read 7406 sequences (1117070 bp)...
[0000] Calling mem_process_seqs.., task: 0
[0000] 1. Calling kt_for - worker_bwt
[0000] read_chunk: 10000000, work_chunk_size: 0, nseq: 0
[0000] 2. Calling kt_for - worker_aln
[0000] Inferring insert size distribution of PE reads from data, l_pac: 144447643, n: 7406
[0000][PE] # candidate unique pairs for (FF, FR, RF, RR): (0, 1351, 0, 0)
[0000][PE] skip orientation FF as there are not enough pairs
[0000][PE] analyzing insert size distribution for orientation FR...
[0000][PE] (25, 50, 75) percentile: (392, 459, 544)
[0000][PE] low and high boundaries for computing mean and std.dev: (88, 848)
[0000][PE] mean and std.dev: (466.57, 111.06)
[0000][PE] low and high boundaries for proper pairs: (1, 1000)
[0000][PE] skip orientation RF as there are not enough pairs
[0000][PE] skip orientation RR as there are not enough pairs
[0000] 3. Calling kt_for - worker_sam
	[0000][ M::mem_process_seqs] Processed 7406 reads in 1.690 CPU sec, 1.705 real sec
[0000] read_chunk: 10000000, work_chunk_size: 0, nseq: 0
[0000] Computation ends..
No. of OMP threads: 1
Processor is running @2645.242376 MHz
Runtime profile:

	Time taken for main_mem function: 2.51 sec

	IO times (sec) :
	Reading IO time (reads) avg: 0.01, (0.01, 0.01)
	Writing IO time (SAM) avg: 0.13, (0.13, 0.13)
	Reading IO time (Reference Genome) avg: 0.20, (0.20, 0.20)
	Index read time avg: 0.37, (0.37, 0.37)

	Overall time (sec) (Excluding Index reading time):
	PROCESS() (Total compute time + (read + SAM) IO time) : 1.85
	MEM_PROCESS_SEQ() (Total compute time (Kernel + SAM)), avg: 1.71, (1.71, 1.71)

	 SAM Processing time (sec):
	--WORKER_SAM avg: 0.41, (0.41, 0.41)

	Kernels' compute time (sec):
	Total kernel (smem+sal+bsw) time avg: 1.30, (1.30, 1.30)
		SMEM compute avg: 0.48, (0.48, 0.48)
		SAL compute avg: 0.18, (0.18, 0.18)
				MEM_SA avg: 0.12, (0.12, 0.12)

		BSW time, avg: 0.61, (0.61, 0.61)

Important parameter settings: 
	BATCH_SIZE: 512
	MAX_SEQ_LEN_REF: 256
	MAX_SEQ_LEN_QER: 128
	MAX_SEQ_LEN8: 128
	SEEDS_PER_READ: 500
	SIMD_WIDTH8 X: 32
	SIMD_WIDTH16 X: 16
	AVG_SEEDS_PER_READ: 64
## filter-stats: kept 368; removed 7083
[BS3] final BAM reads: 368
=== [BS3] done ===
=== [Rt1c] starting in candidate_regions_data/JUT-008_MUN-009/Rt1c.iw3w ===
[Rt1c] contig count: 1  (Rt1c)
[Rt1c] hits.bam reads: 10110
[Rt1c] qname count:  5177
[Rt1c] pair.bam reads: 10991
[M::bam2fq_mainloop] discarded 0 singletons
[M::bam2fq_mainloop] processed 10354 reads
[Rt1c] FASTQ1 lines: 20708
[Rt1c] FASTQ2 lines: 20708
Looking to launch executable "/work/users/a/d/adaigle/.conda/envs/TEforest/bin/bwa-mem2.avx2", simd = .avx2
Launching executable "/work/users/a/d/adaigle/.conda/envs/TEforest/bin/bwa-mem2.avx2"
-----------------------------
Executing in AVX2 mode!!
-----------------------------
* SA compression enabled with xfactor: 8
* Ref file: fastp/ref_genome
* Entering FMI_search
* Index file found. Loading index from fastp/ref_genome.bwt.2bit.64
* Reference seq len for bi-index = 288895287
* sentinel-index: 149660069
* Count:
0,	1
1,	83687631
2,	144447644
3,	205207657
4,	288895287

* Reading other elements of the index from files fastp/ref_genome
* Index prefix: fastp/ref_genome
* Read 0 ALT contigs
* Done reading Index!!
* Reading reference genome..
* Binary seq file = fastp/ref_genome.0123
* Reference genome size: 288895286 bp
* Done reading reference genome !!

------------------------------------------
1. Memory pre-allocation for Chaining: 139.3584 MB
2. Memory pre-allocation for BSW: 239.6170 MB
3. Memory pre-allocation for BWT: 77.3142 MB
------------------------------------------
* Threads used (compute): 1
* No. of pipeline threads: 2

[0000] read_chunk: 10000000, work_chunk_size: 1563182, nseq: 10354
	[0000][ M::kt_pipeline] read 10354 sequences (1563182 bp)...
[0000] Calling mem_process_seqs.., task: 0
[0000] 1. Calling kt_for - worker_bwt
[0000] read_chunk: 10000000, work_chunk_size: 0, nseq: 0
[0000] 2. Calling kt_for - worker_aln
[0000] Inferring insert size distribution of PE reads from data, l_pac: 144447643, n: 10354
[0000][PE] # candidate unique pairs for (FF, FR, RF, RR): (0, 2829, 1, 0)
[0000][PE] skip orientation FF as there are not enough pairs
[0000][PE] analyzing insert size distribution for orientation FR...
[0000][PE] (25, 50, 75) percentile: (388, 458, 533)
[0000][PE] low and high boundaries for computing mean and std.dev: (98, 823)
[0000][PE] mean and std.dev: (465.56, 113.39)
[0000][PE] low and high boundaries for proper pairs: (1, 968)
[0000][PE] skip orientation RF as there are not enough pairs
[0000][PE] skip orientation RR as there are not enough pairs
[0000] 3. Calling kt_for - worker_sam
	[0000][ M::mem_process_seqs] Processed 10354 reads in 1.817 CPU sec, 1.833 real sec
[0000] read_chunk: 10000000, work_chunk_size: 0, nseq: 0
[0000] Computation ends..
No. of OMP threads: 1
Processor is running @2645.374372 MHz
Runtime profile:

	Time taken for main_mem function: 2.66 sec

	IO times (sec) :
	Reading IO time (reads) avg: 0.02, (0.02, 0.02)
	Writing IO time (SAM) avg: 0.19, (0.19, 0.19)
	Reading IO time (Reference Genome) avg: 0.24, (0.24, 0.24)
	Index read time avg: 0.31, (0.31, 0.31)

	Overall time (sec) (Excluding Index reading time):
	PROCESS() (Total compute time + (read + SAM) IO time) : 2.04
	MEM_PROCESS_SEQ() (Total compute time (Kernel + SAM)), avg: 1.83, (1.83, 1.83)

	 SAM Processing time (sec):
	--WORKER_SAM avg: 0.43, (0.43, 0.43)

	Kernels' compute time (sec):
	Total kernel (smem+sal+bsw) time avg: 1.41, (1.41, 1.41)
		SMEM compute avg: 0.72, (0.72, 0.72)
		SAL compute avg: 0.17, (0.17, 0.17)
				MEM_SA avg: 0.11, (0.11, 0.11)

		BSW time, avg: 0.49, (0.49, 0.49)

Important parameter settings: 
	BATCH_SIZE: 512
	MAX_SEQ_LEN_REF: 256
	MAX_SEQ_LEN_QER: 128
	MAX_SEQ_LEN8: 128
	SEEDS_PER_READ: 500
	SIMD_WIDTH8 X: 32
	SIMD_WIDTH16 X: 16
	AVG_SEEDS_PER_READ: 64
## filter-stats: kept 724; removed 9721
[Rt1c] final BAM reads: 724
=== [Rt1c] done ===
=== [jockey2] starting in candidate_regions_data/JUT-008_MUN-009/jockey2.kFKq ===
[jockey2] contig count: 1  (jockey2)
[jockey2] hits.bam reads: 5916
[jockey2] qname count:  3135
[jockey2] pair.bam reads: 6661
[M::bam2fq_mainloop] discarded 0 singletons
[M::bam2fq_mainloop] processed 6270 reads
[jockey2] FASTQ1 lines: 12540
[jockey2] FASTQ2 lines: 12540
Looking to launch executable "/work/users/a/d/adaigle/.conda/envs/TEforest/bin/bwa-mem2.avx2", simd = .avx2
Launching executable "/work/users/a/d/adaigle/.conda/envs/TEforest/bin/bwa-mem2.avx2"
-----------------------------
Executing in AVX2 mode!!
-----------------------------
* SA compression enabled with xfactor: 8
* Ref file: fastp/ref_genome
* Entering FMI_search
* Index file found. Loading index from fastp/ref_genome.bwt.2bit.64
* Reference seq len for bi-index = 288895287
* sentinel-index: 149660069
* Count:
0,	1
1,	83687631
2,	144447644
3,	205207657
4,	288895287

* Reading other elements of the index from files fastp/ref_genome
* Index prefix: fastp/ref_genome
* Read 0 ALT contigs
* Done reading Index!!
* Reading reference genome..
* Binary seq file = fastp/ref_genome.0123
* Reference genome size: 288895286 bp
* Done reading reference genome !!

------------------------------------------
1. Memory pre-allocation for Chaining: 139.3584 MB
2. Memory pre-allocation for BSW: 239.6170 MB
3. Memory pre-allocation for BWT: 77.3142 MB
------------------------------------------
* Threads used (compute): 1
* No. of pipeline threads: 2

[0000] read_chunk: 10000000, work_chunk_size: 946560, nseq: 6270
	[0000][ M::kt_pipeline] read 6270 sequences (946560 bp)...
[0000] Calling mem_process_seqs.., task: 0
[0000] 1. Calling kt_for - worker_bwt
[0000] read_chunk: 10000000, work_chunk_size: 0, nseq: 0
[0000] 2. Calling kt_for - worker_aln
[0000] Inferring insert size distribution of PE reads from data, l_pac: 144447643, n: 6270
[0000][PE] # candidate unique pairs for (FF, FR, RF, RR): (0, 1060, 0, 0)
[0000][PE] skip orientation FF as there are not enough pairs
[0000][PE] analyzing insert size distribution for orientation FR...
[0000][PE] (25, 50, 75) percentile: (392, 459, 545)
[0000][PE] low and high boundaries for computing mean and std.dev: (86, 851)
[0000][PE] mean and std.dev: (468.85, 112.63)
[0000][PE] low and high boundaries for proper pairs: (1, 1004)
[0000][PE] skip orientation RF as there are not enough pairs
[0000][PE] skip orientation RR as there are not enough pairs
[0000] 3. Calling kt_for - worker_sam
	[0000][ M::mem_process_seqs] Processed 6270 reads in 1.662 CPU sec, 1.684 real sec
[0000] read_chunk: 10000000, work_chunk_size: 0, nseq: 0
[0000] Computation ends..
No. of OMP threads: 1
Processor is running @2645.234902 MHz
Runtime profile:

	Time taken for main_mem function: 2.39 sec

	IO times (sec) :
	Reading IO time (reads) avg: 0.01, (0.01, 0.01)
	Writing IO time (SAM) avg: 0.12, (0.12, 0.12)
	Reading IO time (Reference Genome) avg: 0.20, (0.20, 0.20)
	Index read time avg: 0.31, (0.31, 0.31)

	Overall time (sec) (Excluding Index reading time):
	PROCESS() (Total compute time + (read + SAM) IO time) : 1.82
	MEM_PROCESS_SEQ() (Total compute time (Kernel + SAM)), avg: 1.68, (1.68, 1.68)

	 SAM Processing time (sec):
	--WORKER_SAM avg: 0.60, (0.60, 0.60)

	Kernels' compute time (sec):
	Total kernel (smem+sal+bsw) time avg: 1.09, (1.09, 1.09)
		SMEM compute avg: 0.36, (0.36, 0.36)
		SAL compute avg: 0.11, (0.11, 0.11)
				MEM_SA avg: 0.07, (0.07, 0.07)

		BSW time, avg: 0.59, (0.59, 0.59)

Important parameter settings: 
	BATCH_SIZE: 512
	MAX_SEQ_LEN_REF: 256
	MAX_SEQ_LEN_QER: 128
	MAX_SEQ_LEN8: 128
	SEEDS_PER_READ: 500
	SIMD_WIDTH8 X: 32
	SIMD_WIDTH16 X: 16
	AVG_SEEDS_PER_READ: 64
## filter-stats: kept 660; removed 5710
[jockey2] final BAM reads: 660
=== [jockey2] done ===
=== [gypsy7] starting in candidate_regions_data/JUT-008_MUN-009/gypsy7.5hvF ===
[gypsy7] contig count: 1  (gypsy7)
[gypsy7] hits.bam reads: 8193
[gypsy7] qname count:  4099
[gypsy7] pair.bam reads: 8661
[M::bam2fq_mainloop] discarded 0 singletons
[M::bam2fq_mainloop] processed 8198 reads
[gypsy7] FASTQ1 lines: 16396
[gypsy7] FASTQ2 lines: 16396
Looking to launch executable "/work/users/a/d/adaigle/.conda/envs/TEforest/bin/bwa-mem2.avx2", simd = .avx2
Launching executable "/work/users/a/d/adaigle/.conda/envs/TEforest/bin/bwa-mem2.avx2"
-----------------------------
Executing in AVX2 mode!!
-----------------------------
* SA compression enabled with xfactor: 8
* Ref file: fastp/ref_genome
* Entering FMI_search
* Index file found. Loading index from fastp/ref_genome.bwt.2bit.64
* Reference seq len for bi-index = 288895287
* sentinel-index: 149660069
* Count:
0,	1
1,	83687631
2,	144447644
3,	205207657
4,	288895287

* Reading other elements of the index from files fastp/ref_genome
* Index prefix: fastp/ref_genome
* Read 0 ALT contigs
* Done reading Index!!
* Reading reference genome..
* Binary seq file = fastp/ref_genome.0123
* Reference genome size: 288895286 bp
* Done reading reference genome !!

------------------------------------------
1. Memory pre-allocation for Chaining: 139.3584 MB
2. Memory pre-allocation for BSW: 239.6170 MB
3. Memory pre-allocation for BWT: 77.3142 MB
------------------------------------------
* Threads used (compute): 1
* No. of pipeline threads: 2

[0000] read_chunk: 10000000, work_chunk_size: 1237698, nseq: 8198
	[0000][ M::kt_pipeline] read 8198 sequences (1237698 bp)...
[0000] Calling mem_process_seqs.., task: 0
[0000] 1. Calling kt_for - worker_bwt
[0000] read_chunk: 10000000, work_chunk_size: 0, nseq: 0
[0000] 2. Calling kt_for - worker_aln
[0000] Inferring insert size distribution of PE reads from data, l_pac: 144447643, n: 8198
[0000][PE] # candidate unique pairs for (FF, FR, RF, RR): (0, 565, 0, 0)
[0000][PE] skip orientation FF as there are not enough pairs
[0000][PE] analyzing insert size distribution for orientation FR...
[0000][PE] (25, 50, 75) percentile: (375, 456, 542)
[0000][PE] low and high boundaries for computing mean and std.dev: (41, 876)
[0000][PE] mean and std.dev: (462.06, 126.28)
[0000][PE] low and high boundaries for proper pairs: (1, 1043)
[0000][PE] skip orientation RF as there are not enough pairs
[0000][PE] skip orientation RR as there are not enough pairs
[0000] 3. Calling kt_for - worker_sam
	[0000][ M::mem_process_seqs] Processed 8198 reads in 2.225 CPU sec, 2.256 real sec
[0000] read_chunk: 10000000, work_chunk_size: 0, nseq: 0
[0000] Computation ends..
No. of OMP threads: 1
Processor is running @2645.218632 MHz
Runtime profile:

	Time taken for main_mem function: 3.07 sec

	IO times (sec) :
	Reading IO time (reads) avg: 0.01, (0.01, 0.01)
	Writing IO time (SAM) avg: 0.15, (0.15, 0.15)
	Reading IO time (Reference Genome) avg: 0.24, (0.24, 0.24)
	Index read time avg: 0.33, (0.33, 0.33)

	Overall time (sec) (Excluding Index reading time):
	PROCESS() (Total compute time + (read + SAM) IO time) : 2.43
	MEM_PROCESS_SEQ() (Total compute time (Kernel + SAM)), avg: 2.26, (2.26, 2.26)

	 SAM Processing time (sec):
	--WORKER_SAM avg: 0.77, (0.77, 0.77)

	Kernels' compute time (sec):
	Total kernel (smem+sal+bsw) time avg: 1.49, (1.49, 1.49)
		SMEM compute avg: 0.56, (0.56, 0.56)
		SAL compute avg: 0.22, (0.22, 0.22)
				MEM_SA avg: 0.15, (0.15, 0.15)

		BSW time, avg: 0.68, (0.68, 0.68)

Important parameter settings: 
	BATCH_SIZE: 512
	MAX_SEQ_LEN_REF: 256
	MAX_SEQ_LEN_QER: 128
	MAX_SEQ_LEN8: 128
	SEEDS_PER_READ: 500
	SIMD_WIDTH8 X: 32
	SIMD_WIDTH16 X: 16
	AVG_SEEDS_PER_READ: 64
## filter-stats: kept 407; removed 7826
[gypsy7] final BAM reads: 407
=== [gypsy7] done ===
=== [Dana_Tom] starting in candidate_regions_data/JUT-008_MUN-009/Dana_Tom.FEgC ===
[Dana_Tom] contig count: 1  (Dana_Tom)
[Dana_Tom] hits.bam reads: 3015
[Dana_Tom] qname count:  1814
[Dana_Tom] pair.bam reads: 4359
[M::bam2fq_mainloop] discarded 0 singletons
[M::bam2fq_mainloop] processed 3628 reads
[Dana_Tom] FASTQ1 lines: 7256
[Dana_Tom] FASTQ2 lines: 7256
Looking to launch executable "/work/users/a/d/adaigle/.conda/envs/TEforest/bin/bwa-mem2.avx2", simd = .avx2
Launching executable "/work/users/a/d/adaigle/.conda/envs/TEforest/bin/bwa-mem2.avx2"
-----------------------------
Executing in AVX2 mode!!
-----------------------------
* SA compression enabled with xfactor: 8
* Ref file: fastp/ref_genome
* Entering FMI_search
* Index file found. Loading index from fastp/ref_genome.bwt.2bit.64
* Reference seq len for bi-index = 288895287
* sentinel-index: 149660069
* Count:
0,	1
1,	83687631
2,	144447644
3,	205207657
4,	288895287

* Reading other elements of the index from files fastp/ref_genome
* Index prefix: fastp/ref_genome
* Read 0 ALT contigs
* Done reading Index!!
* Reading reference genome..
* Binary seq file = fastp/ref_genome.0123
* Reference genome size: 288895286 bp
* Done reading reference genome !!

------------------------------------------
1. Memory pre-allocation for Chaining: 139.3584 MB
2. Memory pre-allocation for BSW: 239.6170 MB
3. Memory pre-allocation for BWT: 77.3142 MB
------------------------------------------
* Threads used (compute): 1
* No. of pipeline threads: 2

[0000] read_chunk: 10000000, work_chunk_size: 547322, nseq: 3628
	[0000][ M::kt_pipeline] read 3628 sequences (547322 bp)...
[0000] Calling mem_process_seqs.., task: 0
[0000] 1. Calling kt_for - worker_bwt
[0000] read_chunk: 10000000, work_chunk_size: 0, nseq: 0
[0000] 2. Calling kt_for - worker_aln
[0000] Inferring insert size distribution of PE reads from data, l_pac: 144447643, n: 3628
[0000][PE] # candidate unique pairs for (FF, FR, RF, RR): (0, 512, 0, 0)
[0000][PE] skip orientation FF as there are not enough pairs
[0000][PE] analyzing insert size distribution for orientation FR...
[0000][PE] (25, 50, 75) percentile: (363, 430, 501)
[0000][PE] low and high boundaries for computing mean and std.dev: (87, 777)
[0000][PE] mean and std.dev: (429.07, 119.31)
[0000][PE] low and high boundaries for proper pairs: (1, 915)
[0000][PE] skip orientation RF as there are not enough pairs
[0000][PE] skip orientation RR as there are not enough pairs
[0000] 3. Calling kt_for - worker_sam
	[0000][ M::mem_process_seqs] Processed 3628 reads in 3.008 CPU sec, 3.053 real sec
[0000] read_chunk: 10000000, work_chunk_size: 0, nseq: 0
[0000] Computation ends..
No. of OMP threads: 1
Processor is running @2645.230901 MHz
Runtime profile:

	Time taken for main_mem function: 3.76 sec

	IO times (sec) :
	Reading IO time (reads) avg: 0.01, (0.01, 0.01)
	Writing IO time (SAM) avg: 0.11, (0.11, 0.11)
	Reading IO time (Reference Genome) avg: 0.18, (0.18, 0.18)
	Index read time avg: 0.32, (0.32, 0.32)

	Overall time (sec) (Excluding Index reading time):
	PROCESS() (Total compute time + (read + SAM) IO time) : 3.18
	MEM_PROCESS_SEQ() (Total compute time (Kernel + SAM)), avg: 3.05, (3.05, 3.05)

	 SAM Processing time (sec):
	--WORKER_SAM avg: 1.47, (1.47, 1.47)

	Kernels' compute time (sec):
	Total kernel (smem+sal+bsw) time avg: 1.58, (1.58, 1.58)
		SMEM compute avg: 0.64, (0.64, 0.64)
		SAL compute avg: 0.21, (0.21, 0.21)
				MEM_SA avg: 0.12, (0.12, 0.12)

		BSW time, avg: 0.64, (0.64, 0.64)

Important parameter settings: 
	BATCH_SIZE: 512
	MAX_SEQ_LEN_REF: 256
	MAX_SEQ_LEN_QER: 128
	MAX_SEQ_LEN8: 128
	SEEDS_PER_READ: 500
	SIMD_WIDTH8 X: 32
	SIMD_WIDTH16 X: 16
	AVG_SEEDS_PER_READ: 64
## filter-stats: kept 3620; removed 1132
[Dana_Tom] final BAM reads: 3620
=== [Dana_Tom] done ===
=== [gypsy3] starting in candidate_regions_data/JUT-008_MUN-009/gypsy3.OSAB ===
[gypsy3] contig count: 1  (gypsy3)
[gypsy3] hits.bam reads: 8656
[gypsy3] qname count:  4824
[gypsy3] pair.bam reads: 10256
[M::bam2fq_mainloop] discarded 0 singletons
[M::bam2fq_mainloop] processed 9648 reads
[gypsy3] FASTQ1 lines: 19296
[gypsy3] FASTQ2 lines: 19296
Looking to launch executable "/work/users/a/d/adaigle/.conda/envs/TEforest/bin/bwa-mem2.avx2", simd = .avx2
Launching executable "/work/users/a/d/adaigle/.conda/envs/TEforest/bin/bwa-mem2.avx2"
-----------------------------
Executing in AVX2 mode!!
-----------------------------
* SA compression enabled with xfactor: 8
* Ref file: fastp/ref_genome
* Entering FMI_search
* Index file found. Loading index from fastp/ref_genome.bwt.2bit.64
* Reference seq len for bi-index = 288895287
* sentinel-index: 149660069
* Count:
0,	1
1,	83687631
2,	144447644
3,	205207657
4,	288895287

* Reading other elements of the index from files fastp/ref_genome
* Index prefix: fastp/ref_genome
* Read 0 ALT contigs
* Done reading Index!!
* Reading reference genome..
* Binary seq file = fastp/ref_genome.0123
* Reference genome size: 288895286 bp
* Done reading reference genome !!

------------------------------------------
1. Memory pre-allocation for Chaining: 139.3584 MB
2. Memory pre-allocation for BSW: 239.6170 MB
3. Memory pre-allocation for BWT: 77.3142 MB
------------------------------------------
* Threads used (compute): 1
* No. of pipeline threads: 2

[0000] read_chunk: 10000000, work_chunk_size: 1456662, nseq: 9648
	[0000][ M::kt_pipeline] read 9648 sequences (1456662 bp)...
[0000] Calling mem_process_seqs.., task: 0
[0000] 1. Calling kt_for - worker_bwt
[0000] read_chunk: 10000000, work_chunk_size: 0, nseq: 0
[0000] 2. Calling kt_for - worker_aln
[0000] Inferring insert size distribution of PE reads from data, l_pac: 144447643, n: 9648
[0000][PE] # candidate unique pairs for (FF, FR, RF, RR): (0, 1006, 0, 0)
[0000][PE] skip orientation FF as there are not enough pairs
[0000][PE] analyzing insert size distribution for orientation FR...
[0000][PE] (25, 50, 75) percentile: (389, 444, 529)
[0000][PE] low and high boundaries for computing mean and std.dev: (109, 809)
[0000][PE] mean and std.dev: (456.30, 109.55)
[0000][PE] low and high boundaries for proper pairs: (1, 949)
[0000][PE] skip orientation RF as there are not enough pairs
[0000][PE] skip orientation RR as there are not enough pairs
[0000] 3. Calling kt_for - worker_sam
	[0000][ M::mem_process_seqs] Processed 9648 reads in 2.764 CPU sec, 2.805 real sec
[0000] read_chunk: 10000000, work_chunk_size: 0, nseq: 0
[0000] Computation ends..
No. of OMP threads: 1
Processor is running @2645.339578 MHz
Runtime profile:

	Time taken for main_mem function: 3.22 sec

	IO times (sec) :
	Reading IO time (reads) avg: 0.01, (0.01, 0.01)
	Writing IO time (SAM) avg: 0.19, (0.19, 0.19)
	Reading IO time (Reference Genome) avg: 0.08, (0.08, 0.08)
	Index read time avg: 0.13, (0.13, 0.13)

	Overall time (sec) (Excluding Index reading time):
	PROCESS() (Total compute time + (read + SAM) IO time) : 3.01
	MEM_PROCESS_SEQ() (Total compute time (Kernel + SAM)), avg: 2.80, (2.80, 2.80)

	 SAM Processing time (sec):
	--WORKER_SAM avg: 1.02, (1.02, 1.02)

	Kernels' compute time (sec):
	Total kernel (smem+sal+bsw) time avg: 1.78, (1.78, 1.78)
		SMEM compute avg: 0.49, (0.49, 0.49)
		SAL compute avg: 0.21, (0.21, 0.21)
				MEM_SA avg: 0.12, (0.12, 0.12)

		BSW time, avg: 1.04, (1.04, 1.04)

Important parameter settings: 
	BATCH_SIZE: 512
	MAX_SEQ_LEN_REF: 256
	MAX_SEQ_LEN_QER: 128
	MAX_SEQ_LEN8: 128
	SEEDS_PER_READ: 500
	SIMD_WIDTH8 X: 32
	SIMD_WIDTH16 X: 16
	AVG_SEEDS_PER_READ: 64
## filter-stats: kept 896; removed 8842
[gypsy3] final BAM reads: 896
=== [gypsy3] done ===
=== [TART_A] starting in candidate_regions_data/JUT-008_MUN-009/TART_A.oBO4 ===
[TART_A] contig count: 1  (TART_A)
[TART_A] hits.bam reads: 6233
[TART_A] qname count:  3150
[TART_A] pair.bam reads: 6405
[M::bam2fq_mainloop] discarded 0 singletons
[M::bam2fq_mainloop] processed 6300 reads
[TART_A] FASTQ1 lines: 12600
[TART_A] FASTQ2 lines: 12600
Looking to launch executable "/work/users/a/d/adaigle/.conda/envs/TEforest/bin/bwa-mem2.avx2", simd = .avx2
Launching executable "/work/users/a/d/adaigle/.conda/envs/TEforest/bin/bwa-mem2.avx2"
-----------------------------
Executing in AVX2 mode!!
-----------------------------
* SA compression enabled with xfactor: 8
* Ref file: fastp/ref_genome
* Entering FMI_search
* Index file found. Loading index from fastp/ref_genome.bwt.2bit.64
* Reference seq len for bi-index = 288895287
* sentinel-index: 149660069
* Count:
0,	1
1,	83687631
2,	144447644
3,	205207657
4,	288895287

* Reading other elements of the index from files fastp/ref_genome
* Index prefix: fastp/ref_genome
* Read 0 ALT contigs
* Done reading Index!!
* Reading reference genome..
* Binary seq file = fastp/ref_genome.0123
* Reference genome size: 288895286 bp
* Done reading reference genome !!

------------------------------------------
1. Memory pre-allocation for Chaining: 139.3584 MB
2. Memory pre-allocation for BSW: 239.6170 MB
3. Memory pre-allocation for BWT: 77.3142 MB
------------------------------------------
* Threads used (compute): 1
* No. of pipeline threads: 2

[0000] read_chunk: 10000000, work_chunk_size: 948020, nseq: 6300
	[0000][ M::kt_pipeline] read 6300 sequences (948020 bp)...
[0000] Calling mem_process_seqs.., task: 0
[0000] 1. Calling kt_for - worker_bwt
[0000] read_chunk: 10000000, work_chunk_size: 0, nseq: 0
[0000] 2. Calling kt_for - worker_aln
[0000] Inferring insert size distribution of PE reads from data, l_pac: 144447643, n: 6300
[0000][PE] # candidate unique pairs for (FF, FR, RF, RR): (0, 155, 0, 0)
[0000][PE] skip orientation FF as there are not enough pairs
[0000][PE] analyzing insert size distribution for orientation FR...
[0000][PE] (25, 50, 75) percentile: (241, 444, 1923)
[0000][PE] low and high boundaries for computing mean and std.dev: (1, 5287)
[0000][PE] mean and std.dev: (831.43, 765.13)
[0000][PE] low and high boundaries for proper pairs: (1, 6969)
[0000][PE] skip orientation RF as there are not enough pairs
[0000][PE] skip orientation RR as there are not enough pairs
[0000] 3. Calling kt_for - worker_sam
	[0000][ M::mem_process_seqs] Processed 6300 reads in 3.414 CPU sec, 3.454 real sec
[0000] read_chunk: 10000000, work_chunk_size: 0, nseq: 0
[0000] Computation ends..
No. of OMP threads: 1
Processor is running @2645.359241 MHz
Runtime profile:

	Time taken for main_mem function: 4.22 sec

	IO times (sec) :
	Reading IO time (reads) avg: 0.01, (0.01, 0.01)
	Writing IO time (SAM) avg: 0.15, (0.15, 0.15)
	Reading IO time (Reference Genome) avg: 0.17, (0.17, 0.17)
	Index read time avg: 0.37, (0.37, 0.37)

	Overall time (sec) (Excluding Index reading time):
	PROCESS() (Total compute time + (read + SAM) IO time) : 3.61
	MEM_PROCESS_SEQ() (Total compute time (Kernel + SAM)), avg: 3.45, (3.45, 3.45)

	 SAM Processing time (sec):
	--WORKER_SAM avg: 1.80, (1.80, 1.80)

	Kernels' compute time (sec):
	Total kernel (smem+sal+bsw) time avg: 1.65, (1.65, 1.65)
		SMEM compute avg: 0.48, (0.48, 0.48)
		SAL compute avg: 0.22, (0.22, 0.22)
				MEM_SA avg: 0.14, (0.14, 0.14)

		BSW time, avg: 0.93, (0.93, 0.93)

Important parameter settings: 
	BATCH_SIZE: 512
	MAX_SEQ_LEN_REF: 256
	MAX_SEQ_LEN_QER: 128
	MAX_SEQ_LEN8: 128
	SEEDS_PER_READ: 500
	SIMD_WIDTH8 X: 32
	SIMD_WIDTH16 X: 16
	AVG_SEEDS_PER_READ: 64
## filter-stats: kept 1833; removed 4687
[TART_A] final BAM reads: 1833
=== [TART_A] done ===
=== [G5] starting in candidate_regions_data/JUT-008_MUN-009/G5.1fjE ===
[G5] contig count: 1  (G5)
[G5] hits.bam reads: 10106
[G5] qname count:  5244
[G5] pair.bam reads: 11177
[M::bam2fq_mainloop] discarded 0 singletons
[M::bam2fq_mainloop] processed 10488 reads
[G5] FASTQ1 lines: 20976
[G5] FASTQ2 lines: 20976
Looking to launch executable "/work/users/a/d/adaigle/.conda/envs/TEforest/bin/bwa-mem2.avx2", simd = .avx2
Launching executable "/work/users/a/d/adaigle/.conda/envs/TEforest/bin/bwa-mem2.avx2"
-----------------------------
Executing in AVX2 mode!!
-----------------------------
* SA compression enabled with xfactor: 8
* Ref file: fastp/ref_genome
* Entering FMI_search
* Index file found. Loading index from fastp/ref_genome.bwt.2bit.64
* Reference seq len for bi-index = 288895287
* sentinel-index: 149660069
* Count:
0,	1
1,	83687631
2,	144447644
3,	205207657
4,	288895287

* Reading other elements of the index from files fastp/ref_genome
* Index prefix: fastp/ref_genome
* Read 0 ALT contigs
* Done reading Index!!
* Reading reference genome..
* Binary seq file = fastp/ref_genome.0123
* Reference genome size: 288895286 bp
* Done reading reference genome !!

------------------------------------------
1. Memory pre-allocation for Chaining: 139.3584 MB
2. Memory pre-allocation for BSW: 239.6170 MB
3. Memory pre-allocation for BWT: 77.3142 MB
------------------------------------------
* Threads used (compute): 1
* No. of pipeline threads: 2

[0000] read_chunk: 10000000, work_chunk_size: 1582452, nseq: 10488
	[0000][ M::kt_pipeline] read 10488 sequences (1582452 bp)...
[0000] read_chunk: 10000000, work_chunk_size: 0, nseq: 0
[0000] Calling mem_process_seqs.., task: 0
[0000] 1. Calling kt_for - worker_bwt
[0000] 2. Calling kt_for - worker_aln
[0000] Inferring insert size distribution of PE reads from data, l_pac: 144447643, n: 10488
[0000][PE] # candidate unique pairs for (FF, FR, RF, RR): (0, 927, 1, 0)
[0000][PE] skip orientation FF as there are not enough pairs
[0000][PE] analyzing insert size distribution for orientation FR...
[0000][PE] (25, 50, 75) percentile: (394, 455, 538)
[0000][PE] low and high boundaries for computing mean and std.dev: (106, 826)
[0000][PE] mean and std.dev: (466.42, 113.83)
[0000][PE] low and high boundaries for proper pairs: (1, 970)
[0000][PE] skip orientation RF as there are not enough pairs
[0000][PE] skip orientation RR as there are not enough pairs
[0000] 3. Calling kt_for - worker_sam
	[0000][ M::mem_process_seqs] Processed 10488 reads in 3.138 CPU sec, 3.166 real sec
[0000] read_chunk: 10000000, work_chunk_size: 0, nseq: 0
[0000] Computation ends..
No. of OMP threads: 1
Processor is running @2645.300887 MHz
Runtime profile:

	Time taken for main_mem function: 4.01 sec

	IO times (sec) :
	Reading IO time (reads) avg: 0.02, (0.02, 0.02)
	Writing IO time (SAM) avg: 0.21, (0.21, 0.21)
	Reading IO time (Reference Genome) avg: 0.18, (0.18, 0.18)
	Index read time avg: 0.36, (0.36, 0.36)

	Overall time (sec) (Excluding Index reading time):
	PROCESS() (Total compute time + (read + SAM) IO time) : 3.40
	MEM_PROCESS_SEQ() (Total compute time (Kernel + SAM)), avg: 3.17, (3.17, 3.17)

	 SAM Processing time (sec):
	--WORKER_SAM avg: 1.33, (1.33, 1.33)

	Kernels' compute time (sec):
	Total kernel (smem+sal+bsw) time avg: 1.83, (1.83, 1.83)
		SMEM compute avg: 0.46, (0.46, 0.46)
		SAL compute avg: 0.20, (0.20, 0.20)
				MEM_SA avg: 0.11, (0.11, 0.11)

		BSW time, avg: 1.14, (1.14, 1.14)

Important parameter settings: 
	BATCH_SIZE: 512
	MAX_SEQ_LEN_REF: 256
	MAX_SEQ_LEN_QER: 128
	MAX_SEQ_LEN8: 128
	SEEDS_PER_READ: 500
	SIMD_WIDTH8 X: 32
	SIMD_WIDTH16 X: 16
	AVG_SEEDS_PER_READ: 64
## filter-stats: kept 661; removed 9897
[G5] final BAM reads: 661
=== [G5] done ===
=== [gypsy2] starting in candidate_regions_data/JUT-008_MUN-009/gypsy2.7Nay ===
[gypsy2] contig count: 1  (gypsy2)
[gypsy2] hits.bam reads: 15582
[gypsy2] qname count:  7879
[gypsy2] pair.bam reads: 16304
[M::bam2fq_mainloop] discarded 0 singletons
[M::bam2fq_mainloop] processed 15758 reads
[gypsy2] FASTQ1 lines: 31516
[gypsy2] FASTQ2 lines: 31516
Looking to launch executable "/work/users/a/d/adaigle/.conda/envs/TEforest/bin/bwa-mem2.avx2", simd = .avx2
Launching executable "/work/users/a/d/adaigle/.conda/envs/TEforest/bin/bwa-mem2.avx2"
-----------------------------
Executing in AVX2 mode!!
-----------------------------
* SA compression enabled with xfactor: 8
* Ref file: fastp/ref_genome
* Entering FMI_search
* Index file found. Loading index from fastp/ref_genome.bwt.2bit.64
* Reference seq len for bi-index = 288895287
* sentinel-index: 149660069
* Count:
0,	1
1,	83687631
2,	144447644
3,	205207657
4,	288895287

* Reading other elements of the index from files fastp/ref_genome
* Index prefix: fastp/ref_genome
* Read 0 ALT contigs
* Done reading Index!!
* Reading reference genome..
* Binary seq file = fastp/ref_genome.0123
* Reference genome size: 288895286 bp
* Done reading reference genome !!

------------------------------------------
1. Memory pre-allocation for Chaining: 139.3584 MB
2. Memory pre-allocation for BSW: 239.6170 MB
3. Memory pre-allocation for BWT: 77.3142 MB
------------------------------------------
* Threads used (compute): 1
* No. of pipeline threads: 2

[0000] read_chunk: 10000000, work_chunk_size: 2378970, nseq: 15758
	[0000][ M::kt_pipeline] read 15758 sequences (2378970 bp)...
[0000] read_chunk: 10000000, work_chunk_size: 0, nseq: 0
[0000] Calling mem_process_seqs.., task: 0
[0000] 1. Calling kt_for - worker_bwt
[0000] 2. Calling kt_for - worker_aln
[0000] Inferring insert size distribution of PE reads from data, l_pac: 144447643, n: 15758
[0000][PE] # candidate unique pairs for (FF, FR, RF, RR): (0, 2174, 0, 0)
[0000][PE] skip orientation FF as there are not enough pairs
[0000][PE] analyzing insert size distribution for orientation FR...
[0000][PE] (25, 50, 75) percentile: (382, 450, 524)
[0000][PE] low and high boundaries for computing mean and std.dev: (98, 808)
[0000][PE] mean and std.dev: (456.59, 107.44)
[0000][PE] low and high boundaries for proper pairs: (1, 950)
[0000][PE] skip orientation RF as there are not enough pairs
[0000][PE] skip orientation RR as there are not enough pairs
[0000] 3. Calling kt_for - worker_sam
	[0000][ M::mem_process_seqs] Processed 15758 reads in 4.945 CPU sec, 5.038 real sec
[0000] read_chunk: 10000000, work_chunk_size: 0, nseq: 0
[0000] Computation ends..
No. of OMP threads: 1
Processor is running @2645.211265 MHz
Runtime profile:

	Time taken for main_mem function: 6.06 sec

	IO times (sec) :
	Reading IO time (reads) avg: 0.02, (0.02, 0.02)
	Writing IO time (SAM) avg: 0.39, (0.39, 0.39)
	Reading IO time (Reference Genome) avg: 0.19, (0.19, 0.19)
	Index read time avg: 0.35, (0.35, 0.35)

	Overall time (sec) (Excluding Index reading time):
	PROCESS() (Total compute time + (read + SAM) IO time) : 5.46
	MEM_PROCESS_SEQ() (Total compute time (Kernel + SAM)), avg: 5.04, (5.04, 5.04)

	 SAM Processing time (sec):
	--WORKER_SAM avg: 1.42, (1.42, 1.42)

	Kernels' compute time (sec):
	Total kernel (smem+sal+bsw) time avg: 3.61, (3.61, 3.61)
		SMEM compute avg: 0.77, (0.77, 0.77)
		SAL compute avg: 0.34, (0.34, 0.34)
				MEM_SA avg: 0.20, (0.20, 0.20)

		BSW time, avg: 2.43, (2.43, 2.43)

Important parameter settings: 
	BATCH_SIZE: 512
	MAX_SEQ_LEN_REF: 256
	MAX_SEQ_LEN_QER: 128
	MAX_SEQ_LEN8: 128
	SEEDS_PER_READ: 500
	SIMD_WIDTH8 X: 32
	SIMD_WIDTH16 X: 16
	AVG_SEEDS_PER_READ: 64
## filter-stats: kept 1227; removed 14699
[gypsy2] final BAM reads: 1227
=== [gypsy2] done ===
=== [rooA] starting in candidate_regions_data/JUT-008_MUN-009/rooA.qk8U ===
[rooA] contig count: 1  (rooA)
[rooA] hits.bam reads: 18705
[rooA] qname count:  9426
[rooA] pair.bam reads: 20133
[M::bam2fq_mainloop] discarded 0 singletons
[M::bam2fq_mainloop] processed 18852 reads
[rooA] FASTQ1 lines: 37704
[rooA] FASTQ2 lines: 37704
Looking to launch executable "/work/users/a/d/adaigle/.conda/envs/TEforest/bin/bwa-mem2.avx2", simd = .avx2
Launching executable "/work/users/a/d/adaigle/.conda/envs/TEforest/bin/bwa-mem2.avx2"
-----------------------------
Executing in AVX2 mode!!
-----------------------------
* SA compression enabled with xfactor: 8
* Ref file: fastp/ref_genome
* Entering FMI_search
* Index file found. Loading index from fastp/ref_genome.bwt.2bit.64
* Reference seq len for bi-index = 288895287
* sentinel-index: 149660069
* Count:
0,	1
1,	83687631
2,	144447644
3,	205207657
4,	288895287

* Reading other elements of the index from files fastp/ref_genome
* Index prefix: fastp/ref_genome
* Read 0 ALT contigs
* Done reading Index!!
* Reading reference genome..
* Binary seq file = fastp/ref_genome.0123
* Reference genome size: 288895286 bp
* Done reading reference genome !!

------------------------------------------
1. Memory pre-allocation for Chaining: 139.3584 MB
2. Memory pre-allocation for BSW: 239.6170 MB
3. Memory pre-allocation for BWT: 77.3142 MB
------------------------------------------
* Threads used (compute): 1
* No. of pipeline threads: 2

[0000] read_chunk: 10000000, work_chunk_size: 2846164, nseq: 18852
	[0000][ M::kt_pipeline] read 18852 sequences (2846164 bp)...
[0000] read_chunk: 10000000, work_chunk_size: 0, nseq: 0
[0000] Calling mem_process_seqs.., task: 0
[0000] 1. Calling kt_for - worker_bwt
[0000] 2. Calling kt_for - worker_aln
[0000] Inferring insert size distribution of PE reads from data, l_pac: 144447643, n: 18852
[0000][PE] # candidate unique pairs for (FF, FR, RF, RR): (0, 2042, 0, 0)
[0000][PE] skip orientation FF as there are not enough pairs
[0000][PE] analyzing insert size distribution for orientation FR...
[0000][PE] (25, 50, 75) percentile: (388, 455, 534)
[0000][PE] low and high boundaries for computing mean and std.dev: (96, 826)
[0000][PE] mean and std.dev: (461.02, 113.52)
[0000][PE] low and high boundaries for proper pairs: (1, 972)
[0000][PE] skip orientation RF as there are not enough pairs
[0000][PE] skip orientation RR as there are not enough pairs
[0000] 3. Calling kt_for - worker_sam
	[0000][ M::mem_process_seqs] Processed 18852 reads in 5.809 CPU sec, 5.863 real sec
[0000] read_chunk: 10000000, work_chunk_size: 0, nseq: 0
[0000] Computation ends..
No. of OMP threads: 1
Processor is running @2645.230530 MHz
Runtime profile:

	Time taken for main_mem function: 6.69 sec

	IO times (sec) :
	Reading IO time (reads) avg: 0.02, (0.02, 0.02)
	Writing IO time (SAM) avg: 0.37, (0.37, 0.37)
	Reading IO time (Reference Genome) avg: 0.08, (0.08, 0.08)
	Index read time avg: 0.32, (0.32, 0.32)

	Overall time (sec) (Excluding Index reading time):
	PROCESS() (Total compute time + (read + SAM) IO time) : 6.26
	MEM_PROCESS_SEQ() (Total compute time (Kernel + SAM)), avg: 5.86, (5.86, 5.86)

	 SAM Processing time (sec):
	--WORKER_SAM avg: 2.52, (2.52, 2.52)

	Kernels' compute time (sec):
	Total kernel (smem+sal+bsw) time avg: 3.34, (3.34, 3.34)
		SMEM compute avg: 0.95, (0.95, 0.95)
		SAL compute avg: 0.40, (0.40, 0.40)
				MEM_SA avg: 0.21, (0.21, 0.21)

		BSW time, avg: 1.92, (1.92, 1.92)

Important parameter settings: 
	BATCH_SIZE: 512
	MAX_SEQ_LEN_REF: 256
	MAX_SEQ_LEN_QER: 128
	MAX_SEQ_LEN8: 128
	SEEDS_PER_READ: 500
	SIMD_WIDTH8 X: 32
	SIMD_WIDTH16 X: 16
	AVG_SEEDS_PER_READ: 64
## filter-stats: kept 2391; removed 16737
[rooA] final BAM reads: 2391
=== [rooA] done ===
=== [Cr1a] starting in candidate_regions_data/JUT-008_MUN-009/Cr1a.97Bk ===
[Cr1a] contig count: 1  (Cr1a)
[Cr1a] hits.bam reads: 20815
[Cr1a] qname count:  10868
[Cr1a] pair.bam reads: 22405
[M::bam2fq_mainloop] discarded 0 singletons
[M::bam2fq_mainloop] processed 21736 reads
[Cr1a] FASTQ1 lines: 43472
[Cr1a] FASTQ2 lines: 43472
Looking to launch executable "/work/users/a/d/adaigle/.conda/envs/TEforest/bin/bwa-mem2.avx2", simd = .avx2
Launching executable "/work/users/a/d/adaigle/.conda/envs/TEforest/bin/bwa-mem2.avx2"
-----------------------------
Executing in AVX2 mode!!
-----------------------------
* SA compression enabled with xfactor: 8
* Ref file: fastp/ref_genome
* Entering FMI_search
* Index file found. Loading index from fastp/ref_genome.bwt.2bit.64
* Reference seq len for bi-index = 288895287
* sentinel-index: 149660069
* Count:
0,	1
1,	83687631
2,	144447644
3,	205207657
4,	288895287

* Reading other elements of the index from files fastp/ref_genome
* Index prefix: fastp/ref_genome
* Read 0 ALT contigs
* Done reading Index!!
* Reading reference genome..
* Binary seq file = fastp/ref_genome.0123
* Reference genome size: 288895286 bp
* Done reading reference genome !!

------------------------------------------
1. Memory pre-allocation for Chaining: 139.3584 MB
2. Memory pre-allocation for BSW: 239.6170 MB
3. Memory pre-allocation for BWT: 77.3142 MB
------------------------------------------
* Threads used (compute): 1
* No. of pipeline threads: 2

[0000] read_chunk: 10000000, work_chunk_size: 3281990, nseq: 21736
	[0000][ M::kt_pipeline] read 21736 sequences (3281990 bp)...
[0000] read_chunk: 10000000, work_chunk_size: 0, nseq: 0
[0000] Calling mem_process_seqs.., task: 0
[0000] 1. Calling kt_for - worker_bwt
[0000] 2. Calling kt_for - worker_aln
[0000] Inferring insert size distribution of PE reads from data, l_pac: 144447643, n: 21736
[0000][PE] # candidate unique pairs for (FF, FR, RF, RR): (0, 2602, 9, 0)
[0000][PE] skip orientation FF as there are not enough pairs
[0000][PE] analyzing insert size distribution for orientation FR...
[0000][PE] (25, 50, 75) percentile: (381, 448, 525)
[0000][PE] low and high boundaries for computing mean and std.dev: (93, 813)
[0000][PE] mean and std.dev: (456.67, 110.80)
[0000][PE] low and high boundaries for proper pairs: (1, 957)
[0000][PE] skip orientation RF as there are not enough pairs
[0000][PE] skip orientation RR as there are not enough pairs
[0000] 3. Calling kt_for - worker_sam
	[0000][ M::mem_process_seqs] Processed 21736 reads in 5.815 CPU sec, 5.924 real sec
[0000] read_chunk: 10000000, work_chunk_size: 0, nseq: 0
[0000] Computation ends..
No. of OMP threads: 1
Processor is running @2645.221255 MHz
Runtime profile:

	Time taken for main_mem function: 6.95 sec

	IO times (sec) :
	Reading IO time (reads) avg: 0.03, (0.03, 0.03)
	Writing IO time (SAM) avg: 0.40, (0.40, 0.40)
	Reading IO time (Reference Genome) avg: 0.18, (0.18, 0.18)
	Index read time avg: 0.33, (0.33, 0.33)

	Overall time (sec) (Excluding Index reading time):
	PROCESS() (Total compute time + (read + SAM) IO time) : 6.37
	MEM_PROCESS_SEQ() (Total compute time (Kernel + SAM)), avg: 5.92, (5.92, 5.92)

	 SAM Processing time (sec):
	--WORKER_SAM avg: 2.62, (2.62, 2.62)

	Kernels' compute time (sec):
	Total kernel (smem+sal+bsw) time avg: 3.31, (3.31, 3.31)
		SMEM compute avg: 1.09, (1.09, 1.09)
		SAL compute avg: 0.43, (0.43, 0.43)
				MEM_SA avg: 0.22, (0.22, 0.22)

		BSW time, avg: 1.70, (1.70, 1.70)

Important parameter settings: 
	BATCH_SIZE: 512
	MAX_SEQ_LEN_REF: 256
	MAX_SEQ_LEN_QER: 128
	MAX_SEQ_LEN8: 128
	SEEDS_PER_READ: 500
	SIMD_WIDTH8 X: 32
	SIMD_WIDTH16 X: 16
	AVG_SEEDS_PER_READ: 64
## filter-stats: kept 1998; removed 19942
[Cr1a] final BAM reads: 1998
=== [Cr1a] done ===
=== [Ninja] starting in candidate_regions_data/JUT-008_MUN-009/Ninja.sG2g ===
[Ninja] contig count: 1  (Ninja)
[Ninja] hits.bam reads: 13490
[Ninja] qname count:  6664
[Ninja] pair.bam reads: 14082
[M::bam2fq_mainloop] discarded 0 singletons
[M::bam2fq_mainloop] processed 13328 reads
[Ninja] FASTQ1 lines: 26656
[Ninja] FASTQ2 lines: 26656
Looking to launch executable "/work/users/a/d/adaigle/.conda/envs/TEforest/bin/bwa-mem2.avx2", simd = .avx2
Launching executable "/work/users/a/d/adaigle/.conda/envs/TEforest/bin/bwa-mem2.avx2"
-----------------------------
Executing in AVX2 mode!!
-----------------------------
* SA compression enabled with xfactor: 8
* Ref file: fastp/ref_genome
* Entering FMI_search
* Index file found. Loading index from fastp/ref_genome.bwt.2bit.64
* Reference seq len for bi-index = 288895287
* sentinel-index: 149660069
* Count:
0,	1
1,	83687631
2,	144447644
3,	205207657
4,	288895287

* Reading other elements of the index from files fastp/ref_genome
* Index prefix: fastp/ref_genome
* Read 0 ALT contigs
* Done reading Index!!
* Reading reference genome..
* Binary seq file = fastp/ref_genome.0123
* Reference genome size: 288895286 bp
* Done reading reference genome !!

------------------------------------------
1. Memory pre-allocation for Chaining: 139.3584 MB
2. Memory pre-allocation for BSW: 239.6170 MB
3. Memory pre-allocation for BWT: 77.3142 MB
------------------------------------------
* Threads used (compute): 1
* No. of pipeline threads: 2

[0000] read_chunk: 10000000, work_chunk_size: 2011580, nseq: 13328
	[0000][ M::kt_pipeline] read 13328 sequences (2011580 bp)...
[0000] Calling mem_process_seqs.., task: 0
[0000] 1. Calling kt_for - worker_bwt
[0000] read_chunk: 10000000, work_chunk_size: 0, nseq: 0
[0000] 2. Calling kt_for - worker_aln
[0000] Inferring insert size distribution of PE reads from data, l_pac: 144447643, n: 13328
[0000][PE] # candidate unique pairs for (FF, FR, RF, RR): (0, 679, 1, 0)
[0000][PE] skip orientation FF as there are not enough pairs
[0000][PE] analyzing insert size distribution for orientation FR...
[0000][PE] (25, 50, 75) percentile: (386, 456, 530)
[0000][PE] low and high boundaries for computing mean and std.dev: (98, 818)
[0000][PE] mean and std.dev: (458.04, 111.63)
[0000][PE] low and high boundaries for proper pairs: (1, 962)
[0000][PE] skip orientation RF as there are not enough pairs
[0000][PE] skip orientation RR as there are not enough pairs
[0000] 3. Calling kt_for - worker_sam
	[0000][ M::mem_process_seqs] Processed 13328 reads in 6.424 CPU sec, 6.496 real sec
[0000] read_chunk: 10000000, work_chunk_size: 0, nseq: 0
[0000] Computation ends..
No. of OMP threads: 1
Processor is running @2645.223932 MHz
Runtime profile:

	Time taken for main_mem function: 7.39 sec

	IO times (sec) :
	Reading IO time (reads) avg: 0.01, (0.01, 0.01)
	Writing IO time (SAM) avg: 0.26, (0.26, 0.26)
	Reading IO time (Reference Genome) avg: 0.18, (0.18, 0.18)
	Index read time avg: 0.36, (0.36, 0.36)

	Overall time (sec) (Excluding Index reading time):
	PROCESS() (Total compute time + (read + SAM) IO time) : 6.77
	MEM_PROCESS_SEQ() (Total compute time (Kernel + SAM)), avg: 6.50, (6.50, 6.50)

	 SAM Processing time (sec):
	--WORKER_SAM avg: 3.15, (3.15, 3.15)

	Kernels' compute time (sec):
	Total kernel (smem+sal+bsw) time avg: 3.34, (3.34, 3.34)
		SMEM compute avg: 0.61, (0.61, 0.61)
		SAL compute avg: 0.33, (0.33, 0.33)
				MEM_SA avg: 0.17, (0.17, 0.17)

		BSW time, avg: 2.32, (2.32, 2.32)

Important parameter settings: 
	BATCH_SIZE: 512
	MAX_SEQ_LEN_REF: 256
	MAX_SEQ_LEN_QER: 128
	MAX_SEQ_LEN8: 128
	SEEDS_PER_READ: 500
	SIMD_WIDTH8 X: 32
	SIMD_WIDTH16 X: 16
	AVG_SEEDS_PER_READ: 64
## filter-stats: kept 1547; removed 12042
[Ninja] final BAM reads: 1547
=== [Ninja] done ===
=== [accord2] starting in candidate_regions_data/JUT-008_MUN-009/accord2.O5yc ===
[accord2] contig count: 1  (accord2)
[accord2] hits.bam reads: 14058
[accord2] qname count:  7731
[accord2] pair.bam reads: 16946
[M::bam2fq_mainloop] discarded 0 singletons
[M::bam2fq_mainloop] processed 15462 reads
[accord2] FASTQ1 lines: 30924
[accord2] FASTQ2 lines: 30924
Looking to launch executable "/work/users/a/d/adaigle/.conda/envs/TEforest/bin/bwa-mem2.avx2", simd = .avx2
Launching executable "/work/users/a/d/adaigle/.conda/envs/TEforest/bin/bwa-mem2.avx2"
-----------------------------
Executing in AVX2 mode!!
-----------------------------
* SA compression enabled with xfactor: 8
* Ref file: fastp/ref_genome
* Entering FMI_search
* Index file found. Loading index from fastp/ref_genome.bwt.2bit.64
* Reference seq len for bi-index = 288895287
* sentinel-index: 149660069
* Count:
0,	1
1,	83687631
2,	144447644
3,	205207657
4,	288895287

* Reading other elements of the index from files fastp/ref_genome
* Index prefix: fastp/ref_genome
* Read 0 ALT contigs
* Done reading Index!!
* Reading reference genome..
* Binary seq file = fastp/ref_genome.0123
* Reference genome size: 288895286 bp
* Done reading reference genome !!

------------------------------------------
1. Memory pre-allocation for Chaining: 139.3584 MB
2. Memory pre-allocation for BSW: 239.6170 MB
3. Memory pre-allocation for BWT: 77.3142 MB
------------------------------------------
* Threads used (compute): 1
* No. of pipeline threads: 2

[0000] read_chunk: 10000000, work_chunk_size: 2333464, nseq: 15462
	[0000][ M::kt_pipeline] read 15462 sequences (2333464 bp)...
[0000] Calling mem_process_seqs.., task: 0
[0000] 1. Calling kt_for - worker_bwt
[0000] read_chunk: 10000000, work_chunk_size: 0, nseq: 0
[0000] 2. Calling kt_for - worker_aln
[0000] Inferring insert size distribution of PE reads from data, l_pac: 144447643, n: 15462
[0000][PE] # candidate unique pairs for (FF, FR, RF, RR): (0, 1456, 0, 0)
[0000][PE] skip orientation FF as there are not enough pairs
[0000][PE] analyzing insert size distribution for orientation FR...
[0000][PE] (25, 50, 75) percentile: (369, 434, 509)
[0000][PE] low and high boundaries for computing mean and std.dev: (89, 789)
[0000][PE] mean and std.dev: (439.02, 114.60)
[0000][PE] low and high boundaries for proper pairs: (1, 929)
[0000][PE] skip orientation RF as there are not enough pairs
[0000][PE] skip orientation RR as there are not enough pairs
[0000] 3. Calling kt_for - worker_sam
	[0000][ M::mem_process_seqs] Processed 15462 reads in 6.715 CPU sec, 6.834 real sec
[0000] read_chunk: 10000000, work_chunk_size: 0, nseq: 0
[0000] Computation ends..
No. of OMP threads: 1
Processor is running @2645.212165 MHz
Runtime profile:

	Time taken for main_mem function: 7.64 sec

	IO times (sec) :
	Reading IO time (reads) avg: 0.02, (0.02, 0.02)
	Writing IO time (SAM) avg: 0.33, (0.33, 0.33)
	Reading IO time (Reference Genome) avg: 0.09, (0.09, 0.09)
	Index read time avg: 0.31, (0.31, 0.31)

	Overall time (sec) (Excluding Index reading time):
	PROCESS() (Total compute time + (read + SAM) IO time) : 7.19
	MEM_PROCESS_SEQ() (Total compute time (Kernel + SAM)), avg: 6.83, (6.83, 6.83)

	 SAM Processing time (sec):
	--WORKER_SAM avg: 2.82, (2.82, 2.82)

	Kernels' compute time (sec):
	Total kernel (smem+sal+bsw) time avg: 4.01, (4.01, 4.01)
		SMEM compute avg: 0.92, (0.92, 0.92)
		SAL compute avg: 0.41, (0.41, 0.41)
				MEM_SA avg: 0.22, (0.22, 0.22)

		BSW time, avg: 2.58, (2.58, 2.58)

Important parameter settings: 
	BATCH_SIZE: 512
	MAX_SEQ_LEN_REF: 256
	MAX_SEQ_LEN_QER: 128
	MAX_SEQ_LEN8: 128
	SEEDS_PER_READ: 500
	SIMD_WIDTH8 X: 32
	SIMD_WIDTH16 X: 16
	AVG_SEEDS_PER_READ: 64
## filter-stats: kept 3090; removed 12696
[accord2] final BAM reads: 3090
=== [accord2] done ===
=== [R2_element] starting in candidate_regions_data/JUT-008_MUN-009/R2_element.2RQk ===
[R2_element] contig count: 1  (R2_element)
[R2_element] hits.bam reads: 26168
[R2_element] qname count:  13467
[R2_element] pair.bam reads: 27258
[M::bam2fq_mainloop] discarded 0 singletons
[M::bam2fq_mainloop] processed 26934 reads
[R2_element] FASTQ1 lines: 53868
[R2_element] FASTQ2 lines: 53868
Looking to launch executable "/work/users/a/d/adaigle/.conda/envs/TEforest/bin/bwa-mem2.avx2", simd = .avx2
Launching executable "/work/users/a/d/adaigle/.conda/envs/TEforest/bin/bwa-mem2.avx2"
-----------------------------
Executing in AVX2 mode!!
-----------------------------
* SA compression enabled with xfactor: 8
* Ref file: fastp/ref_genome
* Entering FMI_search
* Index file found. Loading index from fastp/ref_genome.bwt.2bit.64
* Reference seq len for bi-index = 288895287
* sentinel-index: 149660069
* Count:
0,	1
1,	83687631
2,	144447644
3,	205207657
4,	288895287

* Reading other elements of the index from files fastp/ref_genome
* Index prefix: fastp/ref_genome
* Read 0 ALT contigs
* Done reading Index!!
* Reading reference genome..
* Binary seq file = fastp/ref_genome.0123
* Reference genome size: 288895286 bp
* Done reading reference genome !!

------------------------------------------
1. Memory pre-allocation for Chaining: 139.3584 MB
2. Memory pre-allocation for BSW: 239.6170 MB
3. Memory pre-allocation for BWT: 77.3142 MB
------------------------------------------
* Threads used (compute): 1
* No. of pipeline threads: 2

[0000] read_chunk: 10000000, work_chunk_size: 4066286, nseq: 26934
	[0000][ M::kt_pipeline] read 26934 sequences (4066286 bp)...
[0000] read_chunk: 10000000, work_chunk_size: 0, nseq: 0
[0000] Calling mem_process_seqs.., task: 0
[0000] 1. Calling kt_for - worker_bwt
[0000] 2. Calling kt_for - worker_aln
[0000] Inferring insert size distribution of PE reads from data, l_pac: 144447643, n: 26934
[0000][PE] # candidate unique pairs for (FF, FR, RF, RR): (0, 101, 0, 0)
[0000][PE] skip orientation FF as there are not enough pairs
[0000][PE] analyzing insert size distribution for orientation FR...
[0000][PE] (25, 50, 75) percentile: (372, 442, 556)
[0000][PE] low and high boundaries for computing mean and std.dev: (4, 924)
[0000][PE] mean and std.dev: (456.42, 144.40)
[0000][PE] low and high boundaries for proper pairs: (1, 1108)
[0000][PE] skip orientation RF as there are not enough pairs
[0000][PE] skip orientation RR as there are not enough pairs
[0000] 3. Calling kt_for - worker_sam
	[0000][ M::mem_process_seqs] Processed 26934 reads in 11.436 CPU sec, 11.544 real sec
[0000] read_chunk: 10000000, work_chunk_size: 0, nseq: 0
[0000] Computation ends..
No. of OMP threads: 1
Processor is running @2645.213411 MHz
Runtime profile:

	Time taken for main_mem function: 12.28 sec

	IO times (sec) :
	Reading IO time (reads) avg: 0.03, (0.03, 0.03)
	Writing IO time (SAM) avg: 0.49, (0.49, 0.49)
	Reading IO time (Reference Genome) avg: 0.07, (0.07, 0.07)
	Index read time avg: 0.12, (0.12, 0.12)

	Overall time (sec) (Excluding Index reading time):
	PROCESS() (Total compute time + (read + SAM) IO time) : 12.08
	MEM_PROCESS_SEQ() (Total compute time (Kernel + SAM)), avg: 11.54, (11.54, 11.54)

	 SAM Processing time (sec):
	--WORKER_SAM avg: 4.11, (4.11, 4.11)

	Kernels' compute time (sec):
	Total kernel (smem+sal+bsw) time avg: 7.43, (7.43, 7.43)
		SMEM compute avg: 0.84, (0.84, 0.84)
		SAL compute avg: 0.59, (0.59, 0.59)
				MEM_SA avg: 0.30, (0.30, 0.30)

		BSW time, avg: 5.89, (5.89, 5.89)

Important parameter settings: 
	BATCH_SIZE: 512
	MAX_SEQ_LEN_REF: 256
	MAX_SEQ_LEN_QER: 128
	MAX_SEQ_LEN8: 128
	SEEDS_PER_READ: 500
	SIMD_WIDTH8 X: 32
	SIMD_WIDTH16 X: 16
	AVG_SEEDS_PER_READ: 64
## filter-stats: kept 4857; removed 22641
[R2_element] final BAM reads: 4857
=== [R2_element] done ===
=== [baggins] starting in candidate_regions_data/JUT-008_MUN-009/baggins.Msx5 ===
[baggins] contig count: 1  (baggins)
[baggins] hits.bam reads: 51967
[baggins] qname count:  25933
[baggins] pair.bam reads: 54533
[M::bam2fq_mainloop] discarded 0 singletons
[M::bam2fq_mainloop] processed 51866 reads
[baggins] FASTQ1 lines: 103732
[baggins] FASTQ2 lines: 103732
Looking to launch executable "/work/users/a/d/adaigle/.conda/envs/TEforest/bin/bwa-mem2.avx2", simd = .avx2
Launching executable "/work/users/a/d/adaigle/.conda/envs/TEforest/bin/bwa-mem2.avx2"
-----------------------------
Executing in AVX2 mode!!
-----------------------------
* SA compression enabled with xfactor: 8
* Ref file: fastp/ref_genome
* Entering FMI_search
* Index file found. Loading index from fastp/ref_genome.bwt.2bit.64
* Reference seq len for bi-index = 288895287
* sentinel-index: 149660069
* Count:
0,	1
1,	83687631
2,	144447644
3,	205207657
4,	288895287

* Reading other elements of the index from files fastp/ref_genome
* Index prefix: fastp/ref_genome
* Read 0 ALT contigs
* Done reading Index!!
* Reading reference genome..
* Binary seq file = fastp/ref_genome.0123
* Reference genome size: 288895286 bp
* Done reading reference genome !!

------------------------------------------
1. Memory pre-allocation for Chaining: 139.3584 MB
2. Memory pre-allocation for BSW: 239.6170 MB
3. Memory pre-allocation for BWT: 77.3142 MB
------------------------------------------
* Threads used (compute): 1
* No. of pipeline threads: 2

[0000] read_chunk: 10000000, work_chunk_size: 7829538, nseq: 51866
	[0000][ M::kt_pipeline] read 51866 sequences (7829538 bp)...
[0000] read_chunk: 10000000, work_chunk_size: 0, nseq: 0
[0000] Calling mem_process_seqs.., task: 0
[0000] 1. Calling kt_for - worker_bwt
[0000] 2. Calling kt_for - worker_aln
[0000] Inferring insert size distribution of PE reads from data, l_pac: 144447643, n: 51866
[0000][PE] # candidate unique pairs for (FF, FR, RF, RR): (0, 4973, 12, 0)
[0000][PE] skip orientation FF as there are not enough pairs
[0000][PE] analyzing insert size distribution for orientation FR...
[0000][PE] (25, 50, 75) percentile: (390, 461, 539)
[0000][PE] low and high boundaries for computing mean and std.dev: (92, 837)
[0000][PE] mean and std.dev: (467.74, 113.93)
[0000][PE] low and high boundaries for proper pairs: (1, 986)
[0000][PE] analyzing insert size distribution for orientation RF...
[0000][PE] (25, 50, 75) percentile: (2506, 2547, 2568)
[0000][PE] low and high boundaries for computing mean and std.dev: (2382, 2692)
[0000][PE] mean and std.dev: (2536.92, 53.42)
[0000][PE] low and high boundaries for proper pairs: (2320, 2754)
[0000][PE] skip orientation RR as there are not enough pairs
[0000][PE] skip orientation RF
[0000] 3. Calling kt_for - worker_sam
	[0000][ M::mem_process_seqs] Processed 51866 reads in 15.702 CPU sec, 15.855 real sec
[0000] read_chunk: 10000000, work_chunk_size: 0, nseq: 0
[0000] Computation ends..
No. of OMP threads: 1
Processor is running @2645.216723 MHz
Runtime profile:

	Time taken for main_mem function: 17.47 sec

	IO times (sec) :
	Reading IO time (reads) avg: 0.07, (0.07, 0.07)
	Writing IO time (SAM) avg: 0.98, (0.98, 0.98)
	Reading IO time (Reference Genome) avg: 0.17, (0.17, 0.17)
	Index read time avg: 0.29, (0.29, 0.29)

	Overall time (sec) (Excluding Index reading time):
	PROCESS() (Total compute time + (read + SAM) IO time) : 16.93
	MEM_PROCESS_SEQ() (Total compute time (Kernel + SAM)), avg: 15.85, (15.85, 15.85)

	 SAM Processing time (sec):
	--WORKER_SAM avg: 6.14, (6.14, 6.14)

	Kernels' compute time (sec):
	Total kernel (smem+sal+bsw) time avg: 9.69, (9.69, 9.69)
		SMEM compute avg: 2.17, (2.17, 2.17)
		SAL compute avg: 1.21, (1.21, 1.21)
				MEM_SA avg: 0.61, (0.61, 0.61)

		BSW time, avg: 6.10, (6.10, 6.10)

Important parameter settings: 
	BATCH_SIZE: 512
	MAX_SEQ_LEN_REF: 256
	MAX_SEQ_LEN_QER: 128
	MAX_SEQ_LEN8: 128
	SEEDS_PER_READ: 500
	SIMD_WIDTH8 X: 32
	SIMD_WIDTH16 X: 16
	AVG_SEEDS_PER_READ: 64
## filter-stats: kept 4645; removed 47601
[baggins] final BAM reads: 4645
=== [baggins] done ===
=== [Circe] starting in candidate_regions_data/JUT-008_MUN-009/Circe.bc0p ===
[Circe] contig count: 1  (Circe)
[Circe] hits.bam reads: 38208
[Circe] qname count:  19788
[Circe] pair.bam reads: 41831
[M::bam2fq_mainloop] discarded 0 singletons
[M::bam2fq_mainloop] processed 39576 reads
[Circe] FASTQ1 lines: 79152
[Circe] FASTQ2 lines: 79152
Looking to launch executable "/work/users/a/d/adaigle/.conda/envs/TEforest/bin/bwa-mem2.avx2", simd = .avx2
Launching executable "/work/users/a/d/adaigle/.conda/envs/TEforest/bin/bwa-mem2.avx2"
-----------------------------
Executing in AVX2 mode!!
-----------------------------
* SA compression enabled with xfactor: 8
* Ref file: fastp/ref_genome
* Entering FMI_search
* Index file found. Loading index from fastp/ref_genome.bwt.2bit.64
* Reference seq len for bi-index = 288895287
* sentinel-index: 149660069
* Count:
0,	1
1,	83687631
2,	144447644
3,	205207657
4,	288895287

* Reading other elements of the index from files fastp/ref_genome
* Index prefix: fastp/ref_genome
* Read 0 ALT contigs
* Done reading Index!!
* Reading reference genome..
* Binary seq file = fastp/ref_genome.0123
* Reference genome size: 288895286 bp
* Done reading reference genome !!

------------------------------------------
1. Memory pre-allocation for Chaining: 139.3584 MB
2. Memory pre-allocation for BSW: 239.6170 MB
3. Memory pre-allocation for BWT: 77.3142 MB
------------------------------------------
* Threads used (compute): 1
* No. of pipeline threads: 2

[0000] read_chunk: 10000000, work_chunk_size: 5974836, nseq: 39576
	[0000][ M::kt_pipeline] read 39576 sequences (5974836 bp)...
[0000] read_chunk: 10000000, work_chunk_size: 0, nseq: 0
[0000] Calling mem_process_seqs.., task: 0
[0000] 1. Calling kt_for - worker_bwt
[0000] 2. Calling kt_for - worker_aln
[0000] Inferring insert size distribution of PE reads from data, l_pac: 144447643, n: 39576
[0000][PE] # candidate unique pairs for (FF, FR, RF, RR): (0, 389, 0, 0)
[0000][PE] skip orientation FF as there are not enough pairs
[0000][PE] analyzing insert size distribution for orientation FR...
[0000][PE] (25, 50, 75) percentile: (376, 451, 521)
[0000][PE] low and high boundaries for computing mean and std.dev: (86, 811)
[0000][PE] mean and std.dev: (450.07, 116.25)
[0000][PE] low and high boundaries for proper pairs: (1, 956)
[0000][PE] skip orientation RF as there are not enough pairs
[0000][PE] skip orientation RR as there are not enough pairs
[0000] 3. Calling kt_for - worker_sam
	[0000][ M::mem_process_seqs] Processed 39576 reads in 19.002 CPU sec, 19.324 real sec
[0000] read_chunk: 10000000, work_chunk_size: 0, nseq: 0
[0000] Computation ends..
No. of OMP threads: 1
Processor is running @2645.217200 MHz
Runtime profile:

	Time taken for main_mem function: 20.29 sec

	IO times (sec) :
	Reading IO time (reads) avg: 0.05, (0.05, 0.05)
	Writing IO time (SAM) avg: 0.74, (0.74, 0.74)
	Reading IO time (Reference Genome) avg: 0.05, (0.05, 0.05)
	Index read time avg: 0.09, (0.09, 0.09)

	Overall time (sec) (Excluding Index reading time):
	PROCESS() (Total compute time + (read + SAM) IO time) : 20.14
	MEM_PROCESS_SEQ() (Total compute time (Kernel + SAM)), avg: 19.32, (19.32, 19.32)

	 SAM Processing time (sec):
	--WORKER_SAM avg: 8.30, (8.30, 8.30)

	Kernels' compute time (sec):
	Total kernel (smem+sal+bsw) time avg: 11.01, (11.01, 11.01)
		SMEM compute avg: 1.54, (1.54, 1.54)
		SAL compute avg: 1.06, (1.06, 1.06)
				MEM_SA avg: 0.51, (0.51, 0.51)

		BSW time, avg: 8.19, (8.19, 8.19)

Important parameter settings: 
	BATCH_SIZE: 512
	MAX_SEQ_LEN_REF: 256
	MAX_SEQ_LEN_QER: 128
	MAX_SEQ_LEN8: 128
	SEEDS_PER_READ: 500
	SIMD_WIDTH8 X: 32
	SIMD_WIDTH16 X: 16
	AVG_SEEDS_PER_READ: 64
## filter-stats: kept 4094; removed 35843
[Circe] final BAM reads: 4094
=== [Circe] done ===
=== [Stalker] starting in candidate_regions_data/JUT-008_MUN-009/Stalker.pl6S ===
[Stalker] contig count: 1  (Stalker)
[Stalker] hits.bam reads: 41947
[Stalker] qname count:  22768
[Stalker] pair.bam reads: 47813
[M::bam2fq_mainloop] discarded 0 singletons
[M::bam2fq_mainloop] processed 45536 reads
[Stalker] FASTQ1 lines: 91072
[Stalker] FASTQ2 lines: 91072
Looking to launch executable "/work/users/a/d/adaigle/.conda/envs/TEforest/bin/bwa-mem2.avx2", simd = .avx2
Launching executable "/work/users/a/d/adaigle/.conda/envs/TEforest/bin/bwa-mem2.avx2"
-----------------------------
Executing in AVX2 mode!!
-----------------------------
* SA compression enabled with xfactor: 8
* Ref file: fastp/ref_genome
* Entering FMI_search
* Index file found. Loading index from fastp/ref_genome.bwt.2bit.64
* Reference seq len for bi-index = 288895287
* sentinel-index: 149660069
* Count:
0,	1
1,	83687631
2,	144447644
3,	205207657
4,	288895287

* Reading other elements of the index from files fastp/ref_genome
* Index prefix: fastp/ref_genome
* Read 0 ALT contigs
* Done reading Index!!
* Reading reference genome..
* Binary seq file = fastp/ref_genome.0123
* Reference genome size: 288895286 bp
* Done reading reference genome !!

------------------------------------------
1. Memory pre-allocation for Chaining: 139.3584 MB
2. Memory pre-allocation for BSW: 239.6170 MB
3. Memory pre-allocation for BWT: 77.3142 MB
------------------------------------------
* Threads used (compute): 1
* No. of pipeline threads: 2

[0000] read_chunk: 10000000, work_chunk_size: 6874650, nseq: 45536
	[0000][ M::kt_pipeline] read 45536 sequences (6874650 bp)...
[0000] Calling mem_process_seqs.., task: 0
[0000] read_chunk: 10000000, work_chunk_size: 0, nseq: 0
[0000] 1. Calling kt_for - worker_bwt
[0000] 2. Calling kt_for - worker_aln
[0000] Inferring insert size distribution of PE reads from data, l_pac: 144447643, n: 45536
[0000][PE] # candidate unique pairs for (FF, FR, RF, RR): (0, 1831, 0, 0)
[0000][PE] skip orientation FF as there are not enough pairs
[0000][PE] analyzing insert size distribution for orientation FR...
[0000][PE] (25, 50, 75) percentile: (382, 449, 531)
[0000][PE] low and high boundaries for computing mean and std.dev: (84, 829)
[0000][PE] mean and std.dev: (456.98, 112.37)
[0000][PE] low and high boundaries for proper pairs: (1, 978)
[0000][PE] skip orientation RF as there are not enough pairs
[0000][PE] skip orientation RR as there are not enough pairs
[0000] 3. Calling kt_for - worker_sam
	[0000][ M::mem_process_seqs] Processed 45536 reads in 34.228 CPU sec, 34.770 real sec
[0000] read_chunk: 10000000, work_chunk_size: 0, nseq: 0
[0000] Computation ends..
No. of OMP threads: 1
Processor is running @2645.364540 MHz
Runtime profile:

	Time taken for main_mem function: 36.29 sec

	IO times (sec) :
	Reading IO time (reads) avg: 0.06, (0.06, 0.06)
	Writing IO time (SAM) avg: 0.88, (0.88, 0.88)
	Reading IO time (Reference Genome) avg: 0.17, (0.17, 0.17)
	Index read time avg: 0.32, (0.32, 0.32)

	Overall time (sec) (Excluding Index reading time):
	PROCESS() (Total compute time + (read + SAM) IO time) : 35.73
	MEM_PROCESS_SEQ() (Total compute time (Kernel + SAM)), avg: 34.77, (34.77, 34.77)

	 SAM Processing time (sec):
	--WORKER_SAM avg: 25.53, (25.53, 25.53)

	Kernels' compute time (sec):
	Total kernel (smem+sal+bsw) time avg: 9.22, (9.22, 9.22)
		SMEM compute avg: 1.97, (1.97, 1.97)
		SAL compute avg: 1.06, (1.06, 1.06)
				MEM_SA avg: 0.48, (0.48, 0.48)

		BSW time, avg: 5.81, (5.81, 5.81)

Important parameter settings: 
	BATCH_SIZE: 512
	MAX_SEQ_LEN_REF: 256
	MAX_SEQ_LEN_QER: 128
	MAX_SEQ_LEN8: 128
	SEEDS_PER_READ: 500
	SIMD_WIDTH8 X: 32
	SIMD_WIDTH16 X: 16
	AVG_SEEDS_PER_READ: 64
## filter-stats: kept 7240; removed 39277
[Stalker] final BAM reads: 7240
=== [Stalker] done ===
=== [TART_C] starting in candidate_regions_data/JUT-008_MUN-009/TART_C.Eyqr ===
[TART_C] contig count: 1  (TART_C)
[TART_C] hits.bam reads: 1351
[TART_C] qname count:  679
[TART_C] pair.bam reads: 1417
[M::bam2fq_mainloop] discarded 0 singletons
[M::bam2fq_mainloop] processed 1358 reads
[TART_C] FASTQ1 lines: 2716
[TART_C] FASTQ2 lines: 2716
Looking to launch executable "/work/users/a/d/adaigle/.conda/envs/TEforest/bin/bwa-mem2.avx2", simd = .avx2
Launching executable "/work/users/a/d/adaigle/.conda/envs/TEforest/bin/bwa-mem2.avx2"
-----------------------------
Executing in AVX2 mode!!
-----------------------------
* SA compression enabled with xfactor: 8
* Ref file: fastp/ref_genome
* Entering FMI_search
* Index file found. Loading index from fastp/ref_genome.bwt.2bit.64
* Reference seq len for bi-index = 288895287
* sentinel-index: 149660069
* Count:
0,	1
1,	83687631
2,	144447644
3,	205207657
4,	288895287

* Reading other elements of the index from files fastp/ref_genome
* Index prefix: fastp/ref_genome
* Read 0 ALT contigs
* Done reading Index!!
* Reading reference genome..
* Binary seq file = fastp/ref_genome.0123
* Reference genome size: 288895286 bp
* Done reading reference genome !!

------------------------------------------
1. Memory pre-allocation for Chaining: 139.3584 MB
2. Memory pre-allocation for BSW: 239.6170 MB
3. Memory pre-allocation for BWT: 77.3142 MB
------------------------------------------
* Threads used (compute): 1
* No. of pipeline threads: 2

[0000] read_chunk: 10000000, work_chunk_size: 204854, nseq: 1358
	[0000][ M::kt_pipeline] read 1358 sequences (204854 bp)...
[0000] Calling mem_process_seqs.., task: 0
[0000] 1. Calling kt_for - worker_bwt
[0000] read_chunk: 10000000, work_chunk_size: 0, nseq: 0
[0000] 2. Calling kt_for - worker_aln
[0000] Inferring insert size distribution of PE reads from data, l_pac: 144447643, n: 1358
[0000][PE] # candidate unique pairs for (FF, FR, RF, RR): (0, 21, 0, 0)
[0000][PE] skip orientation FF as there are not enough pairs
[0000][PE] analyzing insert size distribution for orientation FR...
[0000][PE] (25, 50, 75) percentile: (206, 224, 305)
[0000][PE] low and high boundaries for computing mean and std.dev: (8, 503)
[0000][PE] mean and std.dev: (234.79, 80.13)
[0000][PE] low and high boundaries for proper pairs: (1, 602)
[0000][PE] skip orientation RF as there are not enough pairs
[0000][PE] skip orientation RR as there are not enough pairs
[0000] 3. Calling kt_for - worker_sam
	[0000][ M::mem_process_seqs] Processed 1358 reads in 0.223 CPU sec, 0.224 real sec
[0000] read_chunk: 10000000, work_chunk_size: 0, nseq: 0
[0000] Computation ends..
No. of OMP threads: 1
Processor is running @2645.197802 MHz
Runtime profile:

	Time taken for main_mem function: 0.79 sec

	IO times (sec) :
	Reading IO time (reads) avg: 0.00, (0.00, 0.00)
	Writing IO time (SAM) avg: 0.03, (0.03, 0.03)
	Reading IO time (Reference Genome) avg: 0.17, (0.17, 0.17)
	Index read time avg: 0.29, (0.29, 0.29)

	Overall time (sec) (Excluding Index reading time):
	PROCESS() (Total compute time + (read + SAM) IO time) : 0.26
	MEM_PROCESS_SEQ() (Total compute time (Kernel + SAM)), avg: 0.22, (0.22, 0.22)

	 SAM Processing time (sec):
	--WORKER_SAM avg: 0.09, (0.09, 0.09)

	Kernels' compute time (sec):
	Total kernel (smem+sal+bsw) time avg: 0.13, (0.13, 0.13)
		SMEM compute avg: 0.04, (0.04, 0.04)
		SAL compute avg: 0.02, (0.02, 0.02)
				MEM_SA avg: 0.01, (0.01, 0.01)

		BSW time, avg: 0.07, (0.07, 0.07)

Important parameter settings: 
	BATCH_SIZE: 512
	MAX_SEQ_LEN_REF: 256
	MAX_SEQ_LEN_QER: 128
	MAX_SEQ_LEN8: 128
	SEEDS_PER_READ: 500
	SIMD_WIDTH8 X: 32
	SIMD_WIDTH16 X: 16
	AVG_SEEDS_PER_READ: 64
## filter-stats: kept 310; removed 1082
[TART_C] final BAM reads: 310
=== [TART_C] done ===
=== [Tom1] starting in candidate_regions_data/JUT-008_MUN-009/Tom1.Zjlx ===
[Tom1] contig count: 1  (Tom1)
[Tom1] hits.bam reads: 1629
[Tom1] qname count:  861
[Tom1] pair.bam reads: 1807
[M::bam2fq_mainloop] discarded 0 singletons
[M::bam2fq_mainloop] processed 1722 reads
[Tom1] FASTQ1 lines: 3444
[Tom1] FASTQ2 lines: 3444
Looking to launch executable "/work/users/a/d/adaigle/.conda/envs/TEforest/bin/bwa-mem2.avx2", simd = .avx2
Launching executable "/work/users/a/d/adaigle/.conda/envs/TEforest/bin/bwa-mem2.avx2"
-----------------------------
Executing in AVX2 mode!!
-----------------------------
* SA compression enabled with xfactor: 8
* Ref file: fastp/ref_genome
* Entering FMI_search
* Index file found. Loading index from fastp/ref_genome.bwt.2bit.64
* Reference seq len for bi-index = 288895287
* sentinel-index: 149660069
* Count:
0,	1
1,	83687631
2,	144447644
3,	205207657
4,	288895287

* Reading other elements of the index from files fastp/ref_genome
* Index prefix: fastp/ref_genome
* Read 0 ALT contigs
* Done reading Index!!
* Reading reference genome..
* Binary seq file = fastp/ref_genome.0123
* Reference genome size: 288895286 bp
* Done reading reference genome !!

------------------------------------------
1. Memory pre-allocation for Chaining: 139.3584 MB
2. Memory pre-allocation for BSW: 239.6170 MB
3. Memory pre-allocation for BWT: 77.3142 MB
------------------------------------------
* Threads used (compute): 1
* No. of pipeline threads: 2

[0000] read_chunk: 10000000, work_chunk_size: 259846, nseq: 1722
	[0000][ M::kt_pipeline] read 1722 sequences (259846 bp)...
[0000] Calling mem_process_seqs.., task: 0
[0000] 1. Calling kt_for - worker_bwt
[0000] read_chunk: 10000000, work_chunk_size: 0, nseq: 0
[0000] 2. Calling kt_for - worker_aln
[0000] Inferring insert size distribution of PE reads from data, l_pac: 144447643, n: 1722
[0000][PE] # candidate unique pairs for (FF, FR, RF, RR): (0, 486, 0, 0)
[0000][PE] skip orientation FF as there are not enough pairs
[0000][PE] analyzing insert size distribution for orientation FR...
[0000][PE] (25, 50, 75) percentile: (378, 447, 520)
[0000][PE] low and high boundaries for computing mean and std.dev: (94, 804)
[0000][PE] mean and std.dev: (450.31, 109.87)
[0000][PE] low and high boundaries for proper pairs: (1, 946)
[0000][PE] skip orientation RF as there are not enough pairs
[0000][PE] skip orientation RR as there are not enough pairs
[0000] 3. Calling kt_for - worker_sam
	[0000][ M::mem_process_seqs] Processed 1722 reads in 0.226 CPU sec, 0.230 real sec
[0000] read_chunk: 10000000, work_chunk_size: 0, nseq: 0
[0000] Computation ends..
No. of OMP threads: 1
Processor is running @2645.196981 MHz
Runtime profile:

	Time taken for main_mem function: 0.66 sec

	IO times (sec) :
	Reading IO time (reads) avg: 0.00, (0.00, 0.00)
	Writing IO time (SAM) avg: 0.03, (0.03, 0.03)
	Reading IO time (Reference Genome) avg: 0.17, (0.17, 0.17)
	Index read time avg: 0.19, (0.19, 0.19)

	Overall time (sec) (Excluding Index reading time):
	PROCESS() (Total compute time + (read + SAM) IO time) : 0.26
	MEM_PROCESS_SEQ() (Total compute time (Kernel + SAM)), avg: 0.23, (0.23, 0.23)

	 SAM Processing time (sec):
	--WORKER_SAM avg: 0.08, (0.08, 0.08)

	Kernels' compute time (sec):
	Total kernel (smem+sal+bsw) time avg: 0.15, (0.15, 0.15)
		SMEM compute avg: 0.05, (0.05, 0.05)
		SAL compute avg: 0.02, (0.02, 0.02)
				MEM_SA avg: 0.01, (0.01, 0.01)

		BSW time, avg: 0.07, (0.07, 0.07)

Important parameter settings: 
	BATCH_SIZE: 512
	MAX_SEQ_LEN_REF: 256
	MAX_SEQ_LEN_QER: 128
	MAX_SEQ_LEN8: 128
	SEEDS_PER_READ: 500
	SIMD_WIDTH8 X: 32
	SIMD_WIDTH16 X: 16
	AVG_SEEDS_PER_READ: 64
## filter-stats: kept 60; removed 1665
[Tom1] final BAM reads: 60
=== [Tom1] done ===
=== [transib4] starting in candidate_regions_data/JUT-008_MUN-009/transib4.FqzU ===
[transib4] contig count: 1  (transib4)
[transib4] hits.bam reads: 2383
[transib4] qname count:  1169
[transib4] pair.bam reads: 2523
[M::bam2fq_mainloop] discarded 0 singletons
[M::bam2fq_mainloop] processed 2338 reads
[transib4] FASTQ1 lines: 4676
[transib4] FASTQ2 lines: 4676
Looking to launch executable "/work/users/a/d/adaigle/.conda/envs/TEforest/bin/bwa-mem2.avx2", simd = .avx2
Launching executable "/work/users/a/d/adaigle/.conda/envs/TEforest/bin/bwa-mem2.avx2"
-----------------------------
Executing in AVX2 mode!!
-----------------------------
* SA compression enabled with xfactor: 8
* Ref file: fastp/ref_genome
* Entering FMI_search
* Index file found. Loading index from fastp/ref_genome.bwt.2bit.64
* Reference seq len for bi-index = 288895287
* sentinel-index: 149660069
* Count:
0,	1
1,	83687631
2,	144447644
3,	205207657
4,	288895287

* Reading other elements of the index from files fastp/ref_genome
* Index prefix: fastp/ref_genome
* Read 0 ALT contigs
* Done reading Index!!
* Reading reference genome..
* Binary seq file = fastp/ref_genome.0123
* Reference genome size: 288895286 bp
* Done reading reference genome !!

------------------------------------------
1. Memory pre-allocation for Chaining: 139.3584 MB
2. Memory pre-allocation for BSW: 239.6170 MB
3. Memory pre-allocation for BWT: 77.3142 MB
------------------------------------------
* Threads used (compute): 1
* No. of pipeline threads: 2

[0000] read_chunk: 10000000, work_chunk_size: 353012, nseq: 2338
	[0000][ M::kt_pipeline] read 2338 sequences (353012 bp)...
[0000] Calling mem_process_seqs.., task: 0
[0000] 1. Calling kt_for - worker_bwt
[0000] read_chunk: 10000000, work_chunk_size: 0, nseq: 0
[0000] 2. Calling kt_for - worker_aln
[0000] Inferring insert size distribution of PE reads from data, l_pac: 144447643, n: 2338
[0000][PE] # candidate unique pairs for (FF, FR, RF, RR): (0, 588, 0, 1)
[0000][PE] skip orientation FF as there are not enough pairs
[0000][PE] analyzing insert size distribution for orientation FR...
[0000][PE] (25, 50, 75) percentile: (378, 445, 538)
[0000][PE] low and high boundaries for computing mean and std.dev: (58, 858)
[0000][PE] mean and std.dev: (458.21, 116.99)
[0000][PE] low and high boundaries for proper pairs: (1, 1018)
[0000][PE] skip orientation RF as there are not enough pairs
[0000][PE] skip orientation RR as there are not enough pairs
[0000] 3. Calling kt_for - worker_sam
	[0000][ M::mem_process_seqs] Processed 2338 reads in 0.511 CPU sec, 0.517 real sec
[0000] read_chunk: 10000000, work_chunk_size: 0, nseq: 0
[0000] Computation ends..
No. of OMP threads: 1
Processor is running @2645.189985 MHz
Runtime profile:

	Time taken for main_mem function: 1.12 sec

	IO times (sec) :
	Reading IO time (reads) avg: 0.00, (0.00, 0.00)
	Writing IO time (SAM) avg: 0.05, (0.05, 0.05)
	Reading IO time (Reference Genome) avg: 0.16, (0.16, 0.16)
	Index read time avg: 0.30, (0.30, 0.30)

	Overall time (sec) (Excluding Index reading time):
	PROCESS() (Total compute time + (read + SAM) IO time) : 0.57
	MEM_PROCESS_SEQ() (Total compute time (Kernel + SAM)), avg: 0.52, (0.52, 0.52)

	 SAM Processing time (sec):
	--WORKER_SAM avg: 0.25, (0.25, 0.25)

	Kernels' compute time (sec):
	Total kernel (smem+sal+bsw) time avg: 0.26, (0.26, 0.26)
		SMEM compute avg: 0.09, (0.09, 0.09)
		SAL compute avg: 0.02, (0.02, 0.02)
				MEM_SA avg: 0.01, (0.01, 0.01)

		BSW time, avg: 0.14, (0.14, 0.14)

Important parameter settings: 
	BATCH_SIZE: 512
	MAX_SEQ_LEN_REF: 256
	MAX_SEQ_LEN_QER: 128
	MAX_SEQ_LEN8: 128
	SEEDS_PER_READ: 500
	SIMD_WIDTH8 X: 32
	SIMD_WIDTH16 X: 16
	AVG_SEEDS_PER_READ: 64
## filter-stats: kept 489; removed 1900
[transib4] final BAM reads: 489
=== [transib4] done ===
=== [transib3] starting in candidate_regions_data/JUT-008_MUN-009/transib3.A4ai ===
[transib3] contig count: 1  (transib3)
[transib3] hits.bam reads: 4497
[transib3] qname count:  2308
[transib3] pair.bam reads: 5147
[M::bam2fq_mainloop] discarded 0 singletons
[M::bam2fq_mainloop] processed 4616 reads
[transib3] FASTQ1 lines: 9232
[transib3] FASTQ2 lines: 9232
Looking to launch executable "/work/users/a/d/adaigle/.conda/envs/TEforest/bin/bwa-mem2.avx2", simd = .avx2
Launching executable "/work/users/a/d/adaigle/.conda/envs/TEforest/bin/bwa-mem2.avx2"
-----------------------------
Executing in AVX2 mode!!
-----------------------------
* SA compression enabled with xfactor: 8
* Ref file: fastp/ref_genome
* Entering FMI_search
* Index file found. Loading index from fastp/ref_genome.bwt.2bit.64
* Reference seq len for bi-index = 288895287
* sentinel-index: 149660069
* Count:
0,	1
1,	83687631
2,	144447644
3,	205207657
4,	288895287

* Reading other elements of the index from files fastp/ref_genome
* Index prefix: fastp/ref_genome
* Read 0 ALT contigs
* Done reading Index!!
* Reading reference genome..
* Binary seq file = fastp/ref_genome.0123
* Reference genome size: 288895286 bp
* Done reading reference genome !!

------------------------------------------
1. Memory pre-allocation for Chaining: 139.3584 MB
2. Memory pre-allocation for BSW: 239.6170 MB
3. Memory pre-allocation for BWT: 77.3142 MB
------------------------------------------
* Threads used (compute): 1
* No. of pipeline threads: 2

[0000] read_chunk: 10000000, work_chunk_size: 696912, nseq: 4616
	[0000][ M::kt_pipeline] read 4616 sequences (696912 bp)...
[0000] Calling mem_process_seqs.., task: 0
[0000] 1. Calling kt_for - worker_bwt
[0000] read_chunk: 10000000, work_chunk_size: 0, nseq: 0
[0000] 2. Calling kt_for - worker_aln
[0000] Inferring insert size distribution of PE reads from data, l_pac: 144447643, n: 4616
[0000][PE] # candidate unique pairs for (FF, FR, RF, RR): (0, 1035, 0, 0)
[0000][PE] skip orientation FF as there are not enough pairs
[0000][PE] analyzing insert size distribution for orientation FR...
[0000][PE] (25, 50, 75) percentile: (381, 446, 525)
[0000][PE] low and high boundaries for computing mean and std.dev: (93, 813)
[0000][PE] mean and std.dev: (455.95, 107.16)
[0000][PE] low and high boundaries for proper pairs: (1, 957)
[0000][PE] skip orientation RF as there are not enough pairs
[0000][PE] skip orientation RR as there are not enough pairs
[0000] 3. Calling kt_for - worker_sam
	[0000][ M::mem_process_seqs] Processed 4616 reads in 0.642 CPU sec, 0.649 real sec
[0000] read_chunk: 10000000, work_chunk_size: 0, nseq: 0
[0000] Computation ends..
No. of OMP threads: 1
Processor is running @2645.194199 MHz
Runtime profile:

	Time taken for main_mem function: 1.26 sec

	IO times (sec) :
	Reading IO time (reads) avg: 0.01, (0.01, 0.01)
	Writing IO time (SAM) avg: 0.07, (0.07, 0.07)
	Reading IO time (Reference Genome) avg: 0.18, (0.18, 0.18)
	Index read time avg: 0.29, (0.29, 0.29)

	Overall time (sec) (Excluding Index reading time):
	PROCESS() (Total compute time + (read + SAM) IO time) : 0.73
	MEM_PROCESS_SEQ() (Total compute time (Kernel + SAM)), avg: 0.65, (0.65, 0.65)

	 SAM Processing time (sec):
	--WORKER_SAM avg: 0.23, (0.23, 0.23)

	Kernels' compute time (sec):
	Total kernel (smem+sal+bsw) time avg: 0.41, (0.41, 0.41)
		SMEM compute avg: 0.15, (0.15, 0.15)
		SAL compute avg: 0.05, (0.05, 0.05)
				MEM_SA avg: 0.03, (0.03, 0.03)

		BSW time, avg: 0.20, (0.20, 0.20)

Important parameter settings: 
	BATCH_SIZE: 512
	MAX_SEQ_LEN_REF: 256
	MAX_SEQ_LEN_QER: 128
	MAX_SEQ_LEN8: 128
	SEEDS_PER_READ: 500
	SIMD_WIDTH8 X: 32
	SIMD_WIDTH16 X: 16
	AVG_SEEDS_PER_READ: 64
## filter-stats: kept 178; removed 4450
[transib3] final BAM reads: 178
=== [transib3] done ===
=== [Copia_3_Dbp] starting in candidate_regions_data/JUT-008_MUN-009/Copia_3_Dbp.elR1 ===
[Copia_3_Dbp] contig count: 1  (Copia_3_Dbp)
[Copia_3_Dbp] hits.bam reads: 1437
[Copia_3_Dbp] qname count:  778
[Copia_3_Dbp] pair.bam reads: 1639
[M::bam2fq_mainloop] discarded 0 singletons
[M::bam2fq_mainloop] processed 1556 reads
[Copia_3_Dbp] FASTQ1 lines: 3112
[Copia_3_Dbp] FASTQ2 lines: 3112
Looking to launch executable "/work/users/a/d/adaigle/.conda/envs/TEforest/bin/bwa-mem2.avx2", simd = .avx2
Launching executable "/work/users/a/d/adaigle/.conda/envs/TEforest/bin/bwa-mem2.avx2"
-----------------------------
Executing in AVX2 mode!!
-----------------------------
* SA compression enabled with xfactor: 8
* Ref file: fastp/ref_genome
* Entering FMI_search
* Index file found. Loading index from fastp/ref_genome.bwt.2bit.64
* Reference seq len for bi-index = 288895287
* sentinel-index: 149660069
* Count:
0,	1
1,	83687631
2,	144447644
3,	205207657
4,	288895287

* Reading other elements of the index from files fastp/ref_genome
* Index prefix: fastp/ref_genome
* Read 0 ALT contigs
* Done reading Index!!
* Reading reference genome..
* Binary seq file = fastp/ref_genome.0123
* Reference genome size: 288895286 bp
* Done reading reference genome !!

------------------------------------------
1. Memory pre-allocation for Chaining: 139.3584 MB
2. Memory pre-allocation for BSW: 239.6170 MB
3. Memory pre-allocation for BWT: 77.3142 MB
------------------------------------------
* Threads used (compute): 1
* No. of pipeline threads: 2

[0000] read_chunk: 10000000, work_chunk_size: 234956, nseq: 1556
	[0000][ M::kt_pipeline] read 1556 sequences (234956 bp)...
[0000] Calling mem_process_seqs.., task: 0
[0000] 1. Calling kt_for - worker_bwt
[0000] read_chunk: 10000000, work_chunk_size: 0, nseq: 0
[0000] 2. Calling kt_for - worker_aln
[0000] Inferring insert size distribution of PE reads from data, l_pac: 144447643, n: 1556
[0000][PE] # candidate unique pairs for (FF, FR, RF, RR): (0, 195, 0, 0)
[0000][PE] skip orientation FF as there are not enough pairs
[0000][PE] analyzing insert size distribution for orientation FR...
[0000][PE] (25, 50, 75) percentile: (381, 445, 532)
[0000][PE] low and high boundaries for computing mean and std.dev: (79, 834)
[0000][PE] mean and std.dev: (443.11, 101.66)
[0000][PE] low and high boundaries for proper pairs: (1, 985)
[0000][PE] skip orientation RF as there are not enough pairs
[0000][PE] skip orientation RR as there are not enough pairs
[0000] 3. Calling kt_for - worker_sam
	[0000][ M::mem_process_seqs] Processed 1556 reads in 0.344 CPU sec, 0.365 real sec
[0000] read_chunk: 10000000, work_chunk_size: 0, nseq: 0
[0000] Computation ends..
No. of OMP threads: 1
Processor is running @2645.207846 MHz
Runtime profile:

	Time taken for main_mem function: 0.92 sec

	IO times (sec) :
	Reading IO time (reads) avg: 0.00, (0.00, 0.00)
	Writing IO time (SAM) avg: 0.03, (0.03, 0.03)
	Reading IO time (Reference Genome) avg: 0.17, (0.17, 0.17)
	Index read time avg: 0.29, (0.29, 0.29)

	Overall time (sec) (Excluding Index reading time):
	PROCESS() (Total compute time + (read + SAM) IO time) : 0.40
	MEM_PROCESS_SEQ() (Total compute time (Kernel + SAM)), avg: 0.36, (0.36, 0.36)

	 SAM Processing time (sec):
	--WORKER_SAM avg: 0.15, (0.15, 0.15)

	Kernels' compute time (sec):
	Total kernel (smem+sal+bsw) time avg: 0.22, (0.22, 0.22)
		SMEM compute avg: 0.06, (0.06, 0.06)
		SAL compute avg: 0.02, (0.02, 0.02)
				MEM_SA avg: 0.01, (0.01, 0.01)

		BSW time, avg: 0.13, (0.13, 0.13)

Important parameter settings: 
	BATCH_SIZE: 512
	MAX_SEQ_LEN_REF: 256
	MAX_SEQ_LEN_QER: 128
	MAX_SEQ_LEN8: 128
	SEEDS_PER_READ: 500
	SIMD_WIDTH8 X: 32
	SIMD_WIDTH16 X: 16
	AVG_SEEDS_PER_READ: 64
## filter-stats: kept 124; removed 1452
[Copia_3_Dbp] final BAM reads: 124
=== [Copia_3_Dbp] done ===
=== [mariner2] starting in candidate_regions_data/JUT-008_MUN-009/mariner2.r9Ex ===
[mariner2] contig count: 1  (mariner2)
[mariner2] hits.bam reads: 3509
[mariner2] qname count:  1792
[mariner2] pair.bam reads: 3685
[M::bam2fq_mainloop] discarded 0 singletons
[M::bam2fq_mainloop] processed 3584 reads
[mariner2] FASTQ1 lines: 7168
[mariner2] FASTQ2 lines: 7168
Looking to launch executable "/work/users/a/d/adaigle/.conda/envs/TEforest/bin/bwa-mem2.avx2", simd = .avx2
Launching executable "/work/users/a/d/adaigle/.conda/envs/TEforest/bin/bwa-mem2.avx2"
-----------------------------
Executing in AVX2 mode!!
-----------------------------
* SA compression enabled with xfactor: 8
* Ref file: fastp/ref_genome
* Entering FMI_search
* Index file found. Loading index from fastp/ref_genome.bwt.2bit.64
* Reference seq len for bi-index = 288895287
* sentinel-index: 149660069
* Count:
0,	1
1,	83687631
2,	144447644
3,	205207657
4,	288895287

* Reading other elements of the index from files fastp/ref_genome
* Index prefix: fastp/ref_genome
* Read 0 ALT contigs
* Done reading Index!!
* Reading reference genome..
* Binary seq file = fastp/ref_genome.0123
* Reference genome size: 288895286 bp
* Done reading reference genome !!

------------------------------------------
1. Memory pre-allocation for Chaining: 139.3584 MB
2. Memory pre-allocation for BSW: 239.6170 MB
3. Memory pre-allocation for BWT: 77.3142 MB
------------------------------------------
* Threads used (compute): 1
* No. of pipeline threads: 2

[0000] read_chunk: 10000000, work_chunk_size: 541136, nseq: 3584
	[0000][ M::kt_pipeline] read 3584 sequences (541136 bp)...
[0000] Calling mem_process_seqs.., task: 0
[0000] 1. Calling kt_for - worker_bwt
[0000] read_chunk: 10000000, work_chunk_size: 0, nseq: 0
[0000] 2. Calling kt_for - worker_aln
[0000] Inferring insert size distribution of PE reads from data, l_pac: 144447643, n: 3584
[0000][PE] # candidate unique pairs for (FF, FR, RF, RR): (0, 1263, 0, 0)
[0000][PE] skip orientation FF as there are not enough pairs
[0000][PE] analyzing insert size distribution for orientation FR...
[0000][PE] (25, 50, 75) percentile: (383, 446, 530)
[0000][PE] low and high boundaries for computing mean and std.dev: (89, 824)
[0000][PE] mean and std.dev: (458.96, 112.44)
[0000][PE] low and high boundaries for proper pairs: (1, 971)
[0000][PE] skip orientation RF as there are not enough pairs
[0000][PE] skip orientation RR as there are not enough pairs
[0000] 3. Calling kt_for - worker_sam
	[0000][ M::mem_process_seqs] Processed 3584 reads in 0.476 CPU sec, 0.484 real sec
[0000] read_chunk: 10000000, work_chunk_size: 0, nseq: 0
[0000] Computation ends..
No. of OMP threads: 1
Processor is running @2645.217439 MHz
Runtime profile:

	Time taken for main_mem function: 1.16 sec

	IO times (sec) :
	Reading IO time (reads) avg: 0.01, (0.01, 0.01)
	Writing IO time (SAM) avg: 0.07, (0.07, 0.07)
	Reading IO time (Reference Genome) avg: 0.18, (0.18, 0.18)
	Index read time avg: 0.33, (0.33, 0.33)

	Overall time (sec) (Excluding Index reading time):
	PROCESS() (Total compute time + (read + SAM) IO time) : 0.57
	MEM_PROCESS_SEQ() (Total compute time (Kernel + SAM)), avg: 0.48, (0.48, 0.48)

	 SAM Processing time (sec):
	--WORKER_SAM avg: 0.14, (0.14, 0.14)

	Kernels' compute time (sec):
	Total kernel (smem+sal+bsw) time avg: 0.34, (0.34, 0.34)
		SMEM compute avg: 0.16, (0.16, 0.16)
		SAL compute avg: 0.04, (0.04, 0.04)
				MEM_SA avg: 0.03, (0.03, 0.03)

		BSW time, avg: 0.14, (0.14, 0.14)

Important parameter settings: 
	BATCH_SIZE: 512
	MAX_SEQ_LEN_REF: 256
	MAX_SEQ_LEN_QER: 128
	MAX_SEQ_LEN8: 128
	SEEDS_PER_READ: 500
	SIMD_WIDTH8 X: 32
	SIMD_WIDTH16 X: 16
	AVG_SEEDS_PER_READ: 64
## filter-stats: kept 324; removed 3299
[mariner2] final BAM reads: 324
=== [mariner2] done ===
=== [HB] starting in candidate_regions_data/JUT-008_MUN-009/HB.CHhC ===
[HB] contig count: 1  (HB)
[HB] hits.bam reads: 10086
[HB] qname count:  5131
[HB] pair.bam reads: 10703
[M::bam2fq_mainloop] discarded 0 singletons
[M::bam2fq_mainloop] processed 10262 reads
[HB] FASTQ1 lines: 20524
[HB] FASTQ2 lines: 20524
Looking to launch executable "/work/users/a/d/adaigle/.conda/envs/TEforest/bin/bwa-mem2.avx2", simd = .avx2
Launching executable "/work/users/a/d/adaigle/.conda/envs/TEforest/bin/bwa-mem2.avx2"
-----------------------------
Executing in AVX2 mode!!
-----------------------------
* SA compression enabled with xfactor: 8
* Ref file: fastp/ref_genome
* Entering FMI_search
* Index file found. Loading index from fastp/ref_genome.bwt.2bit.64
* Reference seq len for bi-index = 288895287
* sentinel-index: 149660069
* Count:
0,	1
1,	83687631
2,	144447644
3,	205207657
4,	288895287

* Reading other elements of the index from files fastp/ref_genome
* Index prefix: fastp/ref_genome
* Read 0 ALT contigs
* Done reading Index!!
* Reading reference genome..
* Binary seq file = fastp/ref_genome.0123
* Reference genome size: 288895286 bp
* Done reading reference genome !!

------------------------------------------
1. Memory pre-allocation for Chaining: 139.3584 MB
2. Memory pre-allocation for BSW: 239.6170 MB
3. Memory pre-allocation for BWT: 77.3142 MB
------------------------------------------
* Threads used (compute): 1
* No. of pipeline threads: 2

[0000] read_chunk: 10000000, work_chunk_size: 1549524, nseq: 10262
	[0000][ M::kt_pipeline] read 10262 sequences (1549524 bp)...
[0000] Calling mem_process_seqs.., task: 0
[0000] 1. Calling kt_for - worker_bwt
[0000] read_chunk: 10000000, work_chunk_size: 0, nseq: 0
[0000] 2. Calling kt_for - worker_aln
[0000] Inferring insert size distribution of PE reads from data, l_pac: 144447643, n: 10262
[0000][PE] # candidate unique pairs for (FF, FR, RF, RR): (0, 3064, 0, 0)
[0000][PE] skip orientation FF as there are not enough pairs
[0000][PE] analyzing insert size distribution for orientation FR...
[0000][PE] (25, 50, 75) percentile: (387, 454, 537)
[0000][PE] low and high boundaries for computing mean and std.dev: (87, 837)
[0000][PE] mean and std.dev: (465.22, 114.31)
[0000][PE] low and high boundaries for proper pairs: (1, 987)
[0000][PE] skip orientation RF as there are not enough pairs
[0000][PE] skip orientation RR as there are not enough pairs
[0000] 3. Calling kt_for - worker_sam
	[0000][ M::mem_process_seqs] Processed 10262 reads in 2.190 CPU sec, 2.230 real sec
[0000] read_chunk: 10000000, work_chunk_size: 0, nseq: 0
[0000] Computation ends..
No. of OMP threads: 1
Processor is running @2645.164413 MHz
Runtime profile:

	Time taken for main_mem function: 2.96 sec

	IO times (sec) :
	Reading IO time (reads) avg: 0.01, (0.01, 0.01)
	Writing IO time (SAM) avg: 0.19, (0.19, 0.19)
	Reading IO time (Reference Genome) avg: 0.16, (0.16, 0.16)
	Index read time avg: 0.27, (0.27, 0.27)

	Overall time (sec) (Excluding Index reading time):
	PROCESS() (Total compute time + (read + SAM) IO time) : 2.44
	MEM_PROCESS_SEQ() (Total compute time (Kernel + SAM)), avg: 2.23, (2.23, 2.23)

	 SAM Processing time (sec):
	--WORKER_SAM avg: 0.84, (0.84, 0.84)

	Kernels' compute time (sec):
	Total kernel (smem+sal+bsw) time avg: 1.39, (1.39, 1.39)
		SMEM compute avg: 0.51, (0.51, 0.51)
		SAL compute avg: 0.18, (0.18, 0.18)
				MEM_SA avg: 0.10, (0.10, 0.10)

		BSW time, avg: 0.67, (0.67, 0.67)

Important parameter settings: 
	BATCH_SIZE: 512
	MAX_SEQ_LEN_REF: 256
	MAX_SEQ_LEN_QER: 128
	MAX_SEQ_LEN8: 128
	SEEDS_PER_READ: 500
	SIMD_WIDTH8 X: 32
	SIMD_WIDTH16 X: 16
	AVG_SEEDS_PER_READ: 64
## filter-stats: kept 1117; removed 9300
[HB] final BAM reads: 1117
=== [HB] done ===
=== [ZAM] starting in candidate_regions_data/JUT-008_MUN-009/ZAM.hY4Z ===
[ZAM] contig count: 1  (ZAM)
[ZAM] hits.bam reads: 7691
[ZAM] qname count:  4128
[ZAM] pair.bam reads: 9040
[M::bam2fq_mainloop] discarded 0 singletons
[M::bam2fq_mainloop] processed 8256 reads
[ZAM] FASTQ1 lines: 16512
[ZAM] FASTQ2 lines: 16512
Looking to launch executable "/work/users/a/d/adaigle/.conda/envs/TEforest/bin/bwa-mem2.avx2", simd = .avx2
Launching executable "/work/users/a/d/adaigle/.conda/envs/TEforest/bin/bwa-mem2.avx2"
-----------------------------
Executing in AVX2 mode!!
-----------------------------
* SA compression enabled with xfactor: 8
* Ref file: fastp/ref_genome
* Entering FMI_search
* Index file found. Loading index from fastp/ref_genome.bwt.2bit.64
* Reference seq len for bi-index = 288895287
* sentinel-index: 149660069
* Count:
0,	1
1,	83687631
2,	144447644
3,	205207657
4,	288895287

* Reading other elements of the index from files fastp/ref_genome
* Index prefix: fastp/ref_genome
* Read 0 ALT contigs
* Done reading Index!!
* Reading reference genome..
* Binary seq file = fastp/ref_genome.0123
* Reference genome size: 288895286 bp
* Done reading reference genome !!

------------------------------------------
1. Memory pre-allocation for Chaining: 139.3584 MB
2. Memory pre-allocation for BSW: 239.6170 MB
3. Memory pre-allocation for BWT: 77.3142 MB
------------------------------------------
* Threads used (compute): 1
* No. of pipeline threads: 2

[0000] read_chunk: 10000000, work_chunk_size: 1244272, nseq: 8256
	[0000][ M::kt_pipeline] read 8256 sequences (1244272 bp)...
[0000] Calling mem_process_seqs.., task: 0
[0000] 1. Calling kt_for - worker_bwt
[0000] read_chunk: 10000000, work_chunk_size: 0, nseq: 0
[0000] 2. Calling kt_for - worker_aln
[0000] Inferring insert size distribution of PE reads from data, l_pac: 144447643, n: 8256
[0000][PE] # candidate unique pairs for (FF, FR, RF, RR): (0, 676, 0, 0)
[0000][PE] skip orientation FF as there are not enough pairs
[0000][PE] analyzing insert size distribution for orientation FR...
[0000][PE] (25, 50, 75) percentile: (340, 431, 507)
[0000][PE] low and high boundaries for computing mean and std.dev: (6, 841)
[0000][PE] mean and std.dev: (426.76, 134.62)
[0000][PE] low and high boundaries for proper pairs: (1, 1008)
[0000][PE] skip orientation RF as there are not enough pairs
[0000][PE] skip orientation RR as there are not enough pairs
[0000] 3. Calling kt_for - worker_sam
	[0000][ M::mem_process_seqs] Processed 8256 reads in 3.640 CPU sec, 3.672 real sec
[0000] read_chunk: 10000000, work_chunk_size: 0, nseq: 0
[0000] Computation ends..
No. of OMP threads: 1
Processor is running @2645.206892 MHz
Runtime profile:

	Time taken for main_mem function: 4.37 sec

	IO times (sec) :
	Reading IO time (reads) avg: 0.01, (0.01, 0.01)
	Writing IO time (SAM) avg: 0.18, (0.18, 0.18)
	Reading IO time (Reference Genome) avg: 0.16, (0.16, 0.16)
	Index read time avg: 0.27, (0.27, 0.27)

	Overall time (sec) (Excluding Index reading time):
	PROCESS() (Total compute time + (read + SAM) IO time) : 3.87
	MEM_PROCESS_SEQ() (Total compute time (Kernel + SAM)), avg: 3.67, (3.67, 3.67)

	 SAM Processing time (sec):
	--WORKER_SAM avg: 1.66, (1.66, 1.66)

	Kernels' compute time (sec):
	Total kernel (smem+sal+bsw) time avg: 2.01, (2.01, 2.01)
		SMEM compute avg: 0.58, (0.58, 0.58)
		SAL compute avg: 0.20, (0.20, 0.20)
				MEM_SA avg: 0.11, (0.11, 0.11)

		BSW time, avg: 1.18, (1.18, 1.18)

Important parameter settings: 
	BATCH_SIZE: 512
	MAX_SEQ_LEN_REF: 256
	MAX_SEQ_LEN_QER: 128
	MAX_SEQ_LEN8: 128
	SEEDS_PER_READ: 500
	SIMD_WIDTH8 X: 32
	SIMD_WIDTH16 X: 16
	AVG_SEEDS_PER_READ: 64
## filter-stats: kept 2249; removed 6478
[ZAM] final BAM reads: 2249
=== [ZAM] done ===
=== [hopper] starting in candidate_regions_data/JUT-008_MUN-009/hopper.T8kz ===
[hopper] contig count: 1  (hopper)
[hopper] hits.bam reads: 7160
[hopper] qname count:  3857
[hopper] pair.bam reads: 8087
[M::bam2fq_mainloop] discarded 0 singletons
[M::bam2fq_mainloop] processed 7714 reads
[hopper] FASTQ1 lines: 15428
[hopper] FASTQ2 lines: 15428
Looking to launch executable "/work/users/a/d/adaigle/.conda/envs/TEforest/bin/bwa-mem2.avx2", simd = .avx2
Launching executable "/work/users/a/d/adaigle/.conda/envs/TEforest/bin/bwa-mem2.avx2"
-----------------------------
Executing in AVX2 mode!!
-----------------------------
* SA compression enabled with xfactor: 8
* Ref file: fastp/ref_genome
* Entering FMI_search
* Index file found. Loading index from fastp/ref_genome.bwt.2bit.64
* Reference seq len for bi-index = 288895287
* sentinel-index: 149660069
* Count:
0,	1
1,	83687631
2,	144447644
3,	205207657
4,	288895287

* Reading other elements of the index from files fastp/ref_genome
* Index prefix: fastp/ref_genome
* Read 0 ALT contigs
* Done reading Index!!
* Reading reference genome..
* Binary seq file = fastp/ref_genome.0123
* Reference genome size: 288895286 bp
* Done reading reference genome !!

------------------------------------------
1. Memory pre-allocation for Chaining: 139.3584 MB
2. Memory pre-allocation for BSW: 239.6170 MB
3. Memory pre-allocation for BWT: 77.3142 MB
------------------------------------------
* Threads used (compute): 1
* No. of pipeline threads: 2

[0000] read_chunk: 10000000, work_chunk_size: 1164648, nseq: 7714
	[0000][ M::kt_pipeline] read 7714 sequences (1164648 bp)...
[0000] read_chunk: 10000000, work_chunk_size: 0, nseq: 0
[0000] Calling mem_process_seqs.., task: 0
[0000] 1. Calling kt_for - worker_bwt
[0000] 2. Calling kt_for - worker_aln
[0000] Inferring insert size distribution of PE reads from data, l_pac: 144447643, n: 7714
[0000][PE] # candidate unique pairs for (FF, FR, RF, RR): (0, 618, 0, 0)
[0000][PE] skip orientation FF as there are not enough pairs
[0000][PE] analyzing insert size distribution for orientation FR...
[0000][PE] (25, 50, 75) percentile: (363, 444, 539)
[0000][PE] low and high boundaries for computing mean and std.dev: (11, 891)
[0000][PE] mean and std.dev: (449.89, 126.39)
[0000][PE] low and high boundaries for proper pairs: (1, 1067)
[0000][PE] skip orientation RF as there are not enough pairs
[0000][PE] skip orientation RR as there are not enough pairs
[0000] 3. Calling kt_for - worker_sam
	[0000][ M::mem_process_seqs] Processed 7714 reads in 3.199 CPU sec, 3.234 real sec
[0000] read_chunk: 10000000, work_chunk_size: 0, nseq: 0
[0000] Computation ends..
No. of OMP threads: 1
Processor is running @2645.208986 MHz
Runtime profile:

	Time taken for main_mem function: 3.94 sec

	IO times (sec) :
	Reading IO time (reads) avg: 0.01, (0.01, 0.01)
	Writing IO time (SAM) avg: 0.16, (0.16, 0.16)
	Reading IO time (Reference Genome) avg: 0.16, (0.16, 0.16)
	Index read time avg: 0.30, (0.30, 0.30)

	Overall time (sec) (Excluding Index reading time):
	PROCESS() (Total compute time + (read + SAM) IO time) : 3.40
	MEM_PROCESS_SEQ() (Total compute time (Kernel + SAM)), avg: 3.23, (3.23, 3.23)

	 SAM Processing time (sec):
	--WORKER_SAM avg: 1.32, (1.32, 1.32)

	Kernels' compute time (sec):
	Total kernel (smem+sal+bsw) time avg: 1.91, (1.91, 1.91)
		SMEM compute avg: 0.40, (0.40, 0.40)
		SAL compute avg: 0.19, (0.19, 0.19)
				MEM_SA avg: 0.09, (0.09, 0.09)

		BSW time, avg: 1.29, (1.29, 1.29)

Important parameter settings: 
	BATCH_SIZE: 512
	MAX_SEQ_LEN_REF: 256
	MAX_SEQ_LEN_QER: 128
	MAX_SEQ_LEN8: 128
	SEEDS_PER_READ: 500
	SIMD_WIDTH8 X: 32
	SIMD_WIDTH16 X: 16
	AVG_SEEDS_PER_READ: 64
## filter-stats: kept 2273; removed 5828
[hopper] final BAM reads: 2273
=== [hopper] done ===
=== [accord] starting in candidate_regions_data/JUT-008_MUN-009/accord.yjyR ===
[accord] contig count: 1  (accord)
[accord] hits.bam reads: 12599
[accord] qname count:  6468
[accord] pair.bam reads: 13570
[M::bam2fq_mainloop] discarded 0 singletons
[M::bam2fq_mainloop] processed 12936 reads
[accord] FASTQ1 lines: 25872
[accord] FASTQ2 lines: 25872
Looking to launch executable "/work/users/a/d/adaigle/.conda/envs/TEforest/bin/bwa-mem2.avx2", simd = .avx2
Launching executable "/work/users/a/d/adaigle/.conda/envs/TEforest/bin/bwa-mem2.avx2"
-----------------------------
Executing in AVX2 mode!!
-----------------------------
* SA compression enabled with xfactor: 8
* Ref file: fastp/ref_genome
* Entering FMI_search
* Index file found. Loading index from fastp/ref_genome.bwt.2bit.64
* Reference seq len for bi-index = 288895287
* sentinel-index: 149660069
* Count:
0,	1
1,	83687631
2,	144447644
3,	205207657
4,	288895287

* Reading other elements of the index from files fastp/ref_genome
* Index prefix: fastp/ref_genome
* Read 0 ALT contigs
* Done reading Index!!
* Reading reference genome..
* Binary seq file = fastp/ref_genome.0123
* Reference genome size: 288895286 bp
* Done reading reference genome !!

------------------------------------------
1. Memory pre-allocation for Chaining: 139.3584 MB
2. Memory pre-allocation for BSW: 239.6170 MB
3. Memory pre-allocation for BWT: 77.3142 MB
------------------------------------------
* Threads used (compute): 1
* No. of pipeline threads: 2

[0000] read_chunk: 10000000, work_chunk_size: 1950694, nseq: 12936
	[0000][ M::kt_pipeline] read 12936 sequences (1950694 bp)...
[0000] Calling mem_process_seqs.., task: 0
[0000] 1. Calling kt_for - worker_bwt
[0000] read_chunk: 10000000, work_chunk_size: 0, nseq: 0
[0000] 2. Calling kt_for - worker_aln
[0000] Inferring insert size distribution of PE reads from data, l_pac: 144447643, n: 12936
[0000][PE] # candidate unique pairs for (FF, FR, RF, RR): (0, 118, 4, 0)
[0000][PE] skip orientation FF as there are not enough pairs
[0000][PE] analyzing insert size distribution for orientation FR...
[0000][PE] (25, 50, 75) percentile: (214, 248, 408)
[0000][PE] low and high boundaries for computing mean and std.dev: (1, 796)
[0000][PE] mean and std.dev: (295.63, 121.82)
[0000][PE] low and high boundaries for proper pairs: (1, 990)
[0000][PE] skip orientation RF as there are not enough pairs
[0000][PE] skip orientation RR as there are not enough pairs
[0000] 3. Calling kt_for - worker_sam
	[0000][ M::mem_process_seqs] Processed 12936 reads in 4.579 CPU sec, 4.628 real sec
[0000] read_chunk: 10000000, work_chunk_size: 0, nseq: 0
[0000] Computation ends..
No. of OMP threads: 1
Processor is running @2645.201512 MHz
Runtime profile:

	Time taken for main_mem function: 5.40 sec

	IO times (sec) :
	Reading IO time (reads) avg: 0.02, (0.02, 0.02)
	Writing IO time (SAM) avg: 0.25, (0.25, 0.25)
	Reading IO time (Reference Genome) avg: 0.16, (0.16, 0.16)
	Index read time avg: 0.28, (0.28, 0.28)

	Overall time (sec) (Excluding Index reading time):
	PROCESS() (Total compute time + (read + SAM) IO time) : 4.90
	MEM_PROCESS_SEQ() (Total compute time (Kernel + SAM)), avg: 4.63, (4.63, 4.63)

	 SAM Processing time (sec):
	--WORKER_SAM avg: 2.00, (2.00, 2.00)

	Kernels' compute time (sec):
	Total kernel (smem+sal+bsw) time avg: 2.62, (2.62, 2.62)
		SMEM compute avg: 0.49, (0.49, 0.49)
		SAL compute avg: 0.32, (0.32, 0.32)
				MEM_SA avg: 0.19, (0.19, 0.19)

		BSW time, avg: 1.75, (1.75, 1.75)

Important parameter settings: 
	BATCH_SIZE: 512
	MAX_SEQ_LEN_REF: 256
	MAX_SEQ_LEN_QER: 128
	MAX_SEQ_LEN8: 128
	SEEDS_PER_READ: 500
	SIMD_WIDTH8 X: 32
	SIMD_WIDTH16 X: 16
	AVG_SEEDS_PER_READ: 64
## filter-stats: kept 2710; removed 10711
[accord] final BAM reads: 2710
=== [accord] done ===
=== [Gypsy_24_Dya] starting in candidate_regions_data/JUT-008_MUN-009/Gypsy_24_Dya.gyvf ===
[Gypsy_24_Dya] contig count: 1  (Gypsy_24_Dya)
[Gypsy_24_Dya] hits.bam reads: 13357
[Gypsy_24_Dya] qname count:  6774
[Gypsy_24_Dya] pair.bam reads: 13676
[M::bam2fq_mainloop] discarded 0 singletons
[M::bam2fq_mainloop] processed 13548 reads
[Gypsy_24_Dya] FASTQ1 lines: 27096
[Gypsy_24_Dya] FASTQ2 lines: 27096
Looking to launch executable "/work/users/a/d/adaigle/.conda/envs/TEforest/bin/bwa-mem2.avx2", simd = .avx2
Launching executable "/work/users/a/d/adaigle/.conda/envs/TEforest/bin/bwa-mem2.avx2"
-----------------------------
Executing in AVX2 mode!!
-----------------------------
* SA compression enabled with xfactor: 8
* Ref file: fastp/ref_genome
* Entering FMI_search
* Index file found. Loading index from fastp/ref_genome.bwt.2bit.64
* Reference seq len for bi-index = 288895287
* sentinel-index: 149660069
* Count:
0,	1
1,	83687631
2,	144447644
3,	205207657
4,	288895287

* Reading other elements of the index from files fastp/ref_genome
* Index prefix: fastp/ref_genome
* Read 0 ALT contigs
* Done reading Index!!
* Reading reference genome..
* Binary seq file = fastp/ref_genome.0123
* Reference genome size: 288895286 bp
* Done reading reference genome !!

------------------------------------------
1. Memory pre-allocation for Chaining: 139.3584 MB
2. Memory pre-allocation for BSW: 239.6170 MB
3. Memory pre-allocation for BWT: 77.3142 MB
------------------------------------------
* Threads used (compute): 1
* No. of pipeline threads: 2

[0000] read_chunk: 10000000, work_chunk_size: 2045632, nseq: 13548
	[0000][ M::kt_pipeline] read 13548 sequences (2045632 bp)...
[0000] Calling mem_process_seqs.., task: 0
[0000] read_chunk: 10000000, work_chunk_size: 0, nseq: 0
[0000] 1. Calling kt_for - worker_bwt
[0000] 2. Calling kt_for - worker_aln
[0000] Inferring insert size distribution of PE reads from data, l_pac: 144447643, n: 13548
[0000][PE] # candidate unique pairs for (FF, FR, RF, RR): (0, 1651, 3, 0)
[0000][PE] skip orientation FF as there are not enough pairs
[0000][PE] analyzing insert size distribution for orientation FR...
[0000][PE] (25, 50, 75) percentile: (379, 448, 525)
[0000][PE] low and high boundaries for computing mean and std.dev: (87, 817)
[0000][PE] mean and std.dev: (452.60, 112.81)
[0000][PE] low and high boundaries for proper pairs: (1, 963)
[0000][PE] skip orientation RF as there are not enough pairs
[0000][PE] skip orientation RR as there are not enough pairs
[0000] 3. Calling kt_for - worker_sam
	[0000][ M::mem_process_seqs] Processed 13548 reads in 4.470 CPU sec, 4.522 real sec
[0000] read_chunk: 10000000, work_chunk_size: 0, nseq: 0
[0000] Computation ends..
No. of OMP threads: 1
Processor is running @2645.209250 MHz
Runtime profile:

	Time taken for main_mem function: 5.40 sec

	IO times (sec) :
	Reading IO time (reads) avg: 0.02, (0.02, 0.02)
	Writing IO time (SAM) avg: 0.28, (0.28, 0.28)
	Reading IO time (Reference Genome) avg: 0.18, (0.18, 0.18)
	Index read time avg: 0.31, (0.31, 0.31)

	Overall time (sec) (Excluding Index reading time):
	PROCESS() (Total compute time + (read + SAM) IO time) : 4.84
	MEM_PROCESS_SEQ() (Total compute time (Kernel + SAM)), avg: 4.52, (4.52, 4.52)

	 SAM Processing time (sec):
	--WORKER_SAM avg: 2.49, (2.49, 2.49)

	Kernels' compute time (sec):
	Total kernel (smem+sal+bsw) time avg: 2.03, (2.03, 2.03)
		SMEM compute avg: 0.53, (0.53, 0.53)
		SAL compute avg: 0.15, (0.15, 0.15)
				MEM_SA avg: 0.09, (0.09, 0.09)

		BSW time, avg: 1.30, (1.30, 1.30)

Important parameter settings: 
	BATCH_SIZE: 512
	MAX_SEQ_LEN_REF: 256
	MAX_SEQ_LEN_QER: 128
	MAX_SEQ_LEN8: 128
	SEEDS_PER_READ: 500
	SIMD_WIDTH8 X: 32
	SIMD_WIDTH16 X: 16
	AVG_SEEDS_PER_READ: 64
## filter-stats: kept 3478; removed 10430
[Gypsy_24_Dya] final BAM reads: 3478
=== [Gypsy_24_Dya] done ===
=== [Quasimodo2] starting in candidate_regions_data/JUT-008_MUN-009/Quasimodo2.gfM8 ===
[Quasimodo2] contig count: 1  (Quasimodo2)
[Quasimodo2] hits.bam reads: 10238
[Quasimodo2] qname count:  5227
[Quasimodo2] pair.bam reads: 10833
[M::bam2fq_mainloop] discarded 0 singletons
[M::bam2fq_mainloop] processed 10454 reads
[Quasimodo2] FASTQ1 lines: 20908
[Quasimodo2] FASTQ2 lines: 20908
Looking to launch executable "/work/users/a/d/adaigle/.conda/envs/TEforest/bin/bwa-mem2.avx2", simd = .avx2
Launching executable "/work/users/a/d/adaigle/.conda/envs/TEforest/bin/bwa-mem2.avx2"
-----------------------------
Executing in AVX2 mode!!
-----------------------------
* SA compression enabled with xfactor: 8
* Ref file: fastp/ref_genome
* Entering FMI_search
* Index file found. Loading index from fastp/ref_genome.bwt.2bit.64
* Reference seq len for bi-index = 288895287
* sentinel-index: 149660069
* Count:
0,	1
1,	83687631
2,	144447644
3,	205207657
4,	288895287

* Reading other elements of the index from files fastp/ref_genome
* Index prefix: fastp/ref_genome
* Read 0 ALT contigs
* Done reading Index!!
* Reading reference genome..
* Binary seq file = fastp/ref_genome.0123
* Reference genome size: 288895286 bp
* Done reading reference genome !!

------------------------------------------
1. Memory pre-allocation for Chaining: 139.3584 MB
2. Memory pre-allocation for BSW: 239.6170 MB
3. Memory pre-allocation for BWT: 77.3142 MB
------------------------------------------
* Threads used (compute): 1
* No. of pipeline threads: 2

[0000] read_chunk: 10000000, work_chunk_size: 1578424, nseq: 10454
	[0000][ M::kt_pipeline] read 10454 sequences (1578424 bp)...
[0000] read_chunk: 10000000, work_chunk_size: 0, nseq: 0
[0000] Calling mem_process_seqs.., task: 0
[0000] 1. Calling kt_for - worker_bwt
[0000] 2. Calling kt_for - worker_aln
[0000] Inferring insert size distribution of PE reads from data, l_pac: 144447643, n: 10454
[0000][PE] # candidate unique pairs for (FF, FR, RF, RR): (0, 236, 0, 0)
[0000][PE] skip orientation FF as there are not enough pairs
[0000][PE] analyzing insert size distribution for orientation FR...
[0000][PE] (25, 50, 75) percentile: (354, 432, 506)
[0000][PE] low and high boundaries for computing mean and std.dev: (50, 810)
[0000][PE] mean and std.dev: (429.66, 122.14)
[0000][PE] low and high boundaries for proper pairs: (1, 962)
[0000][PE] skip orientation RF as there are not enough pairs
[0000][PE] skip orientation RR as there are not enough pairs
[0000] 3. Calling kt_for - worker_sam
	[0000][ M::mem_process_seqs] Processed 10454 reads in 4.514 CPU sec, 4.561 real sec
[0000] read_chunk: 10000000, work_chunk_size: 0, nseq: 0
[0000] Computation ends..
No. of OMP threads: 1
Processor is running @2645.220301 MHz
Runtime profile:

	Time taken for main_mem function: 5.35 sec

	IO times (sec) :
	Reading IO time (reads) avg: 0.02, (0.02, 0.02)
	Writing IO time (SAM) avg: 0.20, (0.20, 0.20)
	Reading IO time (Reference Genome) avg: 0.18, (0.18, 0.18)
	Index read time avg: 0.32, (0.32, 0.32)

	Overall time (sec) (Excluding Index reading time):
	PROCESS() (Total compute time + (read + SAM) IO time) : 4.79
	MEM_PROCESS_SEQ() (Total compute time (Kernel + SAM)), avg: 4.56, (4.56, 4.56)

	 SAM Processing time (sec):
	--WORKER_SAM avg: 1.38, (1.38, 1.38)

	Kernels' compute time (sec):
	Total kernel (smem+sal+bsw) time avg: 3.18, (3.18, 3.18)
		SMEM compute avg: 0.46, (0.46, 0.46)
		SAL compute avg: 0.29, (0.29, 0.29)
				MEM_SA avg: 0.16, (0.16, 0.16)

		BSW time, avg: 2.38, (2.38, 2.38)

Important parameter settings: 
	BATCH_SIZE: 512
	MAX_SEQ_LEN_REF: 256
	MAX_SEQ_LEN_QER: 128
	MAX_SEQ_LEN8: 128
	SEEDS_PER_READ: 500
	SIMD_WIDTH8 X: 32
	SIMD_WIDTH16 X: 16
	AVG_SEEDS_PER_READ: 64
## filter-stats: kept 1419; removed 9237
[Quasimodo2] final BAM reads: 1419
=== [Quasimodo2] done ===
=== [Doc6] starting in candidate_regions_data/JUT-008_MUN-009/Doc6.mv9y ===
[Doc6] contig count: 1  (Doc6)
[Doc6] hits.bam reads: 8751
[Doc6] qname count:  4445
[Doc6] pair.bam reads: 8966
[M::bam2fq_mainloop] discarded 0 singletons
[M::bam2fq_mainloop] processed 8890 reads
[Doc6] FASTQ1 lines: 17780
[Doc6] FASTQ2 lines: 17780
Looking to launch executable "/work/users/a/d/adaigle/.conda/envs/TEforest/bin/bwa-mem2.avx2", simd = .avx2
Launching executable "/work/users/a/d/adaigle/.conda/envs/TEforest/bin/bwa-mem2.avx2"
-----------------------------
Executing in AVX2 mode!!
-----------------------------
* SA compression enabled with xfactor: 8
* Ref file: fastp/ref_genome
* Entering FMI_search
* Index file found. Loading index from fastp/ref_genome.bwt.2bit.64
* Reference seq len for bi-index = 288895287
* sentinel-index: 149660069
* Count:
0,	1
1,	83687631
2,	144447644
3,	205207657
4,	288895287

* Reading other elements of the index from files fastp/ref_genome
* Index prefix: fastp/ref_genome
* Read 0 ALT contigs
* Done reading Index!!
* Reading reference genome..
* Binary seq file = fastp/ref_genome.0123
* Reference genome size: 288895286 bp
* Done reading reference genome !!

------------------------------------------
1. Memory pre-allocation for Chaining: 139.3584 MB
2. Memory pre-allocation for BSW: 239.6170 MB
3. Memory pre-allocation for BWT: 77.3142 MB
------------------------------------------
* Threads used (compute): 1
* No. of pipeline threads: 2

[0000] read_chunk: 10000000, work_chunk_size: 1342108, nseq: 8890
	[0000][ M::kt_pipeline] read 8890 sequences (1342108 bp)...
[0000] read_chunk: 10000000, work_chunk_size: 0, nseq: 0
[0000] Calling mem_process_seqs.., task: 0
[0000] 1. Calling kt_for - worker_bwt
[0000] 2. Calling kt_for - worker_aln
[0000] Inferring insert size distribution of PE reads from data, l_pac: 144447643, n: 8890
[0000][PE] # candidate unique pairs for (FF, FR, RF, RR): (0, 83, 0, 0)
[0000][PE] skip orientation FF as there are not enough pairs
[0000][PE] analyzing insert size distribution for orientation FR...
[0000][PE] (25, 50, 75) percentile: (302, 364, 457)
[0000][PE] low and high boundaries for computing mean and std.dev: (1, 767)
[0000][PE] mean and std.dev: (370.76, 114.99)
[0000][PE] low and high boundaries for proper pairs: (1, 922)
[0000][PE] skip orientation RF as there are not enough pairs
[0000][PE] skip orientation RR as there are not enough pairs
[0000] 3. Calling kt_for - worker_sam
	[0000][ M::mem_process_seqs] Processed 8890 reads in 2.814 CPU sec, 2.864 real sec
[0000] read_chunk: 10000000, work_chunk_size: 0, nseq: 0
[0000] Computation ends..
No. of OMP threads: 1
Processor is running @2645.216882 MHz
Runtime profile:

	Time taken for main_mem function: 3.59 sec

	IO times (sec) :
	Reading IO time (reads) avg: 0.01, (0.01, 0.01)
	Writing IO time (SAM) avg: 0.16, (0.16, 0.16)
	Reading IO time (Reference Genome) avg: 0.16, (0.16, 0.16)
	Index read time avg: 0.31, (0.31, 0.31)

	Overall time (sec) (Excluding Index reading time):
	PROCESS() (Total compute time + (read + SAM) IO time) : 3.05
	MEM_PROCESS_SEQ() (Total compute time (Kernel + SAM)), avg: 2.86, (2.86, 2.86)

	 SAM Processing time (sec):
	--WORKER_SAM avg: 0.86, (0.86, 0.86)

	Kernels' compute time (sec):
	Total kernel (smem+sal+bsw) time avg: 2.00, (2.00, 2.00)
		SMEM compute avg: 0.26, (0.26, 0.26)
		SAL compute avg: 0.24, (0.24, 0.24)
				MEM_SA avg: 0.13, (0.13, 0.13)

		BSW time, avg: 1.44, (1.44, 1.44)

Important parameter settings: 
	BATCH_SIZE: 512
	MAX_SEQ_LEN_REF: 256
	MAX_SEQ_LEN_QER: 128
	MAX_SEQ_LEN8: 128
	SEEDS_PER_READ: 500
	SIMD_WIDTH8 X: 32
	SIMD_WIDTH16 X: 16
	AVG_SEEDS_PER_READ: 64
## filter-stats: kept 2737; removed 6684
[Doc6] final BAM reads: 2737
=== [Doc6] done ===
=== [Tc1] starting in candidate_regions_data/JUT-008_MUN-009/Tc1.BrXc ===
[Tc1] contig count: 2  (Tc1 Tc1_2)
[Tc1] hits.bam reads: 14235
[Tc1] qname count:  7211
[Tc1] pair.bam reads: 15347
[M::bam2fq_mainloop] discarded 0 singletons
[M::bam2fq_mainloop] processed 14422 reads
[Tc1] FASTQ1 lines: 28844
[Tc1] FASTQ2 lines: 28844
Looking to launch executable "/work/users/a/d/adaigle/.conda/envs/TEforest/bin/bwa-mem2.avx2", simd = .avx2
Launching executable "/work/users/a/d/adaigle/.conda/envs/TEforest/bin/bwa-mem2.avx2"
-----------------------------
Executing in AVX2 mode!!
-----------------------------
* SA compression enabled with xfactor: 8
* Ref file: fastp/ref_genome
* Entering FMI_search
* Index file found. Loading index from fastp/ref_genome.bwt.2bit.64
* Reference seq len for bi-index = 288895287
* sentinel-index: 149660069
* Count:
0,	1
1,	83687631
2,	144447644
3,	205207657
4,	288895287

* Reading other elements of the index from files fastp/ref_genome
* Index prefix: fastp/ref_genome
* Read 0 ALT contigs
* Done reading Index!!
* Reading reference genome..
* Binary seq file = fastp/ref_genome.0123
* Reference genome size: 288895286 bp
* Done reading reference genome !!

------------------------------------------
1. Memory pre-allocation for Chaining: 139.3584 MB
2. Memory pre-allocation for BSW: 239.6170 MB
3. Memory pre-allocation for BWT: 77.3142 MB
------------------------------------------
* Threads used (compute): 1
* No. of pipeline threads: 2

[0000] read_chunk: 10000000, work_chunk_size: 2177380, nseq: 14422
	[0000][ M::kt_pipeline] read 14422 sequences (2177380 bp)...
[0000] read_chunk: 10000000, work_chunk_size: 0, nseq: 0
[0000] Calling mem_process_seqs.., task: 0
[0000] 1. Calling kt_for - worker_bwt
[0000] 2. Calling kt_for - worker_aln
[0000] Inferring insert size distribution of PE reads from data, l_pac: 144447643, n: 14422
[0000][PE] # candidate unique pairs for (FF, FR, RF, RR): (4, 3077, 8, 4)
[0000][PE] skip orientation FF as there are not enough pairs
[0000][PE] analyzing insert size distribution for orientation FR...
[0000][PE] (25, 50, 75) percentile: (389, 457, 532)
[0000][PE] low and high boundaries for computing mean and std.dev: (103, 818)
[0000][PE] mean and std.dev: (461.75, 111.40)
[0000][PE] low and high boundaries for proper pairs: (1, 961)
[0000][PE] skip orientation RF as there are not enough pairs
[0000][PE] skip orientation RR as there are not enough pairs
[0000] 3. Calling kt_for - worker_sam
	[0000][ M::mem_process_seqs] Processed 14422 reads in 3.331 CPU sec, 3.389 real sec
[0000] read_chunk: 10000000, work_chunk_size: 0, nseq: 0
[0000] Computation ends..
No. of OMP threads: 1
Processor is running @2645.213596 MHz
Runtime profile:

	Time taken for main_mem function: 4.01 sec

	IO times (sec) :
	Reading IO time (reads) avg: 0.02, (0.02, 0.02)
	Writing IO time (SAM) avg: 0.29, (0.29, 0.29)
	Reading IO time (Reference Genome) avg: 0.15, (0.15, 0.15)
	Index read time avg: 0.12, (0.12, 0.12)

	Overall time (sec) (Excluding Index reading time):
	PROCESS() (Total compute time + (read + SAM) IO time) : 3.71
	MEM_PROCESS_SEQ() (Total compute time (Kernel + SAM)), avg: 3.39, (3.39, 3.39)

	 SAM Processing time (sec):
	--WORKER_SAM avg: 1.40, (1.40, 1.40)

	Kernels' compute time (sec):
	Total kernel (smem+sal+bsw) time avg: 1.99, (1.99, 1.99)
		SMEM compute avg: 0.55, (0.55, 0.55)
		SAL compute avg: 0.24, (0.24, 0.24)
				MEM_SA avg: 0.12, (0.12, 0.12)

		BSW time, avg: 1.14, (1.14, 1.14)

Important parameter settings: 
	BATCH_SIZE: 512
	MAX_SEQ_LEN_REF: 256
	MAX_SEQ_LEN_QER: 128
	MAX_SEQ_LEN8: 128
	SEEDS_PER_READ: 500
	SIMD_WIDTH8 X: 32
	SIMD_WIDTH16 X: 16
	AVG_SEEDS_PER_READ: 64
## filter-stats: kept 1289; removed 13294
[Tc1] final BAM reads: 1289
=== [Tc1] done ===
=== [3S18] starting in candidate_regions_data/JUT-008_MUN-009/3S18.sCUT ===
[3S18] contig count: 1  (3S18)
[3S18] hits.bam reads: 15958
[3S18] qname count:  8048
[3S18] pair.bam reads: 16285
[M::bam2fq_mainloop] discarded 0 singletons
[M::bam2fq_mainloop] processed 16096 reads
[3S18] FASTQ1 lines: 32192
[3S18] FASTQ2 lines: 32192
Looking to launch executable "/work/users/a/d/adaigle/.conda/envs/TEforest/bin/bwa-mem2.avx2", simd = .avx2
Launching executable "/work/users/a/d/adaigle/.conda/envs/TEforest/bin/bwa-mem2.avx2"
-----------------------------
Executing in AVX2 mode!!
-----------------------------
* SA compression enabled with xfactor: 8
* Ref file: fastp/ref_genome
* Entering FMI_search
* Index file found. Loading index from fastp/ref_genome.bwt.2bit.64
* Reference seq len for bi-index = 288895287
* sentinel-index: 149660069
* Count:
0,	1
1,	83687631
2,	144447644
3,	205207657
4,	288895287

* Reading other elements of the index from files fastp/ref_genome
* Index prefix: fastp/ref_genome
* Read 0 ALT contigs
* Done reading Index!!
* Reading reference genome..
* Binary seq file = fastp/ref_genome.0123
* Reference genome size: 288895286 bp
* Done reading reference genome !!

------------------------------------------
1. Memory pre-allocation for Chaining: 139.3584 MB
2. Memory pre-allocation for BSW: 239.6170 MB
3. Memory pre-allocation for BWT: 77.3142 MB
------------------------------------------
* Threads used (compute): 1
* No. of pipeline threads: 2

[0000] read_chunk: 10000000, work_chunk_size: 2429846, nseq: 16096
	[0000][ M::kt_pipeline] read 16096 sequences (2429846 bp)...
[0000] Calling mem_process_seqs.., task: 0
[0000] read_chunk: 10000000, work_chunk_size: 0, nseq: 0
[0000] 1. Calling kt_for - worker_bwt
[0000] 2. Calling kt_for - worker_aln
[0000] Inferring insert size distribution of PE reads from data, l_pac: 144447643, n: 16096
[0000][PE] # candidate unique pairs for (FF, FR, RF, RR): (0, 367, 0, 0)
[0000][PE] skip orientation FF as there are not enough pairs
[0000][PE] analyzing insert size distribution for orientation FR...
[0000][PE] (25, 50, 75) percentile: (395, 453, 541)
[0000][PE] low and high boundaries for computing mean and std.dev: (103, 833)
[0000][PE] mean and std.dev: (467.26, 108.63)
[0000][PE] low and high boundaries for proper pairs: (1, 979)
[0000][PE] skip orientation RF as there are not enough pairs
[0000][PE] skip orientation RR as there are not enough pairs
[0000] 3. Calling kt_for - worker_sam
	[0000][ M::mem_process_seqs] Processed 16096 reads in 6.253 CPU sec, 6.317 real sec
[0000] read_chunk: 10000000, work_chunk_size: 0, nseq: 0
[0000] Computation ends..
No. of OMP threads: 1
Processor is running @2645.220460 MHz
Runtime profile:

	Time taken for main_mem function: 7.14 sec

	IO times (sec) :
	Reading IO time (reads) avg: 0.02, (0.02, 0.02)
	Writing IO time (SAM) avg: 0.28, (0.28, 0.28)
	Reading IO time (Reference Genome) avg: 0.17, (0.17, 0.17)
	Index read time avg: 0.29, (0.29, 0.29)

	Overall time (sec) (Excluding Index reading time):
	PROCESS() (Total compute time + (read + SAM) IO time) : 6.63
	MEM_PROCESS_SEQ() (Total compute time (Kernel + SAM)), avg: 6.32, (6.32, 6.32)

	 SAM Processing time (sec):
	--WORKER_SAM avg: 1.66, (1.66, 1.66)

	Kernels' compute time (sec):
	Total kernel (smem+sal+bsw) time avg: 4.65, (4.65, 4.65)
		SMEM compute avg: 0.57, (0.57, 0.57)
		SAL compute avg: 0.44, (0.44, 0.44)
				MEM_SA avg: 0.24, (0.24, 0.24)

		BSW time, avg: 3.56, (3.56, 3.56)

Important parameter settings: 
	BATCH_SIZE: 512
	MAX_SEQ_LEN_REF: 256
	MAX_SEQ_LEN_QER: 128
	MAX_SEQ_LEN8: 128
	SEEDS_PER_READ: 500
	SIMD_WIDTH8 X: 32
	SIMD_WIDTH16 X: 16
	AVG_SEEDS_PER_READ: 64
## filter-stats: kept 2312; removed 14153
[3S18] final BAM reads: 2312
=== [3S18] done ===
=== [diver] starting in candidate_regions_data/JUT-008_MUN-009/diver.ppDL ===
[diver] contig count: 1  (diver)
[diver] hits.bam reads: 13404
[diver] qname count:  6790
[diver] pair.bam reads: 13948
[M::bam2fq_mainloop] discarded 0 singletons
[M::bam2fq_mainloop] processed 13580 reads
[diver] FASTQ1 lines: 27160
[diver] FASTQ2 lines: 27160
Looking to launch executable "/work/users/a/d/adaigle/.conda/envs/TEforest/bin/bwa-mem2.avx2", simd = .avx2
Launching executable "/work/users/a/d/adaigle/.conda/envs/TEforest/bin/bwa-mem2.avx2"
-----------------------------
Executing in AVX2 mode!!
-----------------------------
* SA compression enabled with xfactor: 8
* Ref file: fastp/ref_genome
* Entering FMI_search
* Index file found. Loading index from fastp/ref_genome.bwt.2bit.64
* Reference seq len for bi-index = 288895287
* sentinel-index: 149660069
* Count:
0,	1
1,	83687631
2,	144447644
3,	205207657
4,	288895287

* Reading other elements of the index from files fastp/ref_genome
* Index prefix: fastp/ref_genome
* Read 0 ALT contigs
* Done reading Index!!
* Reading reference genome..
* Binary seq file = fastp/ref_genome.0123
* Reference genome size: 288895286 bp
* Done reading reference genome !!

------------------------------------------
1. Memory pre-allocation for Chaining: 139.3584 MB
2. Memory pre-allocation for BSW: 239.6170 MB
3. Memory pre-allocation for BWT: 77.3142 MB
------------------------------------------
* Threads used (compute): 1
* No. of pipeline threads: 2

[0000] read_chunk: 10000000, work_chunk_size: 2049116, nseq: 13580
	[0000][ M::kt_pipeline] read 13580 sequences (2049116 bp)...
[0000] Calling mem_process_seqs.., task: 0
[0000] 1. Calling kt_for - worker_bwt
[0000] read_chunk: 10000000, work_chunk_size: 0, nseq: 0
[0000] 2. Calling kt_for - worker_aln
[0000] Inferring insert size distribution of PE reads from data, l_pac: 144447643, n: 13580
[0000][PE] # candidate unique pairs for (FF, FR, RF, RR): (0, 80, 0, 0)
[0000][PE] skip orientation FF as there are not enough pairs
[0000][PE] analyzing insert size distribution for orientation FR...
[0000][PE] (25, 50, 75) percentile: (344, 445, 507)
[0000][PE] low and high boundaries for computing mean and std.dev: (18, 833)
[0000][PE] mean and std.dev: (426.96, 123.09)
[0000][PE] low and high boundaries for proper pairs: (1, 996)
[0000][PE] skip orientation RF as there are not enough pairs
[0000][PE] skip orientation RR as there are not enough pairs
[0000] 3. Calling kt_for - worker_sam
	[0000][ M::mem_process_seqs] Processed 13580 reads in 6.560 CPU sec, 6.654 real sec
[0000] read_chunk: 10000000, work_chunk_size: 0, nseq: 0
[0000] Computation ends..
No. of OMP threads: 1
Processor is running @2645.220063 MHz
Runtime profile:

	Time taken for main_mem function: 7.49 sec

	IO times (sec) :
	Reading IO time (reads) avg: 0.02, (0.02, 0.02)
	Writing IO time (SAM) avg: 0.27, (0.27, 0.27)
	Reading IO time (Reference Genome) avg: 0.16, (0.16, 0.16)
	Index read time avg: 0.30, (0.30, 0.30)

	Overall time (sec) (Excluding Index reading time):
	PROCESS() (Total compute time + (read + SAM) IO time) : 6.94
	MEM_PROCESS_SEQ() (Total compute time (Kernel + SAM)), avg: 6.65, (6.65, 6.65)

	 SAM Processing time (sec):
	--WORKER_SAM avg: 3.15, (3.15, 3.15)

	Kernels' compute time (sec):
	Total kernel (smem+sal+bsw) time avg: 3.50, (3.50, 3.50)
		SMEM compute avg: 0.47, (0.47, 0.47)
		SAL compute avg: 0.32, (0.32, 0.32)
				MEM_SA avg: 0.16, (0.16, 0.16)

		BSW time, avg: 2.64, (2.64, 2.64)

Important parameter settings: 
	BATCH_SIZE: 512
	MAX_SEQ_LEN_REF: 256
	MAX_SEQ_LEN_QER: 128
	MAX_SEQ_LEN8: 128
	SEEDS_PER_READ: 500
	SIMD_WIDTH8 X: 32
	SIMD_WIDTH16 X: 16
	AVG_SEEDS_PER_READ: 64
## filter-stats: kept 2464; removed 11502
[diver] final BAM reads: 2464
=== [diver] done ===
=== [Invader4] starting in candidate_regions_data/JUT-008_MUN-009/Invader4.kRhV ===
[Invader4] contig count: 1  (Invader4)
[Invader4] hits.bam reads: 12197
[Invader4] qname count:  6353
[Invader4] pair.bam reads: 13246
[M::bam2fq_mainloop] discarded 0 singletons
[M::bam2fq_mainloop] processed 12706 reads
[Invader4] FASTQ1 lines: 25412
[Invader4] FASTQ2 lines: 25412
Looking to launch executable "/work/users/a/d/adaigle/.conda/envs/TEforest/bin/bwa-mem2.avx2", simd = .avx2
Launching executable "/work/users/a/d/adaigle/.conda/envs/TEforest/bin/bwa-mem2.avx2"
-----------------------------
Executing in AVX2 mode!!
-----------------------------
* SA compression enabled with xfactor: 8
* Ref file: fastp/ref_genome
* Entering FMI_search
* Index file found. Loading index from fastp/ref_genome.bwt.2bit.64
* Reference seq len for bi-index = 288895287
* sentinel-index: 149660069
* Count:
0,	1
1,	83687631
2,	144447644
3,	205207657
4,	288895287

* Reading other elements of the index from files fastp/ref_genome
* Index prefix: fastp/ref_genome
* Read 0 ALT contigs
* Done reading Index!!
* Reading reference genome..
* Binary seq file = fastp/ref_genome.0123
* Reference genome size: 288895286 bp
* Done reading reference genome !!

------------------------------------------
1. Memory pre-allocation for Chaining: 139.3584 MB
2. Memory pre-allocation for BSW: 239.6170 MB
3. Memory pre-allocation for BWT: 77.3142 MB
------------------------------------------
* Threads used (compute): 1
* No. of pipeline threads: 2

[0000] read_chunk: 10000000, work_chunk_size: 1915000, nseq: 12706
	[0000][ M::kt_pipeline] read 12706 sequences (1915000 bp)...
[0000] Calling mem_process_seqs.., task: 0
[0000] 1. Calling kt_for - worker_bwt
[0000] read_chunk: 10000000, work_chunk_size: 0, nseq: 0
[0000] 2. Calling kt_for - worker_aln
[0000] Inferring insert size distribution of PE reads from data, l_pac: 144447643, n: 12706
[0000][PE] # candidate unique pairs for (FF, FR, RF, RR): (0, 816, 0, 0)
[0000][PE] skip orientation FF as there are not enough pairs
[0000][PE] analyzing insert size distribution for orientation FR...
[0000][PE] (25, 50, 75) percentile: (397, 463, 549)
[0000][PE] low and high boundaries for computing mean and std.dev: (93, 853)
[0000][PE] mean and std.dev: (472.90, 119.32)
[0000][PE] low and high boundaries for proper pairs: (1, 1005)
[0000][PE] skip orientation RF as there are not enough pairs
[0000][PE] skip orientation RR as there are not enough pairs
[0000] 3. Calling kt_for - worker_sam
	[0000][ M::mem_process_seqs] Processed 12706 reads in 5.028 CPU sec, 5.122 real sec
[0000] read_chunk: 10000000, work_chunk_size: 0, nseq: 0
[0000] Computation ends..
No. of OMP threads: 1
Processor is running @2645.211238 MHz
Runtime profile:

	Time taken for main_mem function: 5.95 sec

	IO times (sec) :
	Reading IO time (reads) avg: 0.02, (0.02, 0.02)
	Writing IO time (SAM) avg: 0.23, (0.23, 0.23)
	Reading IO time (Reference Genome) avg: 0.18, (0.18, 0.18)
	Index read time avg: 0.30, (0.30, 0.30)

	Overall time (sec) (Excluding Index reading time):
	PROCESS() (Total compute time + (read + SAM) IO time) : 5.38
	MEM_PROCESS_SEQ() (Total compute time (Kernel + SAM)), avg: 5.12, (5.12, 5.12)

	 SAM Processing time (sec):
	--WORKER_SAM avg: 1.91, (1.91, 1.91)

	Kernels' compute time (sec):
	Total kernel (smem+sal+bsw) time avg: 3.21, (3.21, 3.21)
		SMEM compute avg: 0.48, (0.48, 0.48)
		SAL compute avg: 0.30, (0.30, 0.30)
				MEM_SA avg: 0.15, (0.15, 0.15)

		BSW time, avg: 2.37, (2.37, 2.37)

Important parameter settings: 
	BATCH_SIZE: 512
	MAX_SEQ_LEN_REF: 256
	MAX_SEQ_LEN_QER: 128
	MAX_SEQ_LEN8: 128
	SEEDS_PER_READ: 500
	SIMD_WIDTH8 X: 32
	SIMD_WIDTH16 X: 16
	AVG_SEEDS_PER_READ: 64
## filter-stats: kept 1862; removed 10992
[Invader4] final BAM reads: 1862
=== [Invader4] done ===
=== [Blastopia] starting in candidate_regions_data/JUT-008_MUN-009/Blastopia.rO6p ===
[Blastopia] contig count: 1  (Blastopia)
[Blastopia] hits.bam reads: 12030
[Blastopia] qname count:  6077
[Blastopia] pair.bam reads: 12270
[M::bam2fq_mainloop] discarded 0 singletons
[M::bam2fq_mainloop] processed 12154 reads
[Blastopia] FASTQ1 lines: 24308
[Blastopia] FASTQ2 lines: 24308
Looking to launch executable "/work/users/a/d/adaigle/.conda/envs/TEforest/bin/bwa-mem2.avx2", simd = .avx2
Launching executable "/work/users/a/d/adaigle/.conda/envs/TEforest/bin/bwa-mem2.avx2"
-----------------------------
Executing in AVX2 mode!!
-----------------------------
* SA compression enabled with xfactor: 8
* Ref file: fastp/ref_genome
* Entering FMI_search
* Index file found. Loading index from fastp/ref_genome.bwt.2bit.64
* Reference seq len for bi-index = 288895287
* sentinel-index: 149660069
* Count:
0,	1
1,	83687631
2,	144447644
3,	205207657
4,	288895287

* Reading other elements of the index from files fastp/ref_genome
* Index prefix: fastp/ref_genome
* Read 0 ALT contigs
* Done reading Index!!
* Reading reference genome..
* Binary seq file = fastp/ref_genome.0123
* Reference genome size: 288895286 bp
* Done reading reference genome !!

------------------------------------------
1. Memory pre-allocation for Chaining: 139.3584 MB
2. Memory pre-allocation for BSW: 239.6170 MB
3. Memory pre-allocation for BWT: 77.3142 MB
------------------------------------------
* Threads used (compute): 1
* No. of pipeline threads: 2

[0000] read_chunk: 10000000, work_chunk_size: 1834992, nseq: 12154
	[0000][ M::kt_pipeline] read 12154 sequences (1834992 bp)...
[0000] read_chunk: 10000000, work_chunk_size: 0, nseq: 0
[0000] Calling mem_process_seqs.., task: 0
[0000] 1. Calling kt_for - worker_bwt
[0000] 2. Calling kt_for - worker_aln
[0000] Inferring insert size distribution of PE reads from data, l_pac: 144447643, n: 12154
[0000][PE] # candidate unique pairs for (FF, FR, RF, RR): (0, 106, 0, 0)
[0000][PE] skip orientation FF as there are not enough pairs
[0000][PE] analyzing insert size distribution for orientation FR...
[0000][PE] (25, 50, 75) percentile: (333, 386, 458)
[0000][PE] low and high boundaries for computing mean and std.dev: (83, 708)
[0000][PE] mean and std.dev: (389.06, 101.08)
[0000][PE] low and high boundaries for proper pairs: (1, 833)
[0000][PE] skip orientation RF as there are not enough pairs
[0000][PE] skip orientation RR as there are not enough pairs
[0000] 3. Calling kt_for - worker_sam
	[0000][ M::mem_process_seqs] Processed 12154 reads in 4.176 CPU sec, 4.230 real sec
[0000] read_chunk: 10000000, work_chunk_size: 0, nseq: 0
[0000] Computation ends..
No. of OMP threads: 1
Processor is running @2645.223878 MHz
Runtime profile:

	Time taken for main_mem function: 5.06 sec

	IO times (sec) :
	Reading IO time (reads) avg: 0.03, (0.03, 0.03)
	Writing IO time (SAM) avg: 0.21, (0.21, 0.21)
	Reading IO time (Reference Genome) avg: 0.17, (0.17, 0.17)
	Index read time avg: 0.30, (0.30, 0.30)

	Overall time (sec) (Excluding Index reading time):
	PROCESS() (Total compute time + (read + SAM) IO time) : 4.51
	MEM_PROCESS_SEQ() (Total compute time (Kernel + SAM)), avg: 4.23, (4.23, 4.23)

	 SAM Processing time (sec):
	--WORKER_SAM avg: 1.46, (1.46, 1.46)

	Kernels' compute time (sec):
	Total kernel (smem+sal+bsw) time avg: 2.76, (2.76, 2.76)
		SMEM compute avg: 0.31, (0.31, 0.31)
		SAL compute avg: 0.33, (0.33, 0.33)
				MEM_SA avg: 0.17, (0.17, 0.17)

		BSW time, avg: 2.05, (2.05, 2.05)

Important parameter settings: 
	BATCH_SIZE: 512
	MAX_SEQ_LEN_REF: 256
	MAX_SEQ_LEN_QER: 128
	MAX_SEQ_LEN8: 128
	SEEDS_PER_READ: 500
	SIMD_WIDTH8 X: 32
	SIMD_WIDTH16 X: 16
	AVG_SEEDS_PER_READ: 64
## filter-stats: kept 2868; removed 9847
[Blastopia] final BAM reads: 2868
=== [Blastopia] done ===
=== [pogo] starting in candidate_regions_data/JUT-008_MUN-009/pogo.hbST ===
[pogo] contig count: 1  (pogo)
[pogo] hits.bam reads: 6716
[pogo] qname count:  3212
[pogo] pair.bam reads: 7009
[M::bam2fq_mainloop] discarded 0 singletons
[M::bam2fq_mainloop] processed 6424 reads
[pogo] FASTQ1 lines: 12848
[pogo] FASTQ2 lines: 12848
Looking to launch executable "/work/users/a/d/adaigle/.conda/envs/TEforest/bin/bwa-mem2.avx2", simd = .avx2
Launching executable "/work/users/a/d/adaigle/.conda/envs/TEforest/bin/bwa-mem2.avx2"
-----------------------------
Executing in AVX2 mode!!
-----------------------------
* SA compression enabled with xfactor: 8
* Ref file: fastp/ref_genome
* Entering FMI_search
* Index file found. Loading index from fastp/ref_genome.bwt.2bit.64
* Reference seq len for bi-index = 288895287
* sentinel-index: 149660069
* Count:
0,	1
1,	83687631
2,	144447644
3,	205207657
4,	288895287

* Reading other elements of the index from files fastp/ref_genome
* Index prefix: fastp/ref_genome
* Read 0 ALT contigs
* Done reading Index!!
* Reading reference genome..
* Binary seq file = fastp/ref_genome.0123
* Reference genome size: 288895286 bp
* Done reading reference genome !!

------------------------------------------
1. Memory pre-allocation for Chaining: 139.3584 MB
2. Memory pre-allocation for BSW: 239.6170 MB
3. Memory pre-allocation for BWT: 77.3142 MB
------------------------------------------
* Threads used (compute): 1
* No. of pipeline threads: 2

[0000] read_chunk: 10000000, work_chunk_size: 969972, nseq: 6424
	[0000][ M::kt_pipeline] read 6424 sequences (969972 bp)...
[0000] Calling mem_process_seqs.., task: 0
[0000] 1. Calling kt_for - worker_bwt
[0000] read_chunk: 10000000, work_chunk_size: 0, nseq: 0
[0000] 2. Calling kt_for - worker_aln
[0000] Inferring insert size distribution of PE reads from data, l_pac: 144447643, n: 6424
[0000][PE] # candidate unique pairs for (FF, FR, RF, RR): (0, 282, 0, 0)
[0000][PE] skip orientation FF as there are not enough pairs
[0000][PE] analyzing insert size distribution for orientation FR...
[0000][PE] (25, 50, 75) percentile: (311, 371, 455)
[0000][PE] low and high boundaries for computing mean and std.dev: (23, 743)
[0000][PE] mean and std.dev: (385.15, 119.78)
[0000][PE] low and high boundaries for proper pairs: (1, 887)
[0000][PE] skip orientation RF as there are not enough pairs
[0000][PE] skip orientation RR as there are not enough pairs
[0000] 3. Calling kt_for - worker_sam
	[0000][ M::mem_process_seqs] Processed 6424 reads in 2.777 CPU sec, 2.803 real sec
[0000] read_chunk: 10000000, work_chunk_size: 0, nseq: 0
[0000] Computation ends..
No. of OMP threads: 1
Processor is running @2645.214100 MHz
Runtime profile:

	Time taken for main_mem function: 3.47 sec

	IO times (sec) :
	Reading IO time (reads) avg: 0.01, (0.01, 0.01)
	Writing IO time (SAM) avg: 0.14, (0.14, 0.14)
	Reading IO time (Reference Genome) avg: 0.16, (0.16, 0.16)
	Index read time avg: 0.28, (0.28, 0.28)

	Overall time (sec) (Excluding Index reading time):
	PROCESS() (Total compute time + (read + SAM) IO time) : 2.96
	MEM_PROCESS_SEQ() (Total compute time (Kernel + SAM)), avg: 2.80, (2.80, 2.80)

	 SAM Processing time (sec):
	--WORKER_SAM avg: 1.71, (1.71, 1.71)

	Kernels' compute time (sec):
	Total kernel (smem+sal+bsw) time avg: 1.09, (1.09, 1.09)
		SMEM compute avg: 0.23, (0.23, 0.23)
		SAL compute avg: 0.11, (0.11, 0.11)
				MEM_SA avg: 0.05, (0.05, 0.05)

		BSW time, avg: 0.72, (0.72, 0.72)

Important parameter settings: 
	BATCH_SIZE: 512
	MAX_SEQ_LEN_REF: 256
	MAX_SEQ_LEN_QER: 128
	MAX_SEQ_LEN8: 128
	SEEDS_PER_READ: 500
	SIMD_WIDTH8 X: 32
	SIMD_WIDTH16 X: 16
	AVG_SEEDS_PER_READ: 64
## filter-stats: kept 4686; removed 2862
[pogo] final BAM reads: 4686
=== [pogo] done ===
=== [HMS_Beagle2] starting in candidate_regions_data/JUT-008_MUN-009/HMS_Beagle2.BOfg ===
[HMS_Beagle2] contig count: 1  (HMS_Beagle2)
[HMS_Beagle2] hits.bam reads: 21238
[HMS_Beagle2] qname count:  11457
[HMS_Beagle2] pair.bam reads: 24090
[M::bam2fq_mainloop] discarded 0 singletons
[M::bam2fq_mainloop] processed 22914 reads
[HMS_Beagle2] FASTQ1 lines: 45828
[HMS_Beagle2] FASTQ2 lines: 45828
Looking to launch executable "/work/users/a/d/adaigle/.conda/envs/TEforest/bin/bwa-mem2.avx2", simd = .avx2
Launching executable "/work/users/a/d/adaigle/.conda/envs/TEforest/bin/bwa-mem2.avx2"
-----------------------------
Executing in AVX2 mode!!
-----------------------------
* SA compression enabled with xfactor: 8
* Ref file: fastp/ref_genome
* Entering FMI_search
* Index file found. Loading index from fastp/ref_genome.bwt.2bit.64
* Reference seq len for bi-index = 288895287
* sentinel-index: 149660069
* Count:
0,	1
1,	83687631
2,	144447644
3,	205207657
4,	288895287

* Reading other elements of the index from files fastp/ref_genome
* Index prefix: fastp/ref_genome
* Read 0 ALT contigs
* Done reading Index!!
* Reading reference genome..
* Binary seq file = fastp/ref_genome.0123
* Reference genome size: 288895286 bp
* Done reading reference genome !!

------------------------------------------
1. Memory pre-allocation for Chaining: 139.3584 MB
2. Memory pre-allocation for BSW: 239.6170 MB
3. Memory pre-allocation for BWT: 77.3142 MB
------------------------------------------
* Threads used (compute): 1
* No. of pipeline threads: 2

[0000] read_chunk: 10000000, work_chunk_size: 3459518, nseq: 22914
	[0000][ M::kt_pipeline] read 22914 sequences (3459518 bp)...
[0000] Calling mem_process_seqs.., task: 0
[0000] 1. Calling kt_for - worker_bwt
[0000] read_chunk: 10000000, work_chunk_size: 0, nseq: 0
[0000] 2. Calling kt_for - worker_aln
[0000] Inferring insert size distribution of PE reads from data, l_pac: 144447643, n: 22914
[0000][PE] # candidate unique pairs for (FF, FR, RF, RR): (0, 1375, 0, 0)
[0000][PE] skip orientation FF as there are not enough pairs
[0000][PE] analyzing insert size distribution for orientation FR...
[0000][PE] (25, 50, 75) percentile: (384, 450, 531)
[0000][PE] low and high boundaries for computing mean and std.dev: (90, 825)
[0000][PE] mean and std.dev: (456.10, 114.13)
[0000][PE] low and high boundaries for proper pairs: (1, 972)
[0000][PE] skip orientation RF as there are not enough pairs
[0000][PE] skip orientation RR as there are not enough pairs
[0000] 3. Calling kt_for - worker_sam
	[0000][ M::mem_process_seqs] Processed 22914 reads in 10.869 CPU sec, 11.120 real sec
[0000] read_chunk: 10000000, work_chunk_size: 0, nseq: 0
[0000] Computation ends..
No. of OMP threads: 1
Processor is running @2645.212112 MHz
Runtime profile:

	Time taken for main_mem function: 12.10 sec

	IO times (sec) :
	Reading IO time (reads) avg: 0.03, (0.03, 0.03)
	Writing IO time (SAM) avg: 0.42, (0.42, 0.42)
	Reading IO time (Reference Genome) avg: 0.16, (0.16, 0.16)
	Index read time avg: 0.28, (0.28, 0.28)

	Overall time (sec) (Excluding Index reading time):
	PROCESS() (Total compute time + (read + SAM) IO time) : 11.58
	MEM_PROCESS_SEQ() (Total compute time (Kernel + SAM)), avg: 11.12, (11.12, 11.12)

	 SAM Processing time (sec):
	--WORKER_SAM avg: 4.86, (4.86, 4.86)

	Kernels' compute time (sec):
	Total kernel (smem+sal+bsw) time avg: 6.25, (6.25, 6.25)
		SMEM compute avg: 1.12, (1.12, 1.12)
		SAL compute avg: 0.63, (0.63, 0.63)
				MEM_SA avg: 0.34, (0.34, 0.34)

		BSW time, avg: 4.37, (4.37, 4.37)

Important parameter settings: 
	BATCH_SIZE: 512
	MAX_SEQ_LEN_REF: 256
	MAX_SEQ_LEN_QER: 128
	MAX_SEQ_LEN8: 128
	SEEDS_PER_READ: 500
	SIMD_WIDTH8 X: 32
	SIMD_WIDTH16 X: 16
	AVG_SEEDS_PER_READ: 64
## filter-stats: kept 2208; removed 21010
[HMS_Beagle2] final BAM reads: 2208
=== [HMS_Beagle2] done ===
=== [THARE] starting in candidate_regions_data/JUT-008_MUN-009/THARE.Nz43 ===
[THARE] contig count: 1  (THARE)
[THARE] hits.bam reads: 24376
[THARE] qname count:  12747
[THARE] pair.bam reads: 26469
[M::bam2fq_mainloop] discarded 0 singletons
[M::bam2fq_mainloop] processed 25494 reads
[THARE] FASTQ1 lines: 50988
[THARE] FASTQ2 lines: 50988
Looking to launch executable "/work/users/a/d/adaigle/.conda/envs/TEforest/bin/bwa-mem2.avx2", simd = .avx2
Launching executable "/work/users/a/d/adaigle/.conda/envs/TEforest/bin/bwa-mem2.avx2"
-----------------------------
Executing in AVX2 mode!!
-----------------------------
* SA compression enabled with xfactor: 8
* Ref file: fastp/ref_genome
* Entering FMI_search
* Index file found. Loading index from fastp/ref_genome.bwt.2bit.64
* Reference seq len for bi-index = 288895287
* sentinel-index: 149660069
* Count:
0,	1
1,	83687631
2,	144447644
3,	205207657
4,	288895287

* Reading other elements of the index from files fastp/ref_genome
* Index prefix: fastp/ref_genome
* Read 0 ALT contigs
* Done reading Index!!
* Reading reference genome..
* Binary seq file = fastp/ref_genome.0123
* Reference genome size: 288895286 bp
* Done reading reference genome !!

------------------------------------------
1. Memory pre-allocation for Chaining: 139.3584 MB
2. Memory pre-allocation for BSW: 239.6170 MB
3. Memory pre-allocation for BWT: 77.3142 MB
------------------------------------------
* Threads used (compute): 1
* No. of pipeline threads: 2

[0000] read_chunk: 10000000, work_chunk_size: 3828770, nseq: 25494
	[0000][ M::kt_pipeline] read 25494 sequences (3828770 bp)...
[0000] Calling mem_process_seqs.., task: 0
[0000] 1. Calling kt_for - worker_bwt
[0000] read_chunk: 10000000, work_chunk_size: 0, nseq: 0
[0000] 2. Calling kt_for - worker_aln
[0000] Inferring insert size distribution of PE reads from data, l_pac: 144447643, n: 25494
[0000][PE] # candidate unique pairs for (FF, FR, RF, RR): (0, 271, 0, 0)
[0000][PE] skip orientation FF as there are not enough pairs
[0000][PE] analyzing insert size distribution for orientation FR...
[0000][PE] (25, 50, 75) percentile: (357, 438, 514)
[0000][PE] low and high boundaries for computing mean and std.dev: (43, 828)
[0000][PE] mean and std.dev: (435.58, 127.52)
[0000][PE] low and high boundaries for proper pairs: (1, 985)
[0000][PE] skip orientation RF as there are not enough pairs
[0000][PE] skip orientation RR as there are not enough pairs
[0000] 3. Calling kt_for - worker_sam
	[0000][ M::mem_process_seqs] Processed 25494 reads in 10.136 CPU sec, 10.248 real sec
[0000] read_chunk: 10000000, work_chunk_size: 0, nseq: 0
[0000] Computation ends..
No. of OMP threads: 1
Processor is running @2645.304121 MHz
Runtime profile:

	Time taken for main_mem function: 11.38 sec

	IO times (sec) :
	Reading IO time (reads) avg: 0.03, (0.03, 0.03)
	Writing IO time (SAM) avg: 0.57, (0.57, 0.57)
	Reading IO time (Reference Genome) avg: 0.17, (0.17, 0.17)
	Index read time avg: 0.28, (0.28, 0.28)

	Overall time (sec) (Excluding Index reading time):
	PROCESS() (Total compute time + (read + SAM) IO time) : 10.86
	MEM_PROCESS_SEQ() (Total compute time (Kernel + SAM)), avg: 10.25, (10.25, 10.25)

	 SAM Processing time (sec):
	--WORKER_SAM avg: 4.97, (4.97, 4.97)

	Kernels' compute time (sec):
	Total kernel (smem+sal+bsw) time avg: 5.27, (5.27, 5.27)
		SMEM compute avg: 1.27, (1.27, 1.27)
		SAL compute avg: 0.52, (0.52, 0.52)
				MEM_SA avg: 0.29, (0.29, 0.29)

		BSW time, avg: 3.38, (3.38, 3.38)

Important parameter settings: 
	BATCH_SIZE: 512
	MAX_SEQ_LEN_REF: 256
	MAX_SEQ_LEN_QER: 128
	MAX_SEQ_LEN8: 128
	SEEDS_PER_READ: 500
	SIMD_WIDTH8 X: 32
	SIMD_WIDTH16 X: 16
	AVG_SEEDS_PER_READ: 64
## filter-stats: kept 7350; removed 19248
[THARE] final BAM reads: 7350
=== [THARE] done ===
=== [Invader3] starting in candidate_regions_data/JUT-008_MUN-009/Invader3.x2Li ===
[Invader3] contig count: 1  (Invader3)
[Invader3] hits.bam reads: 9727
[Invader3] qname count:  4988
[Invader3] pair.bam reads: 10236
[M::bam2fq_mainloop] discarded 0 singletons
[M::bam2fq_mainloop] processed 9976 reads
[Invader3] FASTQ1 lines: 19952
[Invader3] FASTQ2 lines: 19952
Looking to launch executable "/work/users/a/d/adaigle/.conda/envs/TEforest/bin/bwa-mem2.avx2", simd = .avx2
Launching executable "/work/users/a/d/adaigle/.conda/envs/TEforest/bin/bwa-mem2.avx2"
-----------------------------
Executing in AVX2 mode!!
-----------------------------
* SA compression enabled with xfactor: 8
* Ref file: fastp/ref_genome
* Entering FMI_search
* Index file found. Loading index from fastp/ref_genome.bwt.2bit.64
* Reference seq len for bi-index = 288895287
* sentinel-index: 149660069
* Count:
0,	1
1,	83687631
2,	144447644
3,	205207657
4,	288895287

* Reading other elements of the index from files fastp/ref_genome
* Index prefix: fastp/ref_genome
* Read 0 ALT contigs
* Done reading Index!!
* Reading reference genome..
* Binary seq file = fastp/ref_genome.0123
* Reference genome size: 288895286 bp
* Done reading reference genome !!

------------------------------------------
1. Memory pre-allocation for Chaining: 139.3584 MB
2. Memory pre-allocation for BSW: 239.6170 MB
3. Memory pre-allocation for BWT: 77.3142 MB
------------------------------------------
* Threads used (compute): 1
* No. of pipeline threads: 2

[0000] read_chunk: 10000000, work_chunk_size: 1506144, nseq: 9976
	[0000][ M::kt_pipeline] read 9976 sequences (1506144 bp)...
[0000] Calling mem_process_seqs.., task: 0
[0000] 1. Calling kt_for - worker_bwt
[0000] read_chunk: 10000000, work_chunk_size: 0, nseq: 0
[0000] 2. Calling kt_for - worker_aln
[0000] Inferring insert size distribution of PE reads from data, l_pac: 144447643, n: 9976
[0000][PE] # candidate unique pairs for (FF, FR, RF, RR): (0, 694, 0, 0)
[0000][PE] skip orientation FF as there are not enough pairs
[0000][PE] analyzing insert size distribution for orientation FR...
[0000][PE] (25, 50, 75) percentile: (378, 447, 525)
[0000][PE] low and high boundaries for computing mean and std.dev: (84, 819)
[0000][PE] mean and std.dev: (454.60, 113.80)
[0000][PE] low and high boundaries for proper pairs: (1, 966)
[0000][PE] skip orientation RF as there are not enough pairs
[0000][PE] skip orientation RR as there are not enough pairs
[0000] 3. Calling kt_for - worker_sam
	[0000][ M::mem_process_seqs] Processed 9976 reads in 4.258 CPU sec, 4.430 real sec
[0000] read_chunk: 10000000, work_chunk_size: 0, nseq: 0
[0000] Computation ends..
No. of OMP threads: 1
Processor is running @2645.223084 MHz
Runtime profile:

	Time taken for main_mem function: 5.23 sec

	IO times (sec) :
	Reading IO time (reads) avg: 0.03, (0.03, 0.03)
	Writing IO time (SAM) avg: 0.19, (0.19, 0.19)
	Reading IO time (Reference Genome) avg: 0.17, (0.17, 0.17)
	Index read time avg: 0.29, (0.29, 0.29)

	Overall time (sec) (Excluding Index reading time):
	PROCESS() (Total compute time + (read + SAM) IO time) : 4.68
	MEM_PROCESS_SEQ() (Total compute time (Kernel + SAM)), avg: 4.44, (4.44, 4.44)

	 SAM Processing time (sec):
	--WORKER_SAM avg: 1.76, (1.76, 1.76)

	Kernels' compute time (sec):
	Total kernel (smem+sal+bsw) time avg: 2.66, (2.66, 2.66)
		SMEM compute avg: 0.35, (0.35, 0.35)
		SAL compute avg: 0.23, (0.23, 0.23)
				MEM_SA avg: 0.11, (0.11, 0.11)

		BSW time, avg: 2.02, (2.02, 2.02)

Important parameter settings: 
	BATCH_SIZE: 512
	MAX_SEQ_LEN_REF: 256
	MAX_SEQ_LEN_QER: 128
	MAX_SEQ_LEN8: 128
	SEEDS_PER_READ: 500
	SIMD_WIDTH8 X: 32
	SIMD_WIDTH16 X: 16
	AVG_SEEDS_PER_READ: 64
## filter-stats: kept 986; removed 9083
[Invader3] final BAM reads: 986
=== [Invader3] done ===
=== [Idefix] starting in candidate_regions_data/JUT-008_MUN-009/Idefix.UChl ===
[Idefix] contig count: 1  (Idefix)
[Idefix] hits.bam reads: 36610
[Idefix] qname count:  18954
[Idefix] pair.bam reads: 39415
[M::bam2fq_mainloop] discarded 0 singletons
[M::bam2fq_mainloop] processed 37908 reads
[Idefix] FASTQ1 lines: 75816
[Idefix] FASTQ2 lines: 75816
Looking to launch executable "/work/users/a/d/adaigle/.conda/envs/TEforest/bin/bwa-mem2.avx2", simd = .avx2
Launching executable "/work/users/a/d/adaigle/.conda/envs/TEforest/bin/bwa-mem2.avx2"
-----------------------------
Executing in AVX2 mode!!
-----------------------------
* SA compression enabled with xfactor: 8
* Ref file: fastp/ref_genome
* Entering FMI_search
* Index file found. Loading index from fastp/ref_genome.bwt.2bit.64
* Reference seq len for bi-index = 288895287
* sentinel-index: 149660069
* Count:
0,	1
1,	83687631
2,	144447644
3,	205207657
4,	288895287

* Reading other elements of the index from files fastp/ref_genome
* Index prefix: fastp/ref_genome
* Read 0 ALT contigs
* Done reading Index!!
* Reading reference genome..
* Binary seq file = fastp/ref_genome.0123
* Reference genome size: 288895286 bp
* Done reading reference genome !!

------------------------------------------
1. Memory pre-allocation for Chaining: 139.3584 MB
2. Memory pre-allocation for BSW: 239.6170 MB
3. Memory pre-allocation for BWT: 77.3142 MB
------------------------------------------
* Threads used (compute): 1
* No. of pipeline threads: 2

[0000] read_chunk: 10000000, work_chunk_size: 5723696, nseq: 37908
	[0000][ M::kt_pipeline] read 37908 sequences (5723696 bp)...
[0000] Calling mem_process_seqs.., task: 0
[0000] 1. Calling kt_for - worker_bwt
[0000] read_chunk: 10000000, work_chunk_size: 0, nseq: 0
[0000] 2. Calling kt_for - worker_aln
[0000] Inferring insert size distribution of PE reads from data, l_pac: 144447643, n: 37908
[0000][PE] # candidate unique pairs for (FF, FR, RF, RR): (0, 2148, 5, 0)
[0000][PE] skip orientation FF as there are not enough pairs
[0000][PE] analyzing insert size distribution for orientation FR...
[0000][PE] (25, 50, 75) percentile: (377, 440, 519)
[0000][PE] low and high boundaries for computing mean and std.dev: (93, 803)
[0000][PE] mean and std.dev: (449.30, 109.35)
[0000][PE] low and high boundaries for proper pairs: (1, 945)
[0000][PE] skip orientation RF as there are not enough pairs
[0000][PE] skip orientation RR as there are not enough pairs
[0000] 3. Calling kt_for - worker_sam
	[0000][ M::mem_process_seqs] Processed 37908 reads in 13.799 CPU sec, 14.070 real sec
[0000] read_chunk: 10000000, work_chunk_size: 0, nseq: 0
[0000] Computation ends..
No. of OMP threads: 1
Processor is running @2645.215504 MHz
Runtime profile:

	Time taken for main_mem function: 15.42 sec

	IO times (sec) :
	Reading IO time (reads) avg: 0.06, (0.06, 0.06)
	Writing IO time (SAM) avg: 0.75, (0.75, 0.75)
	Reading IO time (Reference Genome) avg: 0.16, (0.16, 0.16)
	Index read time avg: 0.29, (0.29, 0.29)

	Overall time (sec) (Excluding Index reading time):
	PROCESS() (Total compute time + (read + SAM) IO time) : 14.89
	MEM_PROCESS_SEQ() (Total compute time (Kernel + SAM)), avg: 14.07, (14.07, 14.07)

	 SAM Processing time (sec):
	--WORKER_SAM avg: 7.27, (7.27, 7.27)

	Kernels' compute time (sec):
	Total kernel (smem+sal+bsw) time avg: 6.80, (6.80, 6.80)
		SMEM compute avg: 1.92, (1.92, 1.92)
		SAL compute avg: 0.80, (0.80, 0.80)
				MEM_SA avg: 0.42, (0.42, 0.42)

		BSW time, avg: 3.91, (3.91, 3.91)

Important parameter settings: 
	BATCH_SIZE: 512
	MAX_SEQ_LEN_REF: 256
	MAX_SEQ_LEN_QER: 128
	MAX_SEQ_LEN8: 128
	SEEDS_PER_READ: 500
	SIMD_WIDTH8 X: 32
	SIMD_WIDTH16 X: 16
	AVG_SEEDS_PER_READ: 64
## filter-stats: kept 3684; removed 34673
[Idefix] final BAM reads: 3684
=== [Idefix] done ===
=== [Rt1a] starting in candidate_regions_data/JUT-008_MUN-009/Rt1a.VHfF ===
[Rt1a] contig count: 1  (Rt1a)
[Rt1a] hits.bam reads: 24188
[Rt1a] qname count:  12659
[Rt1a] pair.bam reads: 26658
[M::bam2fq_mainloop] discarded 0 singletons
[M::bam2fq_mainloop] processed 25318 reads
[Rt1a] FASTQ1 lines: 50636
[Rt1a] FASTQ2 lines: 50636
Looking to launch executable "/work/users/a/d/adaigle/.conda/envs/TEforest/bin/bwa-mem2.avx2", simd = .avx2
Launching executable "/work/users/a/d/adaigle/.conda/envs/TEforest/bin/bwa-mem2.avx2"
-----------------------------
Executing in AVX2 mode!!
-----------------------------
* SA compression enabled with xfactor: 8
* Ref file: fastp/ref_genome
* Entering FMI_search
* Index file found. Loading index from fastp/ref_genome.bwt.2bit.64
* Reference seq len for bi-index = 288895287
* sentinel-index: 149660069
* Count:
0,	1
1,	83687631
2,	144447644
3,	205207657
4,	288895287

* Reading other elements of the index from files fastp/ref_genome
* Index prefix: fastp/ref_genome
* Read 0 ALT contigs
* Done reading Index!!
* Reading reference genome..
* Binary seq file = fastp/ref_genome.0123
* Reference genome size: 288895286 bp
* Done reading reference genome !!

------------------------------------------
1. Memory pre-allocation for Chaining: 139.3584 MB
2. Memory pre-allocation for BSW: 239.6170 MB
3. Memory pre-allocation for BWT: 77.3142 MB
------------------------------------------
* Threads used (compute): 1
* No. of pipeline threads: 2

[0000] read_chunk: 10000000, work_chunk_size: 3822406, nseq: 25318
	[0000][ M::kt_pipeline] read 25318 sequences (3822406 bp)...
[0000] Calling mem_process_seqs.., task: 0
[0000] read_chunk: 10000000, work_chunk_size: 0, nseq: 0
[0000] 1. Calling kt_for - worker_bwt
[0000] 2. Calling kt_for - worker_aln
[0000] Inferring insert size distribution of PE reads from data, l_pac: 144447643, n: 25318
[0000][PE] # candidate unique pairs for (FF, FR, RF, RR): (0, 1615, 10, 0)
[0000][PE] skip orientation FF as there are not enough pairs
[0000][PE] analyzing insert size distribution for orientation FR...
[0000][PE] (25, 50, 75) percentile: (383, 451, 532)
[0000][PE] low and high boundaries for computing mean and std.dev: (85, 830)
[0000][PE] mean and std.dev: (459.48, 113.26)
[0000][PE] low and high boundaries for proper pairs: (1, 979)
[0000][PE] analyzing insert size distribution for orientation RF...
[0000][PE] (25, 50, 75) percentile: (3933, 4150, 4264)
[0000][PE] low and high boundaries for computing mean and std.dev: (3271, 4926)
[0000][PE] mean and std.dev: (4165.12, 124.41)
[0000][PE] low and high boundaries for proper pairs: (2940, 5257)
[0000][PE] skip orientation RR as there are not enough pairs
[0000][PE] skip orientation RF
[0000] 3. Calling kt_for - worker_sam
	[0000][ M::mem_process_seqs] Processed 25318 reads in 12.434 CPU sec, 12.581 real sec
[0000] read_chunk: 10000000, work_chunk_size: 0, nseq: 0
[0000] Computation ends..
No. of OMP threads: 1
Processor is running @2645.240282 MHz
Runtime profile:

	Time taken for main_mem function: 13.64 sec

	IO times (sec) :
	Reading IO time (reads) avg: 0.03, (0.03, 0.03)
	Writing IO time (SAM) avg: 0.48, (0.48, 0.48)
	Reading IO time (Reference Genome) avg: 0.17, (0.17, 0.17)
	Index read time avg: 0.30, (0.30, 0.30)

	Overall time (sec) (Excluding Index reading time):
	PROCESS() (Total compute time + (read + SAM) IO time) : 13.11
	MEM_PROCESS_SEQ() (Total compute time (Kernel + SAM)), avg: 12.58, (12.58, 12.58)

	 SAM Processing time (sec):
	--WORKER_SAM avg: 7.26, (7.26, 7.26)

	Kernels' compute time (sec):
	Total kernel (smem+sal+bsw) time avg: 5.31, (5.31, 5.31)
		SMEM compute avg: 1.03, (1.03, 1.03)
		SAL compute avg: 0.54, (0.54, 0.54)
				MEM_SA avg: 0.27, (0.27, 0.27)

		BSW time, avg: 3.59, (3.59, 3.59)

Important parameter settings: 
	BATCH_SIZE: 512
	MAX_SEQ_LEN_REF: 256
	MAX_SEQ_LEN_QER: 128
	MAX_SEQ_LEN8: 128
	SEEDS_PER_READ: 500
	SIMD_WIDTH8 X: 32
	SIMD_WIDTH16 X: 16
	AVG_SEEDS_PER_READ: 64
## filter-stats: kept 3035; removed 22690
[Rt1a] final BAM reads: 3035
=== [Rt1a] done ===
=== [blood] starting in candidate_regions_data/JUT-008_MUN-009/blood.h7Ao ===
[blood] contig count: 1  (blood)
[blood] hits.bam reads: 22895
[blood] qname count:  11593
[blood] pair.bam reads: 24070
[M::bam2fq_mainloop] discarded 0 singletons
[M::bam2fq_mainloop] processed 23186 reads
[blood] FASTQ1 lines: 46372
[blood] FASTQ2 lines: 46372
Looking to launch executable "/work/users/a/d/adaigle/.conda/envs/TEforest/bin/bwa-mem2.avx2", simd = .avx2
Launching executable "/work/users/a/d/adaigle/.conda/envs/TEforest/bin/bwa-mem2.avx2"
-----------------------------
Executing in AVX2 mode!!
-----------------------------
* SA compression enabled with xfactor: 8
* Ref file: fastp/ref_genome
* Entering FMI_search
* Index file found. Loading index from fastp/ref_genome.bwt.2bit.64
* Reference seq len for bi-index = 288895287
* sentinel-index: 149660069
* Count:
0,	1
1,	83687631
2,	144447644
3,	205207657
4,	288895287

* Reading other elements of the index from files fastp/ref_genome
* Index prefix: fastp/ref_genome
* Read 0 ALT contigs
* Done reading Index!!
* Reading reference genome..
* Binary seq file = fastp/ref_genome.0123
* Reference genome size: 288895286 bp
* Done reading reference genome !!

------------------------------------------
1. Memory pre-allocation for Chaining: 139.3584 MB
2. Memory pre-allocation for BSW: 239.6170 MB
3. Memory pre-allocation for BWT: 77.3142 MB
------------------------------------------
* Threads used (compute): 1
* No. of pipeline threads: 2

[0000] read_chunk: 10000000, work_chunk_size: 3496100, nseq: 23186
	[0000][ M::kt_pipeline] read 23186 sequences (3496100 bp)...
[0000] Calling mem_process_seqs.., task: 0
[0000] 1. Calling kt_for - worker_bwt
[0000] read_chunk: 10000000, work_chunk_size: 0, nseq: 0
[0000] 2. Calling kt_for - worker_aln
[0000] Inferring insert size distribution of PE reads from data, l_pac: 144447643, n: 23186
[0000][PE] # candidate unique pairs for (FF, FR, RF, RR): (0, 153, 1, 0)
[0000][PE] skip orientation FF as there are not enough pairs
[0000][PE] analyzing insert size distribution for orientation FR...
[0000][PE] (25, 50, 75) percentile: (224, 270, 449)
[0000][PE] low and high boundaries for computing mean and std.dev: (1, 899)
[0000][PE] mean and std.dev: (335.86, 153.02)
[0000][PE] low and high boundaries for proper pairs: (1, 1124)
[0000][PE] skip orientation RF as there are not enough pairs
[0000][PE] skip orientation RR as there are not enough pairs
[0000] 3. Calling kt_for - worker_sam
	[0000][ M::mem_process_seqs] Processed 23186 reads in 10.654 CPU sec, 10.792 real sec
[0000] read_chunk: 10000000, work_chunk_size: 0, nseq: 0
[0000] Computation ends..
No. of OMP threads: 1
Processor is running @2645.204295 MHz
Runtime profile:

	Time taken for main_mem function: 11.82 sec

	IO times (sec) :
	Reading IO time (reads) avg: 0.03, (0.03, 0.03)
	Writing IO time (SAM) avg: 0.44, (0.44, 0.44)
	Reading IO time (Reference Genome) avg: 0.17, (0.17, 0.17)
	Index read time avg: 0.29, (0.29, 0.29)

	Overall time (sec) (Excluding Index reading time):
	PROCESS() (Total compute time + (read + SAM) IO time) : 11.29
	MEM_PROCESS_SEQ() (Total compute time (Kernel + SAM)), avg: 10.79, (10.79, 10.79)

	 SAM Processing time (sec):
	--WORKER_SAM avg: 7.36, (7.36, 7.36)

	Kernels' compute time (sec):
	Total kernel (smem+sal+bsw) time avg: 3.43, (3.43, 3.43)
		SMEM compute avg: 0.64, (0.64, 0.64)
		SAL compute avg: 0.37, (0.37, 0.37)
				MEM_SA avg: 0.16, (0.16, 0.16)

		BSW time, avg: 2.25, (2.25, 2.25)

Important parameter settings: 
	BATCH_SIZE: 512
	MAX_SEQ_LEN_REF: 256
	MAX_SEQ_LEN_QER: 128
	MAX_SEQ_LEN8: 128
	SEEDS_PER_READ: 500
	SIMD_WIDTH8 X: 32
	SIMD_WIDTH16 X: 16
	AVG_SEEDS_PER_READ: 64
## filter-stats: kept 4308; removed 19606
[blood] final BAM reads: 4308
=== [blood] done ===
=== [rover] starting in candidate_regions_data/JUT-008_MUN-009/rover.7hg3 ===
[rover] contig count: 1  (rover)
[rover] hits.bam reads: 15091
[rover] qname count:  7953
[rover] pair.bam reads: 16582
[M::bam2fq_mainloop] discarded 0 singletons
[M::bam2fq_mainloop] processed 15906 reads
[rover] FASTQ1 lines: 31812
[rover] FASTQ2 lines: 31812
Looking to launch executable "/work/users/a/d/adaigle/.conda/envs/TEforest/bin/bwa-mem2.avx2", simd = .avx2
Launching executable "/work/users/a/d/adaigle/.conda/envs/TEforest/bin/bwa-mem2.avx2"
-----------------------------
Executing in AVX2 mode!!
-----------------------------
* SA compression enabled with xfactor: 8
* Ref file: fastp/ref_genome
* Entering FMI_search
* Index file found. Loading index from fastp/ref_genome.bwt.2bit.64
* Reference seq len for bi-index = 288895287
* sentinel-index: 149660069
* Count:
0,	1
1,	83687631
2,	144447644
3,	205207657
4,	288895287

* Reading other elements of the index from files fastp/ref_genome
* Index prefix: fastp/ref_genome
* Read 0 ALT contigs
* Done reading Index!!
* Reading reference genome..
* Binary seq file = fastp/ref_genome.0123
* Reference genome size: 288895286 bp
* Done reading reference genome !!

------------------------------------------
1. Memory pre-allocation for Chaining: 139.3584 MB
2. Memory pre-allocation for BSW: 239.6170 MB
3. Memory pre-allocation for BWT: 77.3142 MB
------------------------------------------
* Threads used (compute): 1
* No. of pipeline threads: 2

[0000] read_chunk: 10000000, work_chunk_size: 2401224, nseq: 15906
	[0000][ M::kt_pipeline] read 15906 sequences (2401224 bp)...
[0000] Calling mem_process_seqs.., task: 0
[0000] read_chunk: 10000000, work_chunk_size: 0, nseq: 0
[0000] 1. Calling kt_for - worker_bwt
[0000] 2. Calling kt_for - worker_aln
[0000] Inferring insert size distribution of PE reads from data, l_pac: 144447643, n: 15906
[0000][PE] # candidate unique pairs for (FF, FR, RF, RR): (0, 158, 0, 0)
[0000][PE] skip orientation FF as there are not enough pairs
[0000][PE] analyzing insert size distribution for orientation FR...
[0000][PE] (25, 50, 75) percentile: (332, 434, 525)
[0000][PE] low and high boundaries for computing mean and std.dev: (1, 911)
[0000][PE] mean and std.dev: (417.61, 120.31)
[0000][PE] low and high boundaries for proper pairs: (1, 1104)
[0000][PE] skip orientation RF as there are not enough pairs
[0000][PE] skip orientation RR as there are not enough pairs
[0000] 3. Calling kt_for - worker_sam
	[0000][ M::mem_process_seqs] Processed 15906 reads in 7.357 CPU sec, 7.429 real sec
[0000] read_chunk: 10000000, work_chunk_size: 0, nseq: 0
[0000] Computation ends..
No. of OMP threads: 1
Processor is running @2645.215902 MHz
Runtime profile:

	Time taken for main_mem function: 8.31 sec

	IO times (sec) :
	Reading IO time (reads) avg: 0.02, (0.02, 0.02)
	Writing IO time (SAM) avg: 0.32, (0.32, 0.32)
	Reading IO time (Reference Genome) avg: 0.17, (0.17, 0.17)
	Index read time avg: 0.28, (0.28, 0.28)

	Overall time (sec) (Excluding Index reading time):
	PROCESS() (Total compute time + (read + SAM) IO time) : 7.79
	MEM_PROCESS_SEQ() (Total compute time (Kernel + SAM)), avg: 7.43, (7.43, 7.43)

	 SAM Processing time (sec):
	--WORKER_SAM avg: 2.43, (2.43, 2.43)

	Kernels' compute time (sec):
	Total kernel (smem+sal+bsw) time avg: 5.00, (5.00, 5.00)
		SMEM compute avg: 0.70, (0.70, 0.70)
		SAL compute avg: 0.49, (0.49, 0.49)
				MEM_SA avg: 0.26, (0.26, 0.26)

		BSW time, avg: 3.73, (3.73, 3.73)

Important parameter settings: 
	BATCH_SIZE: 512
	MAX_SEQ_LEN_REF: 256
	MAX_SEQ_LEN_QER: 128
	MAX_SEQ_LEN8: 128
	SEEDS_PER_READ: 500
	SIMD_WIDTH8 X: 32
	SIMD_WIDTH16 X: 16
	AVG_SEEDS_PER_READ: 64
## filter-stats: kept 2331; removed 13947
[rover] final BAM reads: 2331
=== [rover] done ===
=== [Max_element] starting in candidate_regions_data/JUT-008_MUN-009/Max_element.NXQ2 ===
[Max_element] contig count: 1  (Max_element)
[Max_element] hits.bam reads: 32076
[Max_element] qname count:  15856
[Max_element] pair.bam reads: 33029
[M::bam2fq_mainloop] discarded 0 singletons
[M::bam2fq_mainloop] processed 31712 reads
[Max_element] FASTQ1 lines: 63424
[Max_element] FASTQ2 lines: 63424
Looking to launch executable "/work/users/a/d/adaigle/.conda/envs/TEforest/bin/bwa-mem2.avx2", simd = .avx2
Launching executable "/work/users/a/d/adaigle/.conda/envs/TEforest/bin/bwa-mem2.avx2"
-----------------------------
Executing in AVX2 mode!!
-----------------------------
* SA compression enabled with xfactor: 8
* Ref file: fastp/ref_genome
* Entering FMI_search
* Index file found. Loading index from fastp/ref_genome.bwt.2bit.64
* Reference seq len for bi-index = 288895287
* sentinel-index: 149660069
* Count:
0,	1
1,	83687631
2,	144447644
3,	205207657
4,	288895287

* Reading other elements of the index from files fastp/ref_genome
* Index prefix: fastp/ref_genome
* Read 0 ALT contigs
* Done reading Index!!
* Reading reference genome..
* Binary seq file = fastp/ref_genome.0123
* Reference genome size: 288895286 bp
* Done reading reference genome !!

------------------------------------------
1. Memory pre-allocation for Chaining: 139.3584 MB
2. Memory pre-allocation for BSW: 239.6170 MB
3. Memory pre-allocation for BWT: 77.3142 MB
------------------------------------------
* Threads used (compute): 1
* No. of pipeline threads: 2

[0000] read_chunk: 10000000, work_chunk_size: 4786818, nseq: 31712
	[0000][ M::kt_pipeline] read 31712 sequences (4786818 bp)...
[0000] Calling mem_process_seqs.., task: 0
[0000] 1. Calling kt_for - worker_bwt
[0000] read_chunk: 10000000, work_chunk_size: 0, nseq: 0
[0000] 2. Calling kt_for - worker_aln
[0000] Inferring insert size distribution of PE reads from data, l_pac: 144447643, n: 31712
[0000][PE] # candidate unique pairs for (FF, FR, RF, RR): (0, 1036, 0, 0)
[0000][PE] skip orientation FF as there are not enough pairs
[0000][PE] analyzing insert size distribution for orientation FR...
[0000][PE] (25, 50, 75) percentile: (370, 443, 522)
[0000][PE] low and high boundaries for computing mean and std.dev: (66, 826)
[0000][PE] mean and std.dev: (445.30, 121.42)
[0000][PE] low and high boundaries for proper pairs: (1, 978)
[0000][PE] skip orientation RF as there are not enough pairs
[0000][PE] skip orientation RR as there are not enough pairs
[0000] 3. Calling kt_for - worker_sam
	[0000][ M::mem_process_seqs] Processed 31712 reads in 14.929 CPU sec, 15.119 real sec
[0000] read_chunk: 10000000, work_chunk_size: 0, nseq: 0
[0000] Computation ends..
No. of OMP threads: 1
Processor is running @2645.237155 MHz
Runtime profile:

	Time taken for main_mem function: 16.35 sec

	IO times (sec) :
	Reading IO time (reads) avg: 0.04, (0.04, 0.04)
	Writing IO time (SAM) avg: 0.64, (0.64, 0.64)
	Reading IO time (Reference Genome) avg: 0.16, (0.16, 0.16)
	Index read time avg: 0.29, (0.29, 0.29)

	Overall time (sec) (Excluding Index reading time):
	PROCESS() (Total compute time + (read + SAM) IO time) : 15.82
	MEM_PROCESS_SEQ() (Total compute time (Kernel + SAM)), avg: 15.12, (15.12, 15.12)

	 SAM Processing time (sec):
	--WORKER_SAM avg: 7.08, (7.08, 7.08)

	Kernels' compute time (sec):
	Total kernel (smem+sal+bsw) time avg: 8.03, (8.03, 8.03)
		SMEM compute avg: 1.35, (1.35, 1.35)
		SAL compute avg: 0.81, (0.81, 0.81)
				MEM_SA avg: 0.41, (0.41, 0.41)

		BSW time, avg: 5.68, (5.68, 5.68)

Important parameter settings: 
	BATCH_SIZE: 512
	MAX_SEQ_LEN_REF: 256
	MAX_SEQ_LEN_QER: 128
	MAX_SEQ_LEN8: 128
	SEEDS_PER_READ: 500
	SIMD_WIDTH8 X: 32
	SIMD_WIDTH16 X: 16
	AVG_SEEDS_PER_READ: 64
## filter-stats: kept 3999; removed 28261
[Max_element] final BAM reads: 3999
=== [Max_element] done ===
=== [Rt1b] starting in candidate_regions_data/JUT-008_MUN-009/Rt1b.9ZkH ===
[Rt1b] contig count: 1  (Rt1b)
[Rt1b] hits.bam reads: 54204
[Rt1b] qname count:  27476
[Rt1b] pair.bam reads: 56449
[M::bam2fq_mainloop] discarded 0 singletons
[M::bam2fq_mainloop] processed 54952 reads
[Rt1b] FASTQ1 lines: 109904
[Rt1b] FASTQ2 lines: 109904
Looking to launch executable "/work/users/a/d/adaigle/.conda/envs/TEforest/bin/bwa-mem2.avx2", simd = .avx2
Launching executable "/work/users/a/d/adaigle/.conda/envs/TEforest/bin/bwa-mem2.avx2"
-----------------------------
Executing in AVX2 mode!!
-----------------------------
* SA compression enabled with xfactor: 8
* Ref file: fastp/ref_genome
* Entering FMI_search
* Index file found. Loading index from fastp/ref_genome.bwt.2bit.64
* Reference seq len for bi-index = 288895287
* sentinel-index: 149660069
* Count:
0,	1
1,	83687631
2,	144447644
3,	205207657
4,	288895287

* Reading other elements of the index from files fastp/ref_genome
* Index prefix: fastp/ref_genome
* Read 0 ALT contigs
* Done reading Index!!
* Reading reference genome..
* Binary seq file = fastp/ref_genome.0123
* Reference genome size: 288895286 bp
* Done reading reference genome !!

------------------------------------------
1. Memory pre-allocation for Chaining: 139.3584 MB
2. Memory pre-allocation for BSW: 239.6170 MB
3. Memory pre-allocation for BWT: 77.3142 MB
------------------------------------------
* Threads used (compute): 1
* No. of pipeline threads: 2

[0000] read_chunk: 10000000, work_chunk_size: 8293416, nseq: 54952
	[0000][ M::kt_pipeline] read 54952 sequences (8293416 bp)...
[0000] read_chunk: 10000000, work_chunk_size: 0, nseq: 0
[0000] Calling mem_process_seqs.., task: 0
[0000] 1. Calling kt_for - worker_bwt
[0000] 2. Calling kt_for - worker_aln
[0000] Inferring insert size distribution of PE reads from data, l_pac: 144447643, n: 54952
[0000][PE] # candidate unique pairs for (FF, FR, RF, RR): (0, 3722, 9, 0)
[0000][PE] skip orientation FF as there are not enough pairs
[0000][PE] analyzing insert size distribution for orientation FR...
[0000][PE] (25, 50, 75) percentile: (386, 453, 532)
[0000][PE] low and high boundaries for computing mean and std.dev: (94, 824)
[0000][PE] mean and std.dev: (461.21, 113.04)
[0000][PE] low and high boundaries for proper pairs: (1, 970)
[0000][PE] skip orientation RF as there are not enough pairs
[0000][PE] skip orientation RR as there are not enough pairs
[0000] 3. Calling kt_for - worker_sam
	[0000][ M::mem_process_seqs] Processed 54952 reads in 28.582 CPU sec, 29.049 real sec
[0000] read_chunk: 10000000, work_chunk_size: 0, nseq: 0
[0000] Computation ends..
No. of OMP threads: 1
Processor is running @2645.224461 MHz
Runtime profile:

	Time taken for main_mem function: 30.77 sec

	IO times (sec) :
	Reading IO time (reads) avg: 0.09, (0.09, 0.09)
	Writing IO time (SAM) avg: 1.08, (1.08, 1.08)
	Reading IO time (Reference Genome) avg: 0.17, (0.17, 0.17)
	Index read time avg: 0.29, (0.29, 0.29)

	Overall time (sec) (Excluding Index reading time):
	PROCESS() (Total compute time + (read + SAM) IO time) : 30.24
	MEM_PROCESS_SEQ() (Total compute time (Kernel + SAM)), avg: 29.05, (29.05, 29.05)

	 SAM Processing time (sec):
	--WORKER_SAM avg: 18.92, (18.92, 18.92)

	Kernels' compute time (sec):
	Total kernel (smem+sal+bsw) time avg: 10.11, (10.11, 10.11)
		SMEM compute avg: 2.17, (2.17, 2.17)
		SAL compute avg: 1.08, (1.08, 1.08)
				MEM_SA avg: 0.52, (0.52, 0.52)

		BSW time, avg: 6.51, (6.51, 6.51)

Important parameter settings: 
	BATCH_SIZE: 512
	MAX_SEQ_LEN_REF: 256
	MAX_SEQ_LEN_QER: 128
	MAX_SEQ_LEN8: 128
	SEEDS_PER_READ: 500
	SIMD_WIDTH8 X: 32
	SIMD_WIDTH16 X: 16
	AVG_SEEDS_PER_READ: 64
## filter-stats: kept 9364; removed 47064
[Rt1b] final BAM reads: 9364
=== [Rt1b] done ===
=== [Doc] starting in candidate_regions_data/JUT-008_MUN-009/Doc.IRjl ===
[Doc] contig count: 1  (Doc)
[Doc] hits.bam reads: 48187
[Doc] qname count:  24992
[Doc] pair.bam reads: 51145
[M::bam2fq_mainloop] discarded 0 singletons
[M::bam2fq_mainloop] processed 49984 reads
[Doc] FASTQ1 lines: 99968
[Doc] FASTQ2 lines: 99968
Looking to launch executable "/work/users/a/d/adaigle/.conda/envs/TEforest/bin/bwa-mem2.avx2", simd = .avx2
Launching executable "/work/users/a/d/adaigle/.conda/envs/TEforest/bin/bwa-mem2.avx2"
-----------------------------
Executing in AVX2 mode!!
-----------------------------
* SA compression enabled with xfactor: 8
* Ref file: fastp/ref_genome
* Entering FMI_search
* Index file found. Loading index from fastp/ref_genome.bwt.2bit.64
* Reference seq len for bi-index = 288895287
* sentinel-index: 149660069
* Count:
0,	1
1,	83687631
2,	144447644
3,	205207657
4,	288895287

* Reading other elements of the index from files fastp/ref_genome
* Index prefix: fastp/ref_genome
* Read 0 ALT contigs
* Done reading Index!!
* Reading reference genome..
* Binary seq file = fastp/ref_genome.0123
* Reference genome size: 288895286 bp
* Done reading reference genome !!

------------------------------------------
1. Memory pre-allocation for Chaining: 139.3584 MB
2. Memory pre-allocation for BSW: 239.6170 MB
3. Memory pre-allocation for BWT: 77.3142 MB
------------------------------------------
* Threads used (compute): 1
* No. of pipeline threads: 2

[0000] read_chunk: 10000000, work_chunk_size: 7545682, nseq: 49984
	[0000][ M::kt_pipeline] read 49984 sequences (7545682 bp)...
[0000] read_chunk: 10000000, work_chunk_size: 0, nseq: 0
[0000] Calling mem_process_seqs.., task: 0
[0000] 1. Calling kt_for - worker_bwt
[0000] 2. Calling kt_for - worker_aln
[0000] Inferring insert size distribution of PE reads from data, l_pac: 144447643, n: 49984
[0000][PE] # candidate unique pairs for (FF, FR, RF, RR): (0, 912, 0, 0)
[0000][PE] skip orientation FF as there are not enough pairs
[0000][PE] analyzing insert size distribution for orientation FR...
[0000][PE] (25, 50, 75) percentile: (381, 450, 535)
[0000][PE] low and high boundaries for computing mean and std.dev: (73, 843)
[0000][PE] mean and std.dev: (450.51, 120.08)
[0000][PE] low and high boundaries for proper pairs: (1, 997)
[0000][PE] skip orientation RF as there are not enough pairs
[0000][PE] skip orientation RR as there are not enough pairs
[0000] 3. Calling kt_for - worker_sam
	[0000][ M::mem_process_seqs] Processed 49984 reads in 54.755 CPU sec, 55.212 real sec
[0000] read_chunk: 10000000, work_chunk_size: 0, nseq: 0
[0000] Computation ends..
No. of OMP threads: 1
Processor is running @2645.223402 MHz
Runtime profile:

	Time taken for main_mem function: 56.87 sec

	IO times (sec) :
	Reading IO time (reads) avg: 0.06, (0.06, 0.06)
	Writing IO time (SAM) avg: 0.99, (0.99, 0.99)
	Reading IO time (Reference Genome) avg: 0.17, (0.17, 0.17)
	Index read time avg: 0.31, (0.31, 0.31)

	Overall time (sec) (Excluding Index reading time):
	PROCESS() (Total compute time + (read + SAM) IO time) : 56.30
	MEM_PROCESS_SEQ() (Total compute time (Kernel + SAM)), avg: 55.21, (55.21, 55.21)

	 SAM Processing time (sec):
	--WORKER_SAM avg: 40.71, (40.71, 40.71)

	Kernels' compute time (sec):
	Total kernel (smem+sal+bsw) time avg: 14.48, (14.48, 14.48)
		SMEM compute avg: 1.71, (1.71, 1.71)
		SAL compute avg: 1.85, (1.85, 1.85)
				MEM_SA avg: 0.74, (0.74, 0.74)

		BSW time, avg: 9.40, (9.40, 9.40)

Important parameter settings: 
	BATCH_SIZE: 512
	MAX_SEQ_LEN_REF: 256
	MAX_SEQ_LEN_QER: 128
	MAX_SEQ_LEN8: 128
	SEEDS_PER_READ: 500
	SIMD_WIDTH8 X: 32
	SIMD_WIDTH16 X: 16
	AVG_SEEDS_PER_READ: 64
## filter-stats: kept 9233; removed 42273
[Doc] final BAM reads: 9233
=== [Doc] done ===
=== [Quasimodo] starting in candidate_regions_data/JUT-008_MUN-009/Quasimodo.c1H4 ===
[Quasimodo] contig count: 1  (Quasimodo)
[Quasimodo] hits.bam reads: 45132
[Quasimodo] qname count:  23084
[Quasimodo] pair.bam reads: 47780
[M::bam2fq_mainloop] discarded 0 singletons
[M::bam2fq_mainloop] processed 46168 reads
[Quasimodo] FASTQ1 lines: 92336
[Quasimodo] FASTQ2 lines: 92336
Looking to launch executable "/work/users/a/d/adaigle/.conda/envs/TEforest/bin/bwa-mem2.avx2", simd = .avx2
Launching executable "/work/users/a/d/adaigle/.conda/envs/TEforest/bin/bwa-mem2.avx2"
-----------------------------
Executing in AVX2 mode!!
-----------------------------
* SA compression enabled with xfactor: 8
* Ref file: fastp/ref_genome
* Entering FMI_search
* Index file found. Loading index from fastp/ref_genome.bwt.2bit.64
* Reference seq len for bi-index = 288895287
* sentinel-index: 149660069
* Count:
0,	1
1,	83687631
2,	144447644
3,	205207657
4,	288895287

* Reading other elements of the index from files fastp/ref_genome
* Index prefix: fastp/ref_genome
* Read 0 ALT contigs
* Done reading Index!!
* Reading reference genome..
* Binary seq file = fastp/ref_genome.0123
* Reference genome size: 288895286 bp
* Done reading reference genome !!

------------------------------------------
1. Memory pre-allocation for Chaining: 139.3584 MB
2. Memory pre-allocation for BSW: 239.6170 MB
3. Memory pre-allocation for BWT: 77.3142 MB
------------------------------------------
* Threads used (compute): 1
* No. of pipeline threads: 2

[0000] read_chunk: 10000000, work_chunk_size: 6969520, nseq: 46168
	[0000][ M::kt_pipeline] read 46168 sequences (6969520 bp)...
[0000] Calling mem_process_seqs.., task: 0
[0000] 1. Calling kt_for - worker_bwt
[0000] read_chunk: 10000000, work_chunk_size: 0, nseq: 0
[0000] 2. Calling kt_for - worker_aln
[0000] Inferring insert size distribution of PE reads from data, l_pac: 144447643, n: 46168
[0000][PE] # candidate unique pairs for (FF, FR, RF, RR): (0, 1463, 0, 0)
[0000][PE] skip orientation FF as there are not enough pairs
[0000][PE] analyzing insert size distribution for orientation FR...
[0000][PE] (25, 50, 75) percentile: (374, 442, 521)
[0000][PE] low and high boundaries for computing mean and std.dev: (80, 815)
[0000][PE] mean and std.dev: (444.71, 116.88)
[0000][PE] low and high boundaries for proper pairs: (1, 962)
[0000][PE] skip orientation RF as there are not enough pairs
[0000][PE] skip orientation RR as there are not enough pairs
[0000] 3. Calling kt_for - worker_sam
	[0000][ M::mem_process_seqs] Processed 46168 reads in 29.930 CPU sec, 30.256 real sec
[0000] read_chunk: 10000000, work_chunk_size: 0, nseq: 0
[0000] Computation ends..
No. of OMP threads: 1
Processor is running @2645.200346 MHz
Runtime profile:

	Time taken for main_mem function: 32.15 sec

	IO times (sec) :
	Reading IO time (reads) avg: 0.12, (0.12, 0.12)
	Writing IO time (SAM) avg: 1.15, (1.15, 1.15)
	Reading IO time (Reference Genome) avg: 0.18, (0.18, 0.18)
	Index read time avg: 0.31, (0.31, 0.31)

	Overall time (sec) (Excluding Index reading time):
	PROCESS() (Total compute time + (read + SAM) IO time) : 31.57
	MEM_PROCESS_SEQ() (Total compute time (Kernel + SAM)), avg: 30.27, (30.27, 30.27)

	 SAM Processing time (sec):
	--WORKER_SAM avg: 22.04, (22.04, 22.04)

	Kernels' compute time (sec):
	Total kernel (smem+sal+bsw) time avg: 8.20, (8.20, 8.20)
		SMEM compute avg: 1.63, (1.63, 1.63)
		SAL compute avg: 0.93, (0.93, 0.93)
				MEM_SA avg: 0.40, (0.40, 0.40)

		BSW time, avg: 5.29, (5.29, 5.29)

Important parameter settings: 
	BATCH_SIZE: 512
	MAX_SEQ_LEN_REF: 256
	MAX_SEQ_LEN_QER: 128
	MAX_SEQ_LEN8: 128
	SEEDS_PER_READ: 500
	SIMD_WIDTH8 X: 32
	SIMD_WIDTH16 X: 16
	AVG_SEEDS_PER_READ: 64
## filter-stats: kept 6456; removed 40664
[Quasimodo] final BAM reads: 6456
=== [Quasimodo] done ===
=== [R1A1_element] starting in candidate_regions_data/JUT-008_MUN-009/R1A1_element.a5WM ===
[R1A1_element] contig count: 1  (R1A1_element)
[R1A1_element] hits.bam reads: 287642
[R1A1_element] qname count:  142959
[R1A1_element] pair.bam reads: 295983
[M::bam2fq_mainloop] discarded 0 singletons
[M::bam2fq_mainloop] processed 285918 reads
[R1A1_element] FASTQ1 lines: 571836
[R1A1_element] FASTQ2 lines: 571836
Looking to launch executable "/work/users/a/d/adaigle/.conda/envs/TEforest/bin/bwa-mem2.avx2", simd = .avx2
Launching executable "/work/users/a/d/adaigle/.conda/envs/TEforest/bin/bwa-mem2.avx2"
-----------------------------
Executing in AVX2 mode!!
-----------------------------
* SA compression enabled with xfactor: 8
* Ref file: fastp/ref_genome
* Entering FMI_search
* Index file found. Loading index from fastp/ref_genome.bwt.2bit.64
* Reference seq len for bi-index = 288895287
* sentinel-index: 149660069
* Count:
0,	1
1,	83687631
2,	144447644
3,	205207657
4,	288895287

* Reading other elements of the index from files fastp/ref_genome
* Index prefix: fastp/ref_genome
* Read 0 ALT contigs
* Done reading Index!!
* Reading reference genome..
* Binary seq file = fastp/ref_genome.0123
* Reference genome size: 288895286 bp
* Done reading reference genome !!

------------------------------------------
1. Memory pre-allocation for Chaining: 139.3584 MB
2. Memory pre-allocation for BSW: 239.6170 MB
3. Memory pre-allocation for BWT: 77.3142 MB
------------------------------------------
* Threads used (compute): 1
* No. of pipeline threads: 2

[0000] read_chunk: 10000000, work_chunk_size: 10000262, nseq: 66258
	[0000][ M::kt_pipeline] read 66258 sequences (10000262 bp)...
[0000] Reallocating initial memory allocations!!
[0000] Calling mem_process_seqs.., task: 0
[0000] 1. Calling kt_for - worker_bwt
[0000] read_chunk: 10000000, work_chunk_size: 10000124, nseq: 66264
	[0000][ M::kt_pipeline] read 66264 sequences (10000124 bp)...
[0000] 2. Calling kt_for - worker_aln
[0000] Inferring insert size distribution of PE reads from data, l_pac: 144447643, n: 66258
[0000][PE] # candidate unique pairs for (FF, FR, RF, RR): (0, 406, 0, 0)
[0000][PE] skip orientation FF as there are not enough pairs
[0000][PE] analyzing insert size distribution for orientation FR...
[0000][PE] (25, 50, 75) percentile: (366, 437, 515)
[0000][PE] low and high boundaries for computing mean and std.dev: (68, 813)
[0000][PE] mean and std.dev: (442.20, 112.17)
[0000][PE] low and high boundaries for proper pairs: (1, 962)
[0000][PE] skip orientation RF as there are not enough pairs
[0000][PE] skip orientation RR as there are not enough pairs
[0000] 3. Calling kt_for - worker_sam
	[0000][ M::mem_process_seqs] Processed 66258 reads in 49.260 CPU sec, 49.702 real sec
[0000] Reallocating initial memory allocations!!
[0000] Calling mem_process_seqs.., task: 1
[0000] 1. Calling kt_for - worker_bwt
[0000] read_chunk: 10000000, work_chunk_size: 10000206, nseq: 66266
	[0000][ M::kt_pipeline] read 66266 sequences (10000206 bp)...
[0000] 2. Calling kt_for - worker_aln
[0000] Inferring insert size distribution of PE reads from data, l_pac: 144447643, n: 66264
[0000][PE] # candidate unique pairs for (FF, FR, RF, RR): (0, 267, 6, 0)
[0000][PE] skip orientation FF as there are not enough pairs
[0000][PE] analyzing insert size distribution for orientation FR...
[0000][PE] (25, 50, 75) percentile: (395, 470, 555)
[0000][PE] low and high boundaries for computing mean and std.dev: (75, 875)
[0000][PE] mean and std.dev: (474.17, 123.99)
[0000][PE] low and high boundaries for proper pairs: (1, 1035)
[0000][PE] skip orientation RF as there are not enough pairs
[0000][PE] skip orientation RR as there are not enough pairs
[0000] 3. Calling kt_for - worker_sam
	[0000][ M::mem_process_seqs] Processed 66264 reads in 50.852 CPU sec, 51.427 real sec
[0000] Reallocating initial memory allocations!!
[0000] Calling mem_process_seqs.., task: 2
[0000] 1. Calling kt_for - worker_bwt
[0000] read_chunk: 10000000, work_chunk_size: 10000254, nseq: 66260
	[0000][ M::kt_pipeline] read 66260 sequences (10000254 bp)...
[0000] 2. Calling kt_for - worker_aln
[0000] Inferring insert size distribution of PE reads from data, l_pac: 144447643, n: 66266
[0000][PE] # candidate unique pairs for (FF, FR, RF, RR): (0, 260, 4, 0)
[0000][PE] skip orientation FF as there are not enough pairs
[0000][PE] analyzing insert size distribution for orientation FR...
[0000][PE] (25, 50, 75) percentile: (376, 439, 532)
[0000][PE] low and high boundaries for computing mean and std.dev: (64, 844)
[0000][PE] mean and std.dev: (443.63, 118.78)
[0000][PE] low and high boundaries for proper pairs: (1, 1000)
[0000][PE] skip orientation RF as there are not enough pairs
[0000][PE] skip orientation RR as there are not enough pairs
[0000] 3. Calling kt_for - worker_sam
	[0000][ M::mem_process_seqs] Processed 66266 reads in 50.354 CPU sec, 50.944 real sec
[0000] Calling mem_process_seqs.., task: 3
[0000] 1. Calling kt_for - worker_bwt
[0000] read_chunk: 10000000, work_chunk_size: 3149462, nseq: 20870
	[0000][ M::kt_pipeline] read 20870 sequences (3149462 bp)...
[0000] 2. Calling kt_for - worker_aln
[0000] Inferring insert size distribution of PE reads from data, l_pac: 144447643, n: 66260
[0000][PE] # candidate unique pairs for (FF, FR, RF, RR): (0, 246, 1, 0)
[0000][PE] skip orientation FF as there are not enough pairs
[0000][PE] analyzing insert size distribution for orientation FR...
[0000][PE] (25, 50, 75) percentile: (402, 471, 549)
[0000][PE] low and high boundaries for computing mean and std.dev: (108, 843)
[0000][PE] mean and std.dev: (471.57, 113.07)
[0000][PE] low and high boundaries for proper pairs: (1, 990)
[0000][PE] skip orientation RF as there are not enough pairs
[0000][PE] skip orientation RR as there are not enough pairs
[0000] 3. Calling kt_for - worker_sam
	[0000][ M::mem_process_seqs] Processed 66260 reads in 51.158 CPU sec, 51.703 real sec
[0000] Calling mem_process_seqs.., task: 4
[0000] 1. Calling kt_for - worker_bwt
[0000] read_chunk: 10000000, work_chunk_size: 0, nseq: 0
[0000] 2. Calling kt_for - worker_aln
[0000] Inferring insert size distribution of PE reads from data, l_pac: 144447643, n: 20870
[0000][PE] # candidate unique pairs for (FF, FR, RF, RR): (0, 81, 0, 0)
[0000][PE] skip orientation FF as there are not enough pairs
[0000][PE] analyzing insert size distribution for orientation FR...
[0000][PE] (25, 50, 75) percentile: (395, 464, 566)
[0000][PE] low and high boundaries for computing mean and std.dev: (53, 908)
[0000][PE] mean and std.dev: (483.73, 127.15)
[0000][PE] low and high boundaries for proper pairs: (1, 1079)
[0000][PE] skip orientation RF as there are not enough pairs
[0000][PE] skip orientation RR as there are not enough pairs
[0000] 3. Calling kt_for - worker_sam
	[0000][ M::mem_process_seqs] Processed 20870 reads in 16.234 CPU sec, 16.606 real sec
[0000] read_chunk: 10000000, work_chunk_size: 0, nseq: 0
[0000] Computation ends..
No. of OMP threads: 1
Processor is running @2645.164519 MHz
Runtime profile:

	Time taken for main_mem function: 221.60 sec

	IO times (sec) :
	Reading IO time (reads) avg: 0.55, (0.55, 0.55)
	Writing IO time (SAM) avg: 6.06, (6.06, 6.06)
	Reading IO time (Reference Genome) avg: 0.17, (0.17, 0.17)
	Index read time avg: 0.29, (0.29, 0.29)

	Overall time (sec) (Excluding Index reading time):
	PROCESS() (Total compute time + (read + SAM) IO time) : 220.99
	MEM_PROCESS_SEQ() (Total compute time (Kernel + SAM)), avg: 220.37, (220.37, 220.37)

	 SAM Processing time (sec):
	--WORKER_SAM avg: 151.96, (151.96, 151.96)

	Kernels' compute time (sec):
	Total kernel (smem+sal+bsw) time avg: 68.32, (68.32, 68.32)
		SMEM compute avg: 13.64, (13.64, 13.64)
		SAL compute avg: 7.26, (7.26, 7.26)
				MEM_SA avg: 3.20, (3.20, 3.20)

		BSW time, avg: 45.32, (45.32, 45.32)

Important parameter settings: 
	BATCH_SIZE: 512
	MAX_SEQ_LEN_REF: 256
	MAX_SEQ_LEN_QER: 128
	MAX_SEQ_LEN8: 128
	SEEDS_PER_READ: 500
	SIMD_WIDTH8 X: 32
	SIMD_WIDTH16 X: 16
	AVG_SEEDS_PER_READ: 64
## filter-stats: kept 46681; removed 243354
[R1A1_element] final BAM reads: 46681
=== [R1A1_element] done ===
=== [F_element] starting in candidate_regions_data/JUT-008_MUN-009/F_element.MHQS ===
[F_element] contig count: 1  (F_element)
[F_element] hits.bam reads: 92551
[F_element] qname count:  48382
[F_element] pair.bam reads: 99453
[M::bam2fq_mainloop] discarded 0 singletons
[M::bam2fq_mainloop] processed 96764 reads
[F_element] FASTQ1 lines: 193528
[F_element] FASTQ2 lines: 193528
Looking to launch executable "/work/users/a/d/adaigle/.conda/envs/TEforest/bin/bwa-mem2.avx2", simd = .avx2
Launching executable "/work/users/a/d/adaigle/.conda/envs/TEforest/bin/bwa-mem2.avx2"
-----------------------------
Executing in AVX2 mode!!
-----------------------------
* SA compression enabled with xfactor: 8
* Ref file: fastp/ref_genome
* Entering FMI_search
* Index file found. Loading index from fastp/ref_genome.bwt.2bit.64
* Reference seq len for bi-index = 288895287
* sentinel-index: 149660069
* Count:
0,	1
1,	83687631
2,	144447644
3,	205207657
4,	288895287

* Reading other elements of the index from files fastp/ref_genome
* Index prefix: fastp/ref_genome
* Read 0 ALT contigs
* Done reading Index!!
* Reading reference genome..
* Binary seq file = fastp/ref_genome.0123
* Reference genome size: 288895286 bp
* Done reading reference genome !!

------------------------------------------
1. Memory pre-allocation for Chaining: 139.3584 MB
2. Memory pre-allocation for BSW: 239.6170 MB
3. Memory pre-allocation for BWT: 77.3142 MB
------------------------------------------
* Threads used (compute): 1
* No. of pipeline threads: 2

[0000] read_chunk: 10000000, work_chunk_size: 10000200, nseq: 66238
	[0000][ M::kt_pipeline] read 66238 sequences (10000200 bp)...
[0000] Reallocating initial memory allocations!!
[0000] Calling mem_process_seqs.., task: 0
[0000] 1. Calling kt_for - worker_bwt
[0000] read_chunk: 10000000, work_chunk_size: 4608598, nseq: 30526
	[0000][ M::kt_pipeline] read 30526 sequences (4608598 bp)...
[0000] 2. Calling kt_for - worker_aln
[0000] Inferring insert size distribution of PE reads from data, l_pac: 144447643, n: 66238
[0000][PE] # candidate unique pairs for (FF, FR, RF, RR): (0, 1394, 0, 1)
[0000][PE] skip orientation FF as there are not enough pairs
[0000][PE] analyzing insert size distribution for orientation FR...
[0000][PE] (25, 50, 75) percentile: (367, 429, 506)
[0000][PE] low and high boundaries for computing mean and std.dev: (89, 784)
[0000][PE] mean and std.dev: (438.09, 110.75)
[0000][PE] low and high boundaries for proper pairs: (1, 923)
[0000][PE] skip orientation RF as there are not enough pairs
[0000][PE] skip orientation RR as there are not enough pairs
[0000] 3. Calling kt_for - worker_sam
	[0000][ M::mem_process_seqs] Processed 66238 reads in 69.480 CPU sec, 70.134 real sec
[0000] Calling mem_process_seqs.., task: 1
[0000] 1. Calling kt_for - worker_bwt
[0000] read_chunk: 10000000, work_chunk_size: 0, nseq: 0
[0000] 2. Calling kt_for - worker_aln
[0000] Inferring insert size distribution of PE reads from data, l_pac: 144447643, n: 30526
[0000][PE] # candidate unique pairs for (FF, FR, RF, RR): (0, 610, 0, 0)
[0000][PE] skip orientation FF as there are not enough pairs
[0000][PE] analyzing insert size distribution for orientation FR...
[0000][PE] (25, 50, 75) percentile: (386, 454, 542)
[0000][PE] low and high boundaries for computing mean and std.dev: (74, 854)
[0000][PE] mean and std.dev: (464.31, 117.74)
[0000][PE] low and high boundaries for proper pairs: (1, 1010)
[0000][PE] skip orientation RF as there are not enough pairs
[0000][PE] skip orientation RR as there are not enough pairs
[0000] 3. Calling kt_for - worker_sam
	[0000][ M::mem_process_seqs] Processed 30526 reads in 33.700 CPU sec, 34.530 real sec
[0000] read_chunk: 10000000, work_chunk_size: 0, nseq: 0
[0000] Computation ends..
No. of OMP threads: 1
Processor is running @2645.218949 MHz
Runtime profile:

	Time taken for main_mem function: 105.93 sec

	IO times (sec) :
	Reading IO time (reads) avg: 0.13, (0.13, 0.13)
	Writing IO time (SAM) avg: 2.58, (2.58, 2.58)
	Reading IO time (Reference Genome) avg: 0.17, (0.17, 0.17)
	Index read time avg: 0.30, (0.30, 0.30)

	Overall time (sec) (Excluding Index reading time):
	PROCESS() (Total compute time + (read + SAM) IO time) : 105.39
	MEM_PROCESS_SEQ() (Total compute time (Kernel + SAM)), avg: 104.66, (104.66, 104.66)

	 SAM Processing time (sec):
	--WORKER_SAM avg: 76.25, (76.25, 76.25)

	Kernels' compute time (sec):
	Total kernel (smem+sal+bsw) time avg: 28.37, (28.37, 28.37)
		SMEM compute avg: 4.28, (4.28, 4.28)
		SAL compute avg: 3.54, (3.54, 3.54)
				MEM_SA avg: 1.54, (1.54, 1.54)

		BSW time, avg: 18.41, (18.41, 18.41)

Important parameter settings: 
	BATCH_SIZE: 512
	MAX_SEQ_LEN_REF: 256
	MAX_SEQ_LEN_QER: 128
	MAX_SEQ_LEN8: 128
	SEEDS_PER_READ: 500
	SIMD_WIDTH8 X: 32
	SIMD_WIDTH16 X: 16
	AVG_SEEDS_PER_READ: 64
## filter-stats: kept 18448; removed 80699
[F_element] final BAM reads: 18448
=== [F_element] done ===
=== [BS4] starting in candidate_regions_data/JUT-008_MUN-009/BS4.Rz92 ===
[BS4] contig count: 1  (BS4)
[BS4] hits.bam reads: 331
[BS4] qname count:  178
[BS4] pair.bam reads: 383
[M::bam2fq_mainloop] discarded 0 singletons
[M::bam2fq_mainloop] processed 356 reads
[BS4] FASTQ1 lines: 712
[BS4] FASTQ2 lines: 712
Looking to launch executable "/work/users/a/d/adaigle/.conda/envs/TEforest/bin/bwa-mem2.avx2", simd = .avx2
Launching executable "/work/users/a/d/adaigle/.conda/envs/TEforest/bin/bwa-mem2.avx2"
-----------------------------
Executing in AVX2 mode!!
-----------------------------
* SA compression enabled with xfactor: 8
* Ref file: fastp/ref_genome
* Entering FMI_search
* Index file found. Loading index from fastp/ref_genome.bwt.2bit.64
* Reference seq len for bi-index = 288895287
* sentinel-index: 149660069
* Count:
0,	1
1,	83687631
2,	144447644
3,	205207657
4,	288895287

* Reading other elements of the index from files fastp/ref_genome
* Index prefix: fastp/ref_genome
* Read 0 ALT contigs
* Done reading Index!!
* Reading reference genome..
* Binary seq file = fastp/ref_genome.0123
* Reference genome size: 288895286 bp
* Done reading reference genome !!

------------------------------------------
1. Memory pre-allocation for Chaining: 139.3584 MB
2. Memory pre-allocation for BSW: 239.6170 MB
3. Memory pre-allocation for BWT: 77.3142 MB
------------------------------------------
* Threads used (compute): 1
* No. of pipeline threads: 2

[0000] read_chunk: 10000000, work_chunk_size: 53756, nseq: 356
	[0000][ M::kt_pipeline] read 356 sequences (53756 bp)...
[0000] Calling mem_process_seqs.., task: 0
[0000] 1. Calling kt_for - worker_bwt
[0000] read_chunk: 10000000, work_chunk_size: 0, nseq: 0
[0000] 2. Calling kt_for - worker_aln
[0000] Inferring insert size distribution of PE reads from data, l_pac: 144447643, n: 356
[0000][PE] # candidate unique pairs for (FF, FR, RF, RR): (0, 90, 0, 0)
[0000][PE] skip orientation FF as there are not enough pairs
[0000][PE] analyzing insert size distribution for orientation FR...
[0000][PE] (25, 50, 75) percentile: (389, 449, 507)
[0000][PE] low and high boundaries for computing mean and std.dev: (153, 743)
[0000][PE] mean and std.dev: (446.59, 104.66)
[0000][PE] low and high boundaries for proper pairs: (28, 865)
[0000][PE] skip orientation RF as there are not enough pairs
[0000][PE] skip orientation RR as there are not enough pairs
[0000] 3. Calling kt_for - worker_sam
	[0000][ M::mem_process_seqs] Processed 356 reads in 0.063 CPU sec, 0.062 real sec
[0000] read_chunk: 10000000, work_chunk_size: 0, nseq: 0
[0000] Computation ends..
No. of OMP threads: 1
Processor is running @2645.199711 MHz
Runtime profile:

	Time taken for main_mem function: 0.66 sec

	IO times (sec) :
	Reading IO time (reads) avg: 0.00, (0.00, 0.00)
	Writing IO time (SAM) avg: 0.01, (0.01, 0.01)
	Reading IO time (Reference Genome) avg: 0.17, (0.17, 0.17)
	Index read time avg: 0.31, (0.31, 0.31)

	Overall time (sec) (Excluding Index reading time):
	PROCESS() (Total compute time + (read + SAM) IO time) : 0.07
	MEM_PROCESS_SEQ() (Total compute time (Kernel + SAM)), avg: 0.06, (0.06, 0.06)

	 SAM Processing time (sec):
	--WORKER_SAM avg: 0.02, (0.02, 0.02)

	Kernels' compute time (sec):
	Total kernel (smem+sal+bsw) time avg: 0.04, (0.04, 0.04)
		SMEM compute avg: 0.01, (0.01, 0.01)
		SAL compute avg: 0.00, (0.00, 0.00)
				MEM_SA avg: 0.00, (0.00, 0.00)

		BSW time, avg: 0.02, (0.02, 0.02)

Important parameter settings: 
	BATCH_SIZE: 512
	MAX_SEQ_LEN_REF: 256
	MAX_SEQ_LEN_QER: 128
	MAX_SEQ_LEN8: 128
	SEEDS_PER_READ: 500
	SIMD_WIDTH8 X: 32
	SIMD_WIDTH16 X: 16
	AVG_SEEDS_PER_READ: 64
## filter-stats: kept 30; removed 326
[BS4] final BAM reads: 30
=== [BS4] done ===
=== [Doc4] starting in candidate_regions_data/JUT-008_MUN-009/Doc4.QisU ===
[Doc4] contig count: 1  (Doc4)
[Doc4] hits.bam reads: 6164
[Doc4] qname count:  3088
[Doc4] pair.bam reads: 6716
[M::bam2fq_mainloop] discarded 0 singletons
[M::bam2fq_mainloop] processed 6176 reads
[Doc4] FASTQ1 lines: 12352
[Doc4] FASTQ2 lines: 12352
Looking to launch executable "/work/users/a/d/adaigle/.conda/envs/TEforest/bin/bwa-mem2.avx2", simd = .avx2
Launching executable "/work/users/a/d/adaigle/.conda/envs/TEforest/bin/bwa-mem2.avx2"
-----------------------------
Executing in AVX2 mode!!
-----------------------------
* SA compression enabled with xfactor: 8
* Ref file: fastp/ref_genome
* Entering FMI_search
* Index file found. Loading index from fastp/ref_genome.bwt.2bit.64
* Reference seq len for bi-index = 288895287
* sentinel-index: 149660069
* Count:
0,	1
1,	83687631
2,	144447644
3,	205207657
4,	288895287

* Reading other elements of the index from files fastp/ref_genome
* Index prefix: fastp/ref_genome
* Read 0 ALT contigs
* Done reading Index!!
* Reading reference genome..
* Binary seq file = fastp/ref_genome.0123
* Reference genome size: 288895286 bp
* Done reading reference genome !!

------------------------------------------
1. Memory pre-allocation for Chaining: 139.3584 MB
2. Memory pre-allocation for BSW: 239.6170 MB
3. Memory pre-allocation for BWT: 77.3142 MB
------------------------------------------
* Threads used (compute): 1
* No. of pipeline threads: 2

[0000] read_chunk: 10000000, work_chunk_size: 932372, nseq: 6176
	[0000][ M::kt_pipeline] read 6176 sequences (932372 bp)...
[0000] Calling mem_process_seqs.., task: 0
[0000] 1. Calling kt_for - worker_bwt
[0000] read_chunk: 10000000, work_chunk_size: 0, nseq: 0
[0000] 2. Calling kt_for - worker_aln
[0000] Inferring insert size distribution of PE reads from data, l_pac: 144447643, n: 6176
[0000][PE] # candidate unique pairs for (FF, FR, RF, RR): (0, 1273, 16, 0)
[0000][PE] skip orientation FF as there are not enough pairs
[0000][PE] analyzing insert size distribution for orientation FR...
[0000][PE] (25, 50, 75) percentile: (381, 447, 524)
[0000][PE] low and high boundaries for computing mean and std.dev: (95, 810)
[0000][PE] mean and std.dev: (450.76, 111.33)
[0000][PE] low and high boundaries for proper pairs: (1, 953)
[0000][PE] analyzing insert size distribution for orientation RF...
[0000][PE] (25, 50, 75) percentile: (8101, 8170, 8240)
[0000][PE] low and high boundaries for computing mean and std.dev: (7823, 8518)
[0000][PE] mean and std.dev: (8167.13, 112.58)
[0000][PE] low and high boundaries for proper pairs: (7684, 8657)
[0000][PE] skip orientation RR as there are not enough pairs
[0000][PE] skip orientation RF
[0000] 3. Calling kt_for - worker_sam
	[0000][ M::mem_process_seqs] Processed 6176 reads in 1.091 CPU sec, 1.100 real sec
[0000] read_chunk: 10000000, work_chunk_size: 0, nseq: 0
[0000] Computation ends..
No. of OMP threads: 1
Processor is running @2645.194728 MHz
Runtime profile:

	Time taken for main_mem function: 1.77 sec

	IO times (sec) :
	Reading IO time (reads) avg: 0.01, (0.01, 0.01)
	Writing IO time (SAM) avg: 0.12, (0.12, 0.12)
	Reading IO time (Reference Genome) avg: 0.17, (0.17, 0.17)
	Index read time avg: 0.28, (0.28, 0.28)

	Overall time (sec) (Excluding Index reading time):
	PROCESS() (Total compute time + (read + SAM) IO time) : 1.25
	MEM_PROCESS_SEQ() (Total compute time (Kernel + SAM)), avg: 1.10, (1.10, 1.10)

	 SAM Processing time (sec):
	--WORKER_SAM avg: 0.50, (0.50, 0.50)

	Kernels' compute time (sec):
	Total kernel (smem+sal+bsw) time avg: 0.60, (0.60, 0.60)
		SMEM compute avg: 0.20, (0.20, 0.20)
		SAL compute avg: 0.07, (0.07, 0.07)
				MEM_SA avg: 0.03, (0.03, 0.03)

		BSW time, avg: 0.32, (0.32, 0.32)

Important parameter settings: 
	BATCH_SIZE: 512
	MAX_SEQ_LEN_REF: 256
	MAX_SEQ_LEN_QER: 128
	MAX_SEQ_LEN8: 128
	SEEDS_PER_READ: 500
	SIMD_WIDTH8 X: 32
	SIMD_WIDTH16 X: 16
	AVG_SEEDS_PER_READ: 64
## filter-stats: kept 804; removed 5461
[Doc4] final BAM reads: 804
=== [Doc4] done ===
=== [transib2] starting in candidate_regions_data/JUT-008_MUN-009/transib2.4FC9 ===
[transib2] contig count: 1  (transib2)
[transib2] hits.bam reads: 9929
[transib2] qname count:  5064
[transib2] pair.bam reads: 10830
[M::bam2fq_mainloop] discarded 0 singletons
[M::bam2fq_mainloop] processed 10128 reads
[transib2] FASTQ1 lines: 20256
[transib2] FASTQ2 lines: 20256
Looking to launch executable "/work/users/a/d/adaigle/.conda/envs/TEforest/bin/bwa-mem2.avx2", simd = .avx2
Launching executable "/work/users/a/d/adaigle/.conda/envs/TEforest/bin/bwa-mem2.avx2"
-----------------------------
Executing in AVX2 mode!!
-----------------------------
* SA compression enabled with xfactor: 8
* Ref file: fastp/ref_genome
* Entering FMI_search
* Index file found. Loading index from fastp/ref_genome.bwt.2bit.64
* Reference seq len for bi-index = 288895287
* sentinel-index: 149660069
* Count:
0,	1
1,	83687631
2,	144447644
3,	205207657
4,	288895287

* Reading other elements of the index from files fastp/ref_genome
* Index prefix: fastp/ref_genome
* Read 0 ALT contigs
* Done reading Index!!
* Reading reference genome..
* Binary seq file = fastp/ref_genome.0123
* Reference genome size: 288895286 bp
* Done reading reference genome !!

------------------------------------------
1. Memory pre-allocation for Chaining: 139.3584 MB
2. Memory pre-allocation for BSW: 239.6170 MB
3. Memory pre-allocation for BWT: 77.3142 MB
------------------------------------------
* Threads used (compute): 1
* No. of pipeline threads: 2

[0000] read_chunk: 10000000, work_chunk_size: 1529244, nseq: 10128
	[0000][ M::kt_pipeline] read 10128 sequences (1529244 bp)...
[0000] read_chunk: 10000000, work_chunk_size: 0, nseq: 0
[0000] Calling mem_process_seqs.., task: 0
[0000] 1. Calling kt_for - worker_bwt
[0000] 2. Calling kt_for - worker_aln
[0000] Inferring insert size distribution of PE reads from data, l_pac: 144447643, n: 10128
[0000][PE] # candidate unique pairs for (FF, FR, RF, RR): (0, 1953, 0, 0)
[0000][PE] skip orientation FF as there are not enough pairs
[0000][PE] analyzing insert size distribution for orientation FR...
[0000][PE] (25, 50, 75) percentile: (388, 454, 531)
[0000][PE] low and high boundaries for computing mean and std.dev: (102, 817)
[0000][PE] mean and std.dev: (460.72, 112.27)
[0000][PE] low and high boundaries for proper pairs: (1, 960)
[0000][PE] skip orientation RF as there are not enough pairs
[0000][PE] skip orientation RR as there are not enough pairs
[0000] 3. Calling kt_for - worker_sam
	[0000][ M::mem_process_seqs] Processed 10128 reads in 2.570 CPU sec, 2.597 real sec
[0000] read_chunk: 10000000, work_chunk_size: 0, nseq: 0
[0000] Computation ends..
No. of OMP threads: 1
Processor is running @2645.198465 MHz
Runtime profile:

	Time taken for main_mem function: 3.40 sec

	IO times (sec) :
	Reading IO time (reads) avg: 0.01, (0.01, 0.01)
	Writing IO time (SAM) avg: 0.20, (0.20, 0.20)
	Reading IO time (Reference Genome) avg: 0.17, (0.17, 0.17)
	Index read time avg: 0.33, (0.33, 0.33)

	Overall time (sec) (Excluding Index reading time):
	PROCESS() (Total compute time + (read + SAM) IO time) : 2.82
	MEM_PROCESS_SEQ() (Total compute time (Kernel + SAM)), avg: 2.60, (2.60, 2.60)

	 SAM Processing time (sec):
	--WORKER_SAM avg: 0.85, (0.85, 0.85)

	Kernels' compute time (sec):
	Total kernel (smem+sal+bsw) time avg: 1.74, (1.74, 1.74)
		SMEM compute avg: 0.36, (0.36, 0.36)
		SAL compute avg: 0.19, (0.19, 0.19)
				MEM_SA avg: 0.09, (0.09, 0.09)

		BSW time, avg: 1.16, (1.16, 1.16)

Important parameter settings: 
	BATCH_SIZE: 512
	MAX_SEQ_LEN_REF: 256
	MAX_SEQ_LEN_QER: 128
	MAX_SEQ_LEN8: 128
	SEEDS_PER_READ: 500
	SIMD_WIDTH8 X: 32
	SIMD_WIDTH16 X: 16
	AVG_SEEDS_PER_READ: 64
## filter-stats: kept 1236; removed 9083
[transib2] final BAM reads: 1236
=== [transib2] done ===
=== [Fw2] starting in candidate_regions_data/JUT-008_MUN-009/Fw2.mkou ===
[Fw2] contig count: 1  (Fw2)
[Fw2] hits.bam reads: 3005
[Fw2] qname count:  1525
[Fw2] pair.bam reads: 3248
[M::bam2fq_mainloop] discarded 0 singletons
[M::bam2fq_mainloop] processed 3050 reads
[Fw2] FASTQ1 lines: 6100
[Fw2] FASTQ2 lines: 6100
Looking to launch executable "/work/users/a/d/adaigle/.conda/envs/TEforest/bin/bwa-mem2.avx2", simd = .avx2
Launching executable "/work/users/a/d/adaigle/.conda/envs/TEforest/bin/bwa-mem2.avx2"
-----------------------------
Executing in AVX2 mode!!
-----------------------------
* SA compression enabled with xfactor: 8
* Ref file: fastp/ref_genome
* Entering FMI_search
* Index file found. Loading index from fastp/ref_genome.bwt.2bit.64
* Reference seq len for bi-index = 288895287
* sentinel-index: 149660069
* Count:
0,	1
1,	83687631
2,	144447644
3,	205207657
4,	288895287

* Reading other elements of the index from files fastp/ref_genome
* Index prefix: fastp/ref_genome
* Read 0 ALT contigs
* Done reading Index!!
* Reading reference genome..
* Binary seq file = fastp/ref_genome.0123
* Reference genome size: 288895286 bp
* Done reading reference genome !!

------------------------------------------
1. Memory pre-allocation for Chaining: 139.3584 MB
2. Memory pre-allocation for BSW: 239.6170 MB
3. Memory pre-allocation for BWT: 77.3142 MB
------------------------------------------
* Threads used (compute): 1
* No. of pipeline threads: 2

[0000] read_chunk: 10000000, work_chunk_size: 460476, nseq: 3050
	[0000][ M::kt_pipeline] read 3050 sequences (460476 bp)...
[0000] Calling mem_process_seqs.., task: 0
[0000] 1. Calling kt_for - worker_bwt
[0000] read_chunk: 10000000, work_chunk_size: 0, nseq: 0
[0000] 2. Calling kt_for - worker_aln
[0000] Inferring insert size distribution of PE reads from data, l_pac: 144447643, n: 3050
[0000][PE] # candidate unique pairs for (FF, FR, RF, RR): (0, 572, 0, 0)
[0000][PE] skip orientation FF as there are not enough pairs
[0000][PE] analyzing insert size distribution for orientation FR...
[0000][PE] (25, 50, 75) percentile: (389, 458, 527)
[0000][PE] low and high boundaries for computing mean and std.dev: (113, 803)
[0000][PE] mean and std.dev: (463.95, 107.66)
[0000][PE] low and high boundaries for proper pairs: (1, 941)
[0000][PE] skip orientation RF as there are not enough pairs
[0000][PE] skip orientation RR as there are not enough pairs
[0000] 3. Calling kt_for - worker_sam
	[0000][ M::mem_process_seqs] Processed 3050 reads in 0.647 CPU sec, 0.657 real sec
[0000] read_chunk: 10000000, work_chunk_size: 0, nseq: 0
[0000] Computation ends..
No. of OMP threads: 1
Processor is running @2645.190939 MHz
Runtime profile:

	Time taken for main_mem function: 1.24 sec

	IO times (sec) :
	Reading IO time (reads) avg: 0.00, (0.00, 0.00)
	Writing IO time (SAM) avg: 0.06, (0.06, 0.06)
	Reading IO time (Reference Genome) avg: 0.16, (0.16, 0.16)
	Index read time avg: 0.28, (0.28, 0.28)

	Overall time (sec) (Excluding Index reading time):
	PROCESS() (Total compute time + (read + SAM) IO time) : 0.72
	MEM_PROCESS_SEQ() (Total compute time (Kernel + SAM)), avg: 0.66, (0.66, 0.66)

	 SAM Processing time (sec):
	--WORKER_SAM avg: 0.31, (0.31, 0.31)

	Kernels' compute time (sec):
	Total kernel (smem+sal+bsw) time avg: 0.35, (0.35, 0.35)
		SMEM compute avg: 0.11, (0.11, 0.11)
		SAL compute avg: 0.03, (0.03, 0.03)
				MEM_SA avg: 0.02, (0.02, 0.02)

		BSW time, avg: 0.19, (0.19, 0.19)

Important parameter settings: 
	BATCH_SIZE: 512
	MAX_SEQ_LEN_REF: 256
	MAX_SEQ_LEN_QER: 128
	MAX_SEQ_LEN8: 128
	SEEDS_PER_READ: 500
	SIMD_WIDTH8 X: 32
	SIMD_WIDTH16 X: 16
	AVG_SEEDS_PER_READ: 64
## filter-stats: kept 359; removed 2740
[Fw2] final BAM reads: 359
=== [Fw2] done ===
=== [G3] starting in candidate_regions_data/JUT-008_MUN-009/G3.lgeg ===
[G3] contig count: 1  (G3)
[G3] hits.bam reads: 3416
[G3] qname count:  1811
[G3] pair.bam reads: 3784
[M::bam2fq_mainloop] discarded 0 singletons
[M::bam2fq_mainloop] processed 3622 reads
[G3] FASTQ1 lines: 7244
[G3] FASTQ2 lines: 7244
Looking to launch executable "/work/users/a/d/adaigle/.conda/envs/TEforest/bin/bwa-mem2.avx2", simd = .avx2
Launching executable "/work/users/a/d/adaigle/.conda/envs/TEforest/bin/bwa-mem2.avx2"
-----------------------------
Executing in AVX2 mode!!
-----------------------------
* SA compression enabled with xfactor: 8
* Ref file: fastp/ref_genome
* Entering FMI_search
* Index file found. Loading index from fastp/ref_genome.bwt.2bit.64
* Reference seq len for bi-index = 288895287
* sentinel-index: 149660069
* Count:
0,	1
1,	83687631
2,	144447644
3,	205207657
4,	288895287

* Reading other elements of the index from files fastp/ref_genome
* Index prefix: fastp/ref_genome
* Read 0 ALT contigs
* Done reading Index!!
* Reading reference genome..
* Binary seq file = fastp/ref_genome.0123
* Reference genome size: 288895286 bp
* Done reading reference genome !!

------------------------------------------
1. Memory pre-allocation for Chaining: 139.3584 MB
2. Memory pre-allocation for BSW: 239.6170 MB
3. Memory pre-allocation for BWT: 77.3142 MB
------------------------------------------
* Threads used (compute): 1
* No. of pipeline threads: 2

[0000] read_chunk: 10000000, work_chunk_size: 546794, nseq: 3622
	[0000][ M::kt_pipeline] read 3622 sequences (546794 bp)...
[0000] Calling mem_process_seqs.., task: 0
[0000] 1. Calling kt_for - worker_bwt
[0000] read_chunk: 10000000, work_chunk_size: 0, nseq: 0
[0000] 2. Calling kt_for - worker_aln
[0000] Inferring insert size distribution of PE reads from data, l_pac: 144447643, n: 3622
[0000][PE] # candidate unique pairs for (FF, FR, RF, RR): (0, 722, 0, 0)
[0000][PE] skip orientation FF as there are not enough pairs
[0000][PE] analyzing insert size distribution for orientation FR...
[0000][PE] (25, 50, 75) percentile: (368, 439, 515)
[0000][PE] low and high boundaries for computing mean and std.dev: (74, 809)
[0000][PE] mean and std.dev: (442.71, 116.15)
[0000][PE] low and high boundaries for proper pairs: (1, 956)
[0000][PE] skip orientation RF as there are not enough pairs
[0000][PE] skip orientation RR as there are not enough pairs
[0000] 3. Calling kt_for - worker_sam
	[0000][ M::mem_process_seqs] Processed 3622 reads in 0.591 CPU sec, 0.596 real sec
[0000] read_chunk: 10000000, work_chunk_size: 0, nseq: 0
[0000] Computation ends..
No. of OMP threads: 1
Processor is running @2645.193615 MHz
Runtime profile:

	Time taken for main_mem function: 1.22 sec

	IO times (sec) :
	Reading IO time (reads) avg: 0.01, (0.01, 0.01)
	Writing IO time (SAM) avg: 0.07, (0.07, 0.07)
	Reading IO time (Reference Genome) avg: 0.17, (0.17, 0.17)
	Index read time avg: 0.31, (0.31, 0.31)

	Overall time (sec) (Excluding Index reading time):
	PROCESS() (Total compute time + (read + SAM) IO time) : 0.67
	MEM_PROCESS_SEQ() (Total compute time (Kernel + SAM)), avg: 0.60, (0.60, 0.60)

	 SAM Processing time (sec):
	--WORKER_SAM avg: 0.20, (0.20, 0.20)

	Kernels' compute time (sec):
	Total kernel (smem+sal+bsw) time avg: 0.40, (0.40, 0.40)
		SMEM compute avg: 0.13, (0.13, 0.13)
		SAL compute avg: 0.04, (0.04, 0.04)
				MEM_SA avg: 0.02, (0.02, 0.02)

		BSW time, avg: 0.22, (0.22, 0.22)

Important parameter settings: 
	BATCH_SIZE: 512
	MAX_SEQ_LEN_REF: 256
	MAX_SEQ_LEN_QER: 128
	MAX_SEQ_LEN8: 128
	SEEDS_PER_READ: 500
	SIMD_WIDTH8 X: 32
	SIMD_WIDTH16 X: 16
	AVG_SEEDS_PER_READ: 64
## filter-stats: kept 289; removed 3362
[G3] final BAM reads: 289
=== [G3] done ===
=== [diver2] starting in candidate_regions_data/JUT-008_MUN-009/diver2.OKnN ===
[diver2] contig count: 1  (diver2)
[diver2] hits.bam reads: 13714
[diver2] qname count:  7059
[diver2] pair.bam reads: 15006
[M::bam2fq_mainloop] discarded 0 singletons
[M::bam2fq_mainloop] processed 14118 reads
[diver2] FASTQ1 lines: 28236
[diver2] FASTQ2 lines: 28236
Looking to launch executable "/work/users/a/d/adaigle/.conda/envs/TEforest/bin/bwa-mem2.avx2", simd = .avx2
Launching executable "/work/users/a/d/adaigle/.conda/envs/TEforest/bin/bwa-mem2.avx2"
-----------------------------
Executing in AVX2 mode!!
-----------------------------
* SA compression enabled with xfactor: 8
* Ref file: fastp/ref_genome
* Entering FMI_search
* Index file found. Loading index from fastp/ref_genome.bwt.2bit.64
* Reference seq len for bi-index = 288895287
* sentinel-index: 149660069
* Count:
0,	1
1,	83687631
2,	144447644
3,	205207657
4,	288895287

* Reading other elements of the index from files fastp/ref_genome
* Index prefix: fastp/ref_genome
* Read 0 ALT contigs
* Done reading Index!!
* Reading reference genome..
* Binary seq file = fastp/ref_genome.0123
* Reference genome size: 288895286 bp
* Done reading reference genome !!

------------------------------------------
1. Memory pre-allocation for Chaining: 139.3584 MB
2. Memory pre-allocation for BSW: 239.6170 MB
3. Memory pre-allocation for BWT: 77.3142 MB
------------------------------------------
* Threads used (compute): 1
* No. of pipeline threads: 2

[0000] read_chunk: 10000000, work_chunk_size: 2131250, nseq: 14118
	[0000][ M::kt_pipeline] read 14118 sequences (2131250 bp)...
[0000] read_chunk: 10000000, work_chunk_size: 0, nseq: 0
[0000] Calling mem_process_seqs.., task: 0
[0000] 1. Calling kt_for - worker_bwt
[0000] 2. Calling kt_for - worker_aln
[0000] Inferring insert size distribution of PE reads from data, l_pac: 144447643, n: 14118
[0000][PE] # candidate unique pairs for (FF, FR, RF, RR): (0, 656, 0, 0)
[0000][PE] skip orientation FF as there are not enough pairs
[0000][PE] analyzing insert size distribution for orientation FR...
[0000][PE] (25, 50, 75) percentile: (372, 441, 530)
[0000][PE] low and high boundaries for computing mean and std.dev: (56, 846)
[0000][PE] mean and std.dev: (449.96, 120.24)
[0000][PE] low and high boundaries for proper pairs: (1, 1004)
[0000][PE] skip orientation RF as there are not enough pairs
[0000][PE] skip orientation RR as there are not enough pairs
[0000] 3. Calling kt_for - worker_sam
	[0000][ M::mem_process_seqs] Processed 14118 reads in 5.019 CPU sec, 5.079 real sec
[0000] read_chunk: 10000000, work_chunk_size: 0, nseq: 0
[0000] Computation ends..
No. of OMP threads: 1
Processor is running @2645.217015 MHz
Runtime profile:

	Time taken for main_mem function: 5.90 sec

	IO times (sec) :
	Reading IO time (reads) avg: 0.02, (0.02, 0.02)
	Writing IO time (SAM) avg: 0.26, (0.26, 0.26)
	Reading IO time (Reference Genome) avg: 0.17, (0.17, 0.17)
	Index read time avg: 0.31, (0.31, 0.31)

	Overall time (sec) (Excluding Index reading time):
	PROCESS() (Total compute time + (read + SAM) IO time) : 5.37
	MEM_PROCESS_SEQ() (Total compute time (Kernel + SAM)), avg: 5.08, (5.08, 5.08)

	 SAM Processing time (sec):
	--WORKER_SAM avg: 2.17, (2.17, 2.17)

	Kernels' compute time (sec):
	Total kernel (smem+sal+bsw) time avg: 2.91, (2.91, 2.91)
		SMEM compute avg: 0.59, (0.59, 0.59)
		SAL compute avg: 0.33, (0.33, 0.33)
				MEM_SA avg: 0.15, (0.15, 0.15)

		BSW time, avg: 1.93, (1.93, 1.93)

Important parameter settings: 
	BATCH_SIZE: 512
	MAX_SEQ_LEN_REF: 256
	MAX_SEQ_LEN_QER: 128
	MAX_SEQ_LEN8: 128
	SEEDS_PER_READ: 500
	SIMD_WIDTH8 X: 32
	SIMD_WIDTH16 X: 16
	AVG_SEEDS_PER_READ: 64
## filter-stats: kept 1191; removed 13016
[diver2] final BAM reads: 1191
=== [diver2] done ===
=== [gtwin] starting in candidate_regions_data/JUT-008_MUN-009/gtwin.Kn2E ===
[gtwin] contig count: 1  (gtwin)
[gtwin] hits.bam reads: 8325
[gtwin] qname count:  4462
[gtwin] pair.bam reads: 9071
[M::bam2fq_mainloop] discarded 0 singletons
[M::bam2fq_mainloop] processed 8924 reads
[gtwin] FASTQ1 lines: 17848
[gtwin] FASTQ2 lines: 17848
Looking to launch executable "/work/users/a/d/adaigle/.conda/envs/TEforest/bin/bwa-mem2.avx2", simd = .avx2
Launching executable "/work/users/a/d/adaigle/.conda/envs/TEforest/bin/bwa-mem2.avx2"
-----------------------------
Executing in AVX2 mode!!
-----------------------------
* SA compression enabled with xfactor: 8
* Ref file: fastp/ref_genome
* Entering FMI_search
* Index file found. Loading index from fastp/ref_genome.bwt.2bit.64
* Reference seq len for bi-index = 288895287
* sentinel-index: 149660069
* Count:
0,	1
1,	83687631
2,	144447644
3,	205207657
4,	288895287

* Reading other elements of the index from files fastp/ref_genome
* Index prefix: fastp/ref_genome
* Read 0 ALT contigs
* Done reading Index!!
* Reading reference genome..
* Binary seq file = fastp/ref_genome.0123
* Reference genome size: 288895286 bp
* Done reading reference genome !!

------------------------------------------
1. Memory pre-allocation for Chaining: 139.3584 MB
2. Memory pre-allocation for BSW: 239.6170 MB
3. Memory pre-allocation for BWT: 77.3142 MB
------------------------------------------
* Threads used (compute): 1
* No. of pipeline threads: 2

[0000] read_chunk: 10000000, work_chunk_size: 1347448, nseq: 8924
	[0000][ M::kt_pipeline] read 8924 sequences (1347448 bp)...
[0000] read_chunk: 10000000, work_chunk_size: 0, nseq: 0
[0000] Calling mem_process_seqs.., task: 0
[0000] 1. Calling kt_for - worker_bwt
[0000] 2. Calling kt_for - worker_aln
[0000] Inferring insert size distribution of PE reads from data, l_pac: 144447643, n: 8924
[0000][PE] # candidate unique pairs for (FF, FR, RF, RR): (0, 448, 14, 0)
[0000][PE] skip orientation FF as there are not enough pairs
[0000][PE] analyzing insert size distribution for orientation FR...
[0000][PE] (25, 50, 75) percentile: (386, 460, 537)
[0000][PE] low and high boundaries for computing mean and std.dev: (84, 839)
[0000][PE] mean and std.dev: (464.54, 111.09)
[0000][PE] low and high boundaries for proper pairs: (1, 990)
[0000][PE] analyzing insert size distribution for orientation RF...
[0000][PE] (25, 50, 75) percentile: (4765, 4828, 4904)
[0000][PE] low and high boundaries for computing mean and std.dev: (4487, 5182)
[0000][PE] mean and std.dev: (4820.00, 84.32)
[0000][PE] low and high boundaries for proper pairs: (4348, 5321)
[0000][PE] skip orientation RR as there are not enough pairs
[0000][PE] skip orientation RF
[0000] 3. Calling kt_for - worker_sam
	[0000][ M::mem_process_seqs] Processed 8924 reads in 2.404 CPU sec, 2.422 real sec
[0000] read_chunk: 10000000, work_chunk_size: 0, nseq: 0
[0000] Computation ends..
No. of OMP threads: 1
Processor is running @2645.195232 MHz
Runtime profile:

	Time taken for main_mem function: 3.17 sec

	IO times (sec) :
	Reading IO time (reads) avg: 0.01, (0.01, 0.01)
	Writing IO time (SAM) avg: 0.17, (0.17, 0.17)
	Reading IO time (Reference Genome) avg: 0.17, (0.17, 0.17)
	Index read time avg: 0.32, (0.32, 0.32)

	Overall time (sec) (Excluding Index reading time):
	PROCESS() (Total compute time + (read + SAM) IO time) : 2.61
	MEM_PROCESS_SEQ() (Total compute time (Kernel + SAM)), avg: 2.42, (2.42, 2.42)

	 SAM Processing time (sec):
	--WORKER_SAM avg: 0.84, (0.84, 0.84)

	Kernels' compute time (sec):
	Total kernel (smem+sal+bsw) time avg: 1.58, (1.58, 1.58)
		SMEM compute avg: 0.38, (0.38, 0.38)
		SAL compute avg: 0.19, (0.19, 0.19)
				MEM_SA avg: 0.11, (0.11, 0.11)

		BSW time, avg: 0.98, (0.98, 0.98)

Important parameter settings: 
	BATCH_SIZE: 512
	MAX_SEQ_LEN_REF: 256
	MAX_SEQ_LEN_QER: 128
	MAX_SEQ_LEN8: 128
	SEEDS_PER_READ: 500
	SIMD_WIDTH8 X: 32
	SIMD_WIDTH16 X: 16
	AVG_SEEDS_PER_READ: 64
## filter-stats: kept 1744; removed 7469
[gtwin] final BAM reads: 1744
=== [gtwin] done ===
=== [Kepler] starting in candidate_regions_data/JUT-008_MUN-009/Kepler.dii4 ===
[Kepler] contig count: 1  (Kepler)
[Kepler] hits.bam reads: 15381
[Kepler] qname count:  7710
[Kepler] pair.bam reads: 15446
[M::bam2fq_mainloop] discarded 0 singletons
[M::bam2fq_mainloop] processed 15420 reads
[Kepler] FASTQ1 lines: 30840
[Kepler] FASTQ2 lines: 30840
Looking to launch executable "/work/users/a/d/adaigle/.conda/envs/TEforest/bin/bwa-mem2.avx2", simd = .avx2
Launching executable "/work/users/a/d/adaigle/.conda/envs/TEforest/bin/bwa-mem2.avx2"
-----------------------------
Executing in AVX2 mode!!
-----------------------------
* SA compression enabled with xfactor: 8
* Ref file: fastp/ref_genome
* Entering FMI_search
* Index file found. Loading index from fastp/ref_genome.bwt.2bit.64
* Reference seq len for bi-index = 288895287
* sentinel-index: 149660069
* Count:
0,	1
1,	83687631
2,	144447644
3,	205207657
4,	288895287

* Reading other elements of the index from files fastp/ref_genome
* Index prefix: fastp/ref_genome
* Read 0 ALT contigs
* Done reading Index!!
* Reading reference genome..
* Binary seq file = fastp/ref_genome.0123
* Reference genome size: 288895286 bp
* Done reading reference genome !!

------------------------------------------
1. Memory pre-allocation for Chaining: 139.3584 MB
2. Memory pre-allocation for BSW: 239.6170 MB
3. Memory pre-allocation for BWT: 77.3142 MB
------------------------------------------
* Threads used (compute): 1
* No. of pipeline threads: 2

[0000] read_chunk: 10000000, work_chunk_size: 2207480, nseq: 15420
	[0000][ M::kt_pipeline] read 15420 sequences (2207480 bp)...
[0000] Calling mem_process_seqs.., task: 0
[0000] 1. Calling kt_for - worker_bwt
[0000] read_chunk: 10000000, work_chunk_size: 0, nseq: 0
[0000] 2. Calling kt_for - worker_aln
[0000] Inferring insert size distribution of PE reads from data, l_pac: 144447643, n: 15420
[0000][PE] # candidate unique pairs for (FF, FR, RF, RR): (0, 2069, 1, 0)
[0000][PE] skip orientation FF as there are not enough pairs
[0000][PE] analyzing insert size distribution for orientation FR...
[0000][PE] (25, 50, 75) percentile: (311, 375, 430)
[0000][PE] low and high boundaries for computing mean and std.dev: (73, 668)
[0000][PE] mean and std.dev: (367.23, 99.04)
[0000][PE] low and high boundaries for proper pairs: (1, 787)
[0000][PE] skip orientation RF as there are not enough pairs
[0000][PE] skip orientation RR as there are not enough pairs
[0000] 3. Calling kt_for - worker_sam
	[0000][ M::mem_process_seqs] Processed 15420 reads in 5.806 CPU sec, 5.890 real sec
[0000] read_chunk: 10000000, work_chunk_size: 0, nseq: 0
[0000] Computation ends..
No. of OMP threads: 1
Processor is running @2645.206256 MHz
Runtime profile:

	Time taken for main_mem function: 6.87 sec

	IO times (sec) :
	Reading IO time (reads) avg: 0.02, (0.02, 0.02)
	Writing IO time (SAM) avg: 0.37, (0.37, 0.37)
	Reading IO time (Reference Genome) avg: 0.18, (0.18, 0.18)
	Index read time avg: 0.31, (0.31, 0.31)

	Overall time (sec) (Excluding Index reading time):
	PROCESS() (Total compute time + (read + SAM) IO time) : 6.29
	MEM_PROCESS_SEQ() (Total compute time (Kernel + SAM)), avg: 5.89, (5.89, 5.89)

	 SAM Processing time (sec):
	--WORKER_SAM avg: 3.08, (3.08, 3.08)

	Kernels' compute time (sec):
	Total kernel (smem+sal+bsw) time avg: 2.81, (2.81, 2.81)
		SMEM compute avg: 0.72, (0.72, 0.72)
		SAL compute avg: 0.29, (0.29, 0.29)
				MEM_SA avg: 0.14, (0.14, 0.14)

		BSW time, avg: 1.74, (1.74, 1.74)

Important parameter settings: 
	BATCH_SIZE: 512
	MAX_SEQ_LEN_REF: 256
	MAX_SEQ_LEN_QER: 128
	MAX_SEQ_LEN8: 128
	SEEDS_PER_READ: 500
	SIMD_WIDTH8 X: 32
	SIMD_WIDTH16 X: 16
	AVG_SEEDS_PER_READ: 64
## filter-stats: kept 7298; removed 8942
[Kepler] final BAM reads: 7298
=== [Kepler] done ===
=== [gypsy10] starting in candidate_regions_data/JUT-008_MUN-009/gypsy10.XOHP ===
[gypsy10] contig count: 1  (gypsy10)
[gypsy10] hits.bam reads: 11392
[gypsy10] qname count:  5743
[gypsy10] pair.bam reads: 11899
[M::bam2fq_mainloop] discarded 0 singletons
[M::bam2fq_mainloop] processed 11486 reads
[gypsy10] FASTQ1 lines: 22972
[gypsy10] FASTQ2 lines: 22972
Looking to launch executable "/work/users/a/d/adaigle/.conda/envs/TEforest/bin/bwa-mem2.avx2", simd = .avx2
Launching executable "/work/users/a/d/adaigle/.conda/envs/TEforest/bin/bwa-mem2.avx2"
-----------------------------
Executing in AVX2 mode!!
-----------------------------
* SA compression enabled with xfactor: 8
* Ref file: fastp/ref_genome
* Entering FMI_search
* Index file found. Loading index from fastp/ref_genome.bwt.2bit.64
* Reference seq len for bi-index = 288895287
* sentinel-index: 149660069
* Count:
0,	1
1,	83687631
2,	144447644
3,	205207657
4,	288895287

* Reading other elements of the index from files fastp/ref_genome
* Index prefix: fastp/ref_genome
* Read 0 ALT contigs
* Done reading Index!!
* Reading reference genome..
* Binary seq file = fastp/ref_genome.0123
* Reference genome size: 288895286 bp
* Done reading reference genome !!

------------------------------------------
1. Memory pre-allocation for Chaining: 139.3584 MB
2. Memory pre-allocation for BSW: 239.6170 MB
3. Memory pre-allocation for BWT: 77.3142 MB
------------------------------------------
* Threads used (compute): 1
* No. of pipeline threads: 2

[0000] read_chunk: 10000000, work_chunk_size: 1733812, nseq: 11486
	[0000][ M::kt_pipeline] read 11486 sequences (1733812 bp)...
[0000] Calling mem_process_seqs.., task: 0
[0000] read_chunk: 10000000, work_chunk_size: 0, nseq: 0
[0000] 1. Calling kt_for - worker_bwt
[0000] 2. Calling kt_for - worker_aln
[0000] Inferring insert size distribution of PE reads from data, l_pac: 144447643, n: 11486
[0000][PE] # candidate unique pairs for (FF, FR, RF, RR): (0, 1307, 0, 0)
[0000][PE] skip orientation FF as there are not enough pairs
[0000][PE] analyzing insert size distribution for orientation FR...
[0000][PE] (25, 50, 75) percentile: (379, 443, 521)
[0000][PE] low and high boundaries for computing mean and std.dev: (95, 805)
[0000][PE] mean and std.dev: (449.63, 106.00)
[0000][PE] low and high boundaries for proper pairs: (1, 947)
[0000][PE] skip orientation RF as there are not enough pairs
[0000][PE] skip orientation RR as there are not enough pairs
[0000] 3. Calling kt_for - worker_sam
	[0000][ M::mem_process_seqs] Processed 11486 reads in 2.602 CPU sec, 2.648 real sec
[0000] read_chunk: 10000000, work_chunk_size: 0, nseq: 0
[0000] Computation ends..
No. of OMP threads: 1
Processor is running @2645.193616 MHz
Runtime profile:

	Time taken for main_mem function: 3.50 sec

	IO times (sec) :
	Reading IO time (reads) avg: 0.02, (0.02, 0.02)
	Writing IO time (SAM) avg: 0.28, (0.28, 0.28)
	Reading IO time (Reference Genome) avg: 0.17, (0.17, 0.17)
	Index read time avg: 0.30, (0.30, 0.30)

	Overall time (sec) (Excluding Index reading time):
	PROCESS() (Total compute time + (read + SAM) IO time) : 2.95
	MEM_PROCESS_SEQ() (Total compute time (Kernel + SAM)), avg: 2.65, (2.65, 2.65)

	 SAM Processing time (sec):
	--WORKER_SAM avg: 0.97, (0.97, 0.97)

	Kernels' compute time (sec):
	Total kernel (smem+sal+bsw) time avg: 1.68, (1.68, 1.68)
		SMEM compute avg: 0.39, (0.39, 0.39)
		SAL compute avg: 0.19, (0.19, 0.19)
				MEM_SA avg: 0.10, (0.10, 0.10)

		BSW time, avg: 1.06, (1.06, 1.06)

Important parameter settings: 
	BATCH_SIZE: 512
	MAX_SEQ_LEN_REF: 256
	MAX_SEQ_LEN_QER: 128
	MAX_SEQ_LEN8: 128
	SEEDS_PER_READ: 500
	SIMD_WIDTH8 X: 32
	SIMD_WIDTH16 X: 16
	AVG_SEEDS_PER_READ: 64
## filter-stats: kept 598; removed 10945
[gypsy10] final BAM reads: 598
=== [gypsy10] done ===
=== [gypsy5] starting in candidate_regions_data/JUT-008_MUN-009/gypsy5.L42b ===
[gypsy5] contig count: 1  (gypsy5)
[gypsy5] hits.bam reads: 7484
[gypsy5] qname count:  3818
[gypsy5] pair.bam reads: 7779
[M::bam2fq_mainloop] discarded 0 singletons
[M::bam2fq_mainloop] processed 7636 reads
[gypsy5] FASTQ1 lines: 15272
[gypsy5] FASTQ2 lines: 15272
Looking to launch executable "/work/users/a/d/adaigle/.conda/envs/TEforest/bin/bwa-mem2.avx2", simd = .avx2
Launching executable "/work/users/a/d/adaigle/.conda/envs/TEforest/bin/bwa-mem2.avx2"
-----------------------------
Executing in AVX2 mode!!
-----------------------------
* SA compression enabled with xfactor: 8
* Ref file: fastp/ref_genome
* Entering FMI_search
* Index file found. Loading index from fastp/ref_genome.bwt.2bit.64
* Reference seq len for bi-index = 288895287
* sentinel-index: 149660069
* Count:
0,	1
1,	83687631
2,	144447644
3,	205207657
4,	288895287

* Reading other elements of the index from files fastp/ref_genome
* Index prefix: fastp/ref_genome
* Read 0 ALT contigs
* Done reading Index!!
* Reading reference genome..
* Binary seq file = fastp/ref_genome.0123
* Reference genome size: 288895286 bp
* Done reading reference genome !!

------------------------------------------
1. Memory pre-allocation for Chaining: 139.3584 MB
2. Memory pre-allocation for BSW: 239.6170 MB
3. Memory pre-allocation for BWT: 77.3142 MB
------------------------------------------
* Threads used (compute): 1
* No. of pipeline threads: 2

[0000] read_chunk: 10000000, work_chunk_size: 1152960, nseq: 7636
	[0000][ M::kt_pipeline] read 7636 sequences (1152960 bp)...
[0000] Calling mem_process_seqs.., task: 0
[0000] 1. Calling kt_for - worker_bwt
[0000] read_chunk: 10000000, work_chunk_size: 0, nseq: 0
[0000] 2. Calling kt_for - worker_aln
[0000] Inferring insert size distribution of PE reads from data, l_pac: 144447643, n: 7636
[0000][PE] # candidate unique pairs for (FF, FR, RF, RR): (0, 202, 0, 0)
[0000][PE] skip orientation FF as there are not enough pairs
[0000][PE] analyzing insert size distribution for orientation FR...
[0000][PE] (25, 50, 75) percentile: (334, 422, 495)
[0000][PE] low and high boundaries for computing mean and std.dev: (12, 817)
[0000][PE] mean and std.dev: (412.45, 119.41)
[0000][PE] low and high boundaries for proper pairs: (1, 978)
[0000][PE] skip orientation RF as there are not enough pairs
[0000][PE] skip orientation RR as there are not enough pairs
[0000] 3. Calling kt_for - worker_sam
	[0000][ M::mem_process_seqs] Processed 7636 reads in 2.019 CPU sec, 2.073 real sec
[0000] read_chunk: 10000000, work_chunk_size: 0, nseq: 0
[0000] Computation ends..
No. of OMP threads: 1
Processor is running @2645.210787 MHz
Runtime profile:

	Time taken for main_mem function: 2.76 sec

	IO times (sec) :
	Reading IO time (reads) avg: 0.01, (0.01, 0.01)
	Writing IO time (SAM) avg: 0.14, (0.14, 0.14)
	Reading IO time (Reference Genome) avg: 0.17, (0.17, 0.17)
	Index read time avg: 0.29, (0.29, 0.29)

	Overall time (sec) (Excluding Index reading time):
	PROCESS() (Total compute time + (read + SAM) IO time) : 2.23
	MEM_PROCESS_SEQ() (Total compute time (Kernel + SAM)), avg: 2.07, (2.07, 2.07)

	 SAM Processing time (sec):
	--WORKER_SAM avg: 0.87, (0.87, 0.87)

	Kernels' compute time (sec):
	Total kernel (smem+sal+bsw) time avg: 1.21, (1.21, 1.21)
		SMEM compute avg: 0.28, (0.28, 0.28)
		SAL compute avg: 0.14, (0.14, 0.14)
				MEM_SA avg: 0.08, (0.08, 0.08)

		BSW time, avg: 0.76, (0.76, 0.76)

Important parameter settings: 
	BATCH_SIZE: 512
	MAX_SEQ_LEN_REF: 256
	MAX_SEQ_LEN_QER: 128
	MAX_SEQ_LEN8: 128
	SEEDS_PER_READ: 500
	SIMD_WIDTH8 X: 32
	SIMD_WIDTH16 X: 16
	AVG_SEEDS_PER_READ: 64
## filter-stats: kept 831; removed 6960
[gypsy5] final BAM reads: 831
=== [gypsy5] done ===
=== [Tc3] starting in candidate_regions_data/JUT-008_MUN-009/Tc3.fgr1 ===
[Tc3] contig count: 1  (Tc3)
[Tc3] hits.bam reads: 6513
[Tc3] qname count:  3502
[Tc3] pair.bam reads: 7272
[M::bam2fq_mainloop] discarded 0 singletons
[M::bam2fq_mainloop] processed 7004 reads
[Tc3] FASTQ1 lines: 14008
[Tc3] FASTQ2 lines: 14008
Looking to launch executable "/work/users/a/d/adaigle/.conda/envs/TEforest/bin/bwa-mem2.avx2", simd = .avx2
Launching executable "/work/users/a/d/adaigle/.conda/envs/TEforest/bin/bwa-mem2.avx2"
-----------------------------
Executing in AVX2 mode!!
-----------------------------
* SA compression enabled with xfactor: 8
* Ref file: fastp/ref_genome
* Entering FMI_search
* Index file found. Loading index from fastp/ref_genome.bwt.2bit.64
* Reference seq len for bi-index = 288895287
* sentinel-index: 149660069
* Count:
0,	1
1,	83687631
2,	144447644
3,	205207657
4,	288895287

* Reading other elements of the index from files fastp/ref_genome
* Index prefix: fastp/ref_genome
* Read 0 ALT contigs
* Done reading Index!!
* Reading reference genome..
* Binary seq file = fastp/ref_genome.0123
* Reference genome size: 288895286 bp
* Done reading reference genome !!

------------------------------------------
1. Memory pre-allocation for Chaining: 139.3584 MB
2. Memory pre-allocation for BSW: 239.6170 MB
3. Memory pre-allocation for BWT: 77.3142 MB
------------------------------------------
* Threads used (compute): 1
* No. of pipeline threads: 2

[0000] read_chunk: 10000000, work_chunk_size: 1056734, nseq: 7004
	[0000][ M::kt_pipeline] read 7004 sequences (1056734 bp)...
[0000] read_chunk: 10000000, work_chunk_size: 0, nseq: 0
[0000] Calling mem_process_seqs.., task: 0
[0000] 1. Calling kt_for - worker_bwt
[0000] 2. Calling kt_for - worker_aln
[0000] Inferring insert size distribution of PE reads from data, l_pac: 144447643, n: 7004
[0000][PE] # candidate unique pairs for (FF, FR, RF, RR): (0, 1568, 0, 0)
[0000][PE] skip orientation FF as there are not enough pairs
[0000][PE] analyzing insert size distribution for orientation FR...
[0000][PE] (25, 50, 75) percentile: (380, 444, 532)
[0000][PE] low and high boundaries for computing mean and std.dev: (76, 836)
[0000][PE] mean and std.dev: (455.95, 117.51)
[0000][PE] low and high boundaries for proper pairs: (1, 988)
[0000][PE] skip orientation RF as there are not enough pairs
[0000][PE] skip orientation RR as there are not enough pairs
[0000] 3. Calling kt_for - worker_sam
	[0000][ M::mem_process_seqs] Processed 7004 reads in 1.415 CPU sec, 1.502 real sec
[0000] read_chunk: 10000000, work_chunk_size: 0, nseq: 0
[0000] Computation ends..
No. of OMP threads: 1
Processor is running @2645.210284 MHz
Runtime profile:

	Time taken for main_mem function: 2.19 sec

	IO times (sec) :
	Reading IO time (reads) avg: 0.01, (0.01, 0.01)
	Writing IO time (SAM) avg: 0.14, (0.14, 0.14)
	Reading IO time (Reference Genome) avg: 0.17, (0.17, 0.17)
	Index read time avg: 0.30, (0.30, 0.30)

	Overall time (sec) (Excluding Index reading time):
	PROCESS() (Total compute time + (read + SAM) IO time) : 1.65
	MEM_PROCESS_SEQ() (Total compute time (Kernel + SAM)), avg: 1.50, (1.50, 1.50)

	 SAM Processing time (sec):
	--WORKER_SAM avg: 0.65, (0.65, 0.65)

	Kernels' compute time (sec):
	Total kernel (smem+sal+bsw) time avg: 0.85, (0.85, 0.85)
		SMEM compute avg: 0.30, (0.30, 0.30)
		SAL compute avg: 0.10, (0.10, 0.10)
				MEM_SA avg: 0.05, (0.05, 0.05)

		BSW time, avg: 0.42, (0.42, 0.42)

Important parameter settings: 
	BATCH_SIZE: 512
	MAX_SEQ_LEN_REF: 256
	MAX_SEQ_LEN_QER: 128
	MAX_SEQ_LEN8: 128
	SEEDS_PER_READ: 500
	SIMD_WIDTH8 X: 32
	SIMD_WIDTH16 X: 16
	AVG_SEEDS_PER_READ: 64
## filter-stats: kept 751; removed 6352
[Tc3] final BAM reads: 751
=== [Tc3] done ===
=== [Burdock] starting in candidate_regions_data/JUT-008_MUN-009/Burdock.H68U ===
[Burdock] contig count: 1  (Burdock)
[Burdock] hits.bam reads: 13900
[Burdock] qname count:  6931
[Burdock] pair.bam reads: 14186
[M::bam2fq_mainloop] discarded 0 singletons
[M::bam2fq_mainloop] processed 13862 reads
[Burdock] FASTQ1 lines: 27724
[Burdock] FASTQ2 lines: 27724
Looking to launch executable "/work/users/a/d/adaigle/.conda/envs/TEforest/bin/bwa-mem2.avx2", simd = .avx2
Launching executable "/work/users/a/d/adaigle/.conda/envs/TEforest/bin/bwa-mem2.avx2"
-----------------------------
Executing in AVX2 mode!!
-----------------------------
* SA compression enabled with xfactor: 8
* Ref file: fastp/ref_genome
* Entering FMI_search
* Index file found. Loading index from fastp/ref_genome.bwt.2bit.64
* Reference seq len for bi-index = 288895287
* sentinel-index: 149660069
* Count:
0,	1
1,	83687631
2,	144447644
3,	205207657
4,	288895287

* Reading other elements of the index from files fastp/ref_genome
* Index prefix: fastp/ref_genome
* Read 0 ALT contigs
* Done reading Index!!
* Reading reference genome..
* Binary seq file = fastp/ref_genome.0123
* Reference genome size: 288895286 bp
* Done reading reference genome !!

------------------------------------------
1. Memory pre-allocation for Chaining: 139.3584 MB
2. Memory pre-allocation for BSW: 239.6170 MB
3. Memory pre-allocation for BWT: 77.3142 MB
------------------------------------------
* Threads used (compute): 1
* No. of pipeline threads: 2

[0000] read_chunk: 10000000, work_chunk_size: 2093094, nseq: 13862
	[0000][ M::kt_pipeline] read 13862 sequences (2093094 bp)...
[0000] Calling mem_process_seqs.., task: 0
[0000] 1. Calling kt_for - worker_bwt
[0000] read_chunk: 10000000, work_chunk_size: 0, nseq: 0
[0000] 2. Calling kt_for - worker_aln
[0000] Inferring insert size distribution of PE reads from data, l_pac: 144447643, n: 13862
[0000][PE] # candidate unique pairs for (FF, FR, RF, RR): (0, 471, 0, 0)
[0000][PE] skip orientation FF as there are not enough pairs
[0000][PE] analyzing insert size distribution for orientation FR...
[0000][PE] (25, 50, 75) percentile: (350, 414, 508)
[0000][PE] low and high boundaries for computing mean and std.dev: (34, 824)
[0000][PE] mean and std.dev: (424.76, 115.55)
[0000][PE] low and high boundaries for proper pairs: (1, 982)
[0000][PE] skip orientation RF as there are not enough pairs
[0000][PE] skip orientation RR as there are not enough pairs
[0000] 3. Calling kt_for - worker_sam
	[0000][ M::mem_process_seqs] Processed 13862 reads in 4.996 CPU sec, 5.038 real sec
[0000] read_chunk: 10000000, work_chunk_size: 0, nseq: 0
[0000] Computation ends..
No. of OMP threads: 1
Processor is running @2645.218446 MHz
Runtime profile:

	Time taken for main_mem function: 5.92 sec

	IO times (sec) :
	Reading IO time (reads) avg: 0.03, (0.03, 0.03)
	Writing IO time (SAM) avg: 0.25, (0.25, 0.25)
	Reading IO time (Reference Genome) avg: 0.17, (0.17, 0.17)
	Index read time avg: 0.32, (0.32, 0.32)

	Overall time (sec) (Excluding Index reading time):
	PROCESS() (Total compute time + (read + SAM) IO time) : 5.34
	MEM_PROCESS_SEQ() (Total compute time (Kernel + SAM)), avg: 5.04, (5.04, 5.04)

	 SAM Processing time (sec):
	--WORKER_SAM avg: 1.91, (1.91, 1.91)

	Kernels' compute time (sec):
	Total kernel (smem+sal+bsw) time avg: 3.13, (3.13, 3.13)
		SMEM compute avg: 0.42, (0.42, 0.42)
		SAL compute avg: 0.31, (0.31, 0.31)
				MEM_SA avg: 0.16, (0.16, 0.16)

		BSW time, avg: 2.35, (2.35, 2.35)

Important parameter settings: 
	BATCH_SIZE: 512
	MAX_SEQ_LEN_REF: 256
	MAX_SEQ_LEN_QER: 128
	MAX_SEQ_LEN8: 128
	SEEDS_PER_READ: 500
	SIMD_WIDTH8 X: 32
	SIMD_WIDTH16 X: 16
	AVG_SEEDS_PER_READ: 64
## filter-stats: kept 2555; removed 11772
[Burdock] final BAM reads: 2555
=== [Burdock] done ===
=== [NOF] starting in candidate_regions_data/JUT-008_MUN-009/NOF.N5Jq ===
[NOF] contig count: 1  (NOF)
[NOF] hits.bam reads: 12772
[NOF] qname count:  6710
[NOF] pair.bam reads: 13966
[M::bam2fq_mainloop] discarded 0 singletons
[M::bam2fq_mainloop] processed 13420 reads
[NOF] FASTQ1 lines: 26840
[NOF] FASTQ2 lines: 26840
Looking to launch executable "/work/users/a/d/adaigle/.conda/envs/TEforest/bin/bwa-mem2.avx2", simd = .avx2
Launching executable "/work/users/a/d/adaigle/.conda/envs/TEforest/bin/bwa-mem2.avx2"
-----------------------------
Executing in AVX2 mode!!
-----------------------------
* SA compression enabled with xfactor: 8
* Ref file: fastp/ref_genome
* Entering FMI_search
* Index file found. Loading index from fastp/ref_genome.bwt.2bit.64
* Reference seq len for bi-index = 288895287
* sentinel-index: 149660069
* Count:
0,	1
1,	83687631
2,	144447644
3,	205207657
4,	288895287

* Reading other elements of the index from files fastp/ref_genome
* Index prefix: fastp/ref_genome
* Read 0 ALT contigs
* Done reading Index!!
* Reading reference genome..
* Binary seq file = fastp/ref_genome.0123
* Reference genome size: 288895286 bp
* Done reading reference genome !!

------------------------------------------
1. Memory pre-allocation for Chaining: 139.3584 MB
2. Memory pre-allocation for BSW: 239.6170 MB
3. Memory pre-allocation for BWT: 77.3142 MB
------------------------------------------
* Threads used (compute): 1
* No. of pipeline threads: 2

[0000] read_chunk: 10000000, work_chunk_size: 1989894, nseq: 13420
	[0000][ M::kt_pipeline] read 13420 sequences (1989894 bp)...
[0000] Calling mem_process_seqs.., task: 0
[0000] read_chunk: 10000000, work_chunk_size: 0, nseq: 0
[0000] 1. Calling kt_for - worker_bwt
[0000] 2. Calling kt_for - worker_aln
[0000] Inferring insert size distribution of PE reads from data, l_pac: 144447643, n: 13420
[0000][PE] # candidate unique pairs for (FF, FR, RF, RR): (3, 1343, 0, 4)
[0000][PE] skip orientation FF as there are not enough pairs
[0000][PE] analyzing insert size distribution for orientation FR...
[0000][PE] (25, 50, 75) percentile: (372, 437, 512)
[0000][PE] low and high boundaries for computing mean and std.dev: (92, 792)
[0000][PE] mean and std.dev: (445.00, 105.38)
[0000][PE] low and high boundaries for proper pairs: (1, 932)
[0000][PE] skip orientation RF as there are not enough pairs
[0000][PE] skip orientation RR as there are not enough pairs
[0000] 3. Calling kt_for - worker_sam
	[0000][ M::mem_process_seqs] Processed 13420 reads in 7.450 CPU sec, 7.572 real sec
[0000] read_chunk: 10000000, work_chunk_size: 0, nseq: 0
[0000] Computation ends..
No. of OMP threads: 1
Processor is running @2645.206521 MHz
Runtime profile:

	Time taken for main_mem function: 8.50 sec

	IO times (sec) :
	Reading IO time (reads) avg: 0.03, (0.03, 0.03)
	Writing IO time (SAM) avg: 0.28, (0.28, 0.28)
	Reading IO time (Reference Genome) avg: 0.17, (0.17, 0.17)
	Index read time avg: 0.32, (0.32, 0.32)

	Overall time (sec) (Excluding Index reading time):
	PROCESS() (Total compute time + (read + SAM) IO time) : 7.93
	MEM_PROCESS_SEQ() (Total compute time (Kernel + SAM)), avg: 7.59, (7.59, 7.59)

	 SAM Processing time (sec):
	--WORKER_SAM avg: 4.50, (4.50, 4.50)

	Kernels' compute time (sec):
	Total kernel (smem+sal+bsw) time avg: 3.07, (3.07, 3.07)
		SMEM compute avg: 0.50, (0.50, 0.50)
		SAL compute avg: 0.35, (0.35, 0.35)
				MEM_SA avg: 0.13, (0.13, 0.13)

		BSW time, avg: 2.01, (2.01, 2.01)

Important parameter settings: 
	BATCH_SIZE: 512
	MAX_SEQ_LEN_REF: 256
	MAX_SEQ_LEN_QER: 128
	MAX_SEQ_LEN8: 128
	SEEDS_PER_READ: 500
	SIMD_WIDTH8 X: 32
	SIMD_WIDTH16 X: 16
	AVG_SEEDS_PER_READ: 64
## filter-stats: kept 3818; removed 10150
[NOF] final BAM reads: 3818
=== [NOF] done ===
=== [gypsy1] starting in candidate_regions_data/JUT-008_MUN-009/gypsy1.be3z ===
[gypsy1] contig count: 1  (gypsy1)
[gypsy1] hits.bam reads: 16726
[gypsy1] qname count:  8765
[gypsy1] pair.bam reads: 18202
[M::bam2fq_mainloop] discarded 0 singletons
[M::bam2fq_mainloop] processed 17530 reads
[gypsy1] FASTQ1 lines: 35060
[gypsy1] FASTQ2 lines: 35060
Looking to launch executable "/work/users/a/d/adaigle/.conda/envs/TEforest/bin/bwa-mem2.avx2", simd = .avx2
Launching executable "/work/users/a/d/adaigle/.conda/envs/TEforest/bin/bwa-mem2.avx2"
-----------------------------
Executing in AVX2 mode!!
-----------------------------
* SA compression enabled with xfactor: 8
* Ref file: fastp/ref_genome
* Entering FMI_search
* Index file found. Loading index from fastp/ref_genome.bwt.2bit.64
* Reference seq len for bi-index = 288895287
* sentinel-index: 149660069
* Count:
0,	1
1,	83687631
2,	144447644
3,	205207657
4,	288895287

* Reading other elements of the index from files fastp/ref_genome
* Index prefix: fastp/ref_genome
* Read 0 ALT contigs
* Done reading Index!!
* Reading reference genome..
* Binary seq file = fastp/ref_genome.0123
* Reference genome size: 288895286 bp
* Done reading reference genome !!

------------------------------------------
1. Memory pre-allocation for Chaining: 139.3584 MB
2. Memory pre-allocation for BSW: 239.6170 MB
3. Memory pre-allocation for BWT: 77.3142 MB
------------------------------------------
* Threads used (compute): 1
* No. of pipeline threads: 2

[0000] read_chunk: 10000000, work_chunk_size: 2645838, nseq: 17530
	[0000][ M::kt_pipeline] read 17530 sequences (2645838 bp)...
[0000] read_chunk: 10000000, work_chunk_size: 0, nseq: 0
[0000] Calling mem_process_seqs.., task: 0
[0000] 1. Calling kt_for - worker_bwt
[0000] 2. Calling kt_for - worker_aln
[0000] Inferring insert size distribution of PE reads from data, l_pac: 144447643, n: 17530
[0000][PE] # candidate unique pairs for (FF, FR, RF, RR): (0, 1116, 0, 0)
[0000][PE] skip orientation FF as there are not enough pairs
[0000][PE] analyzing insert size distribution for orientation FR...
[0000][PE] (25, 50, 75) percentile: (383, 451, 529)
[0000][PE] low and high boundaries for computing mean and std.dev: (91, 821)
[0000][PE] mean and std.dev: (456.97, 113.68)
[0000][PE] low and high boundaries for proper pairs: (1, 967)
[0000][PE] skip orientation RF as there are not enough pairs
[0000][PE] skip orientation RR as there are not enough pairs
[0000] 3. Calling kt_for - worker_sam
	[0000][ M::mem_process_seqs] Processed 17530 reads in 4.850 CPU sec, 4.909 real sec
[0000] read_chunk: 10000000, work_chunk_size: 0, nseq: 0
[0000] Computation ends..
No. of OMP threads: 1
Processor is running @2645.208111 MHz
Runtime profile:

	Time taken for main_mem function: 5.83 sec

	IO times (sec) :
	Reading IO time (reads) avg: 0.02, (0.02, 0.02)
	Writing IO time (SAM) avg: 0.33, (0.33, 0.33)
	Reading IO time (Reference Genome) avg: 0.17, (0.17, 0.17)
	Index read time avg: 0.30, (0.30, 0.30)

	Overall time (sec) (Excluding Index reading time):
	PROCESS() (Total compute time + (read + SAM) IO time) : 5.28
	MEM_PROCESS_SEQ() (Total compute time (Kernel + SAM)), avg: 4.91, (4.91, 4.91)

	 SAM Processing time (sec):
	--WORKER_SAM avg: 1.29, (1.29, 1.29)

	Kernels' compute time (sec):
	Total kernel (smem+sal+bsw) time avg: 3.62, (3.62, 3.62)
		SMEM compute avg: 0.63, (0.63, 0.63)
		SAL compute avg: 0.42, (0.42, 0.42)
				MEM_SA avg: 0.23, (0.23, 0.23)

		BSW time, avg: 2.49, (2.49, 2.49)

Important parameter settings: 
	BATCH_SIZE: 512
	MAX_SEQ_LEN_REF: 256
	MAX_SEQ_LEN_QER: 128
	MAX_SEQ_LEN8: 128
	SEEDS_PER_READ: 500
	SIMD_WIDTH8 X: 32
	SIMD_WIDTH16 X: 16
	AVG_SEEDS_PER_READ: 64
## filter-stats: kept 2526; removed 15382
[gypsy1] final BAM reads: 2526
=== [gypsy1] done ===
=== [Stalker2] starting in candidate_regions_data/JUT-008_MUN-009/Stalker2.KmWj ===
[Stalker2] contig count: 1  (Stalker2)
[Stalker2] hits.bam reads: 11545
[Stalker2] qname count:  6537
[Stalker2] pair.bam reads: 13869
[M::bam2fq_mainloop] discarded 0 singletons
[M::bam2fq_mainloop] processed 13074 reads
[Stalker2] FASTQ1 lines: 26148
[Stalker2] FASTQ2 lines: 26148
Looking to launch executable "/work/users/a/d/adaigle/.conda/envs/TEforest/bin/bwa-mem2.avx2", simd = .avx2
Launching executable "/work/users/a/d/adaigle/.conda/envs/TEforest/bin/bwa-mem2.avx2"
-----------------------------
Executing in AVX2 mode!!
-----------------------------
* SA compression enabled with xfactor: 8
* Ref file: fastp/ref_genome
* Entering FMI_search
* Index file found. Loading index from fastp/ref_genome.bwt.2bit.64
* Reference seq len for bi-index = 288895287
* sentinel-index: 149660069
* Count:
0,	1
1,	83687631
2,	144447644
3,	205207657
4,	288895287

* Reading other elements of the index from files fastp/ref_genome
* Index prefix: fastp/ref_genome
* Read 0 ALT contigs
* Done reading Index!!
* Reading reference genome..
* Binary seq file = fastp/ref_genome.0123
* Reference genome size: 288895286 bp
* Done reading reference genome !!

------------------------------------------
1. Memory pre-allocation for Chaining: 139.3584 MB
2. Memory pre-allocation for BSW: 239.6170 MB
3. Memory pre-allocation for BWT: 77.3142 MB
------------------------------------------
* Threads used (compute): 1
* No. of pipeline threads: 2

[0000] read_chunk: 10000000, work_chunk_size: 1973646, nseq: 13074
	[0000][ M::kt_pipeline] read 13074 sequences (1973646 bp)...
[0000] Calling mem_process_seqs.., task: 0
[0000] 1. Calling kt_for - worker_bwt
[0000] read_chunk: 10000000, work_chunk_size: 0, nseq: 0
[0000] 2. Calling kt_for - worker_aln
[0000] Inferring insert size distribution of PE reads from data, l_pac: 144447643, n: 13074
[0000][PE] # candidate unique pairs for (FF, FR, RF, RR): (0, 735, 0, 0)
[0000][PE] skip orientation FF as there are not enough pairs
[0000][PE] analyzing insert size distribution for orientation FR...
[0000][PE] (25, 50, 75) percentile: (354, 428, 524)
[0000][PE] low and high boundaries for computing mean and std.dev: (14, 864)
[0000][PE] mean and std.dev: (434.76, 125.68)
[0000][PE] low and high boundaries for proper pairs: (1, 1034)
[0000][PE] skip orientation RF as there are not enough pairs
[0000][PE] skip orientation RR as there are not enough pairs
[0000] 3. Calling kt_for - worker_sam
	[0000][ M::mem_process_seqs] Processed 13074 reads in 5.077 CPU sec, 5.186 real sec
[0000] read_chunk: 10000000, work_chunk_size: 0, nseq: 0
[0000] Computation ends..
No. of OMP threads: 1
Processor is running @2645.220804 MHz
Runtime profile:

	Time taken for main_mem function: 6.00 sec

	IO times (sec) :
	Reading IO time (reads) avg: 0.02, (0.02, 0.02)
	Writing IO time (SAM) avg: 0.26, (0.26, 0.26)
	Reading IO time (Reference Genome) avg: 0.17, (0.17, 0.17)
	Index read time avg: 0.30, (0.30, 0.30)

	Overall time (sec) (Excluding Index reading time):
	PROCESS() (Total compute time + (read + SAM) IO time) : 5.47
	MEM_PROCESS_SEQ() (Total compute time (Kernel + SAM)), avg: 5.19, (5.19, 5.19)

	 SAM Processing time (sec):
	--WORKER_SAM avg: 2.10, (2.10, 2.10)

	Kernels' compute time (sec):
	Total kernel (smem+sal+bsw) time avg: 3.08, (3.08, 3.08)
		SMEM compute avg: 0.58, (0.58, 0.58)
		SAL compute avg: 0.33, (0.33, 0.33)
				MEM_SA avg: 0.18, (0.18, 0.18)

		BSW time, avg: 2.09, (2.09, 2.09)

Important parameter settings: 
	BATCH_SIZE: 512
	MAX_SEQ_LEN_REF: 256
	MAX_SEQ_LEN_QER: 128
	MAX_SEQ_LEN8: 128
	SEEDS_PER_READ: 500
	SIMD_WIDTH8 X: 32
	SIMD_WIDTH16 X: 16
	AVG_SEEDS_PER_READ: 64
## filter-stats: kept 2642; removed 10876
[Stalker2] final BAM reads: 2642
=== [Stalker2] done ===
=== [Ivk] starting in candidate_regions_data/JUT-008_MUN-009/Ivk.6cQJ ===
[Ivk] contig count: 1  (Ivk)
[Ivk] hits.bam reads: 18845
[Ivk] qname count:  9596
[Ivk] pair.bam reads: 19749
[M::bam2fq_mainloop] discarded 0 singletons
[M::bam2fq_mainloop] processed 19192 reads
[Ivk] FASTQ1 lines: 38384
[Ivk] FASTQ2 lines: 38384
Looking to launch executable "/work/users/a/d/adaigle/.conda/envs/TEforest/bin/bwa-mem2.avx2", simd = .avx2
Launching executable "/work/users/a/d/adaigle/.conda/envs/TEforest/bin/bwa-mem2.avx2"
-----------------------------
Executing in AVX2 mode!!
-----------------------------
* SA compression enabled with xfactor: 8
* Ref file: fastp/ref_genome
* Entering FMI_search
* Index file found. Loading index from fastp/ref_genome.bwt.2bit.64
* Reference seq len for bi-index = 288895287
* sentinel-index: 149660069
* Count:
0,	1
1,	83687631
2,	144447644
3,	205207657
4,	288895287

* Reading other elements of the index from files fastp/ref_genome
* Index prefix: fastp/ref_genome
* Read 0 ALT contigs
* Done reading Index!!
* Reading reference genome..
* Binary seq file = fastp/ref_genome.0123
* Reference genome size: 288895286 bp
* Done reading reference genome !!

------------------------------------------
1. Memory pre-allocation for Chaining: 139.3584 MB
2. Memory pre-allocation for BSW: 239.6170 MB
3. Memory pre-allocation for BWT: 77.3142 MB
------------------------------------------
* Threads used (compute): 1
* No. of pipeline threads: 2

[0000] read_chunk: 10000000, work_chunk_size: 2897504, nseq: 19192
	[0000][ M::kt_pipeline] read 19192 sequences (2897504 bp)...
[0000] Calling mem_process_seqs.., task: 0
[0000] 1. Calling kt_for - worker_bwt
[0000] read_chunk: 10000000, work_chunk_size: 0, nseq: 0
[0000] 2. Calling kt_for - worker_aln
[0000] Inferring insert size distribution of PE reads from data, l_pac: 144447643, n: 19192
[0000][PE] # candidate unique pairs for (FF, FR, RF, RR): (0, 2010, 0, 0)
[0000][PE] skip orientation FF as there are not enough pairs
[0000][PE] analyzing insert size distribution for orientation FR...
[0000][PE] (25, 50, 75) percentile: (383, 454, 534)
[0000][PE] low and high boundaries for computing mean and std.dev: (81, 836)
[0000][PE] mean and std.dev: (461.26, 116.19)
[0000][PE] low and high boundaries for proper pairs: (1, 987)
[0000][PE] skip orientation RF as there are not enough pairs
[0000][PE] skip orientation RR as there are not enough pairs
[0000] 3. Calling kt_for - worker_sam
	[0000][ M::mem_process_seqs] Processed 19192 reads in 5.795 CPU sec, 5.850 real sec
[0000] read_chunk: 10000000, work_chunk_size: 0, nseq: 0
[0000] Computation ends..
No. of OMP threads: 1
Processor is running @2645.194516 MHz
Runtime profile:

	Time taken for main_mem function: 6.43 sec

	IO times (sec) :
	Reading IO time (reads) avg: 0.03, (0.03, 0.03)
	Writing IO time (SAM) avg: 0.38, (0.38, 0.38)
	Reading IO time (Reference Genome) avg: 0.05, (0.05, 0.05)
	Index read time avg: 0.09, (0.09, 0.09)

	Overall time (sec) (Excluding Index reading time):
	PROCESS() (Total compute time + (read + SAM) IO time) : 6.26
	MEM_PROCESS_SEQ() (Total compute time (Kernel + SAM)), avg: 5.85, (5.85, 5.85)

	 SAM Processing time (sec):
	--WORKER_SAM avg: 1.47, (1.47, 1.47)

	Kernels' compute time (sec):
	Total kernel (smem+sal+bsw) time avg: 4.38, (4.38, 4.38)
		SMEM compute avg: 0.73, (0.73, 0.73)
		SAL compute avg: 0.51, (0.51, 0.51)
				MEM_SA avg: 0.27, (0.27, 0.27)

		BSW time, avg: 3.02, (3.02, 3.02)

Important parameter settings: 
	BATCH_SIZE: 512
	MAX_SEQ_LEN_REF: 256
	MAX_SEQ_LEN_QER: 128
	MAX_SEQ_LEN8: 128
	SEEDS_PER_READ: 500
	SIMD_WIDTH8 X: 32
	SIMD_WIDTH16 X: 16
	AVG_SEEDS_PER_READ: 64
## filter-stats: kept 2715; removed 16902
[Ivk] final BAM reads: 2715
=== [Ivk] done ===
=== [S_element] starting in candidate_regions_data/JUT-008_MUN-009/S_element.jtNw ===
[S_element] contig count: 1  (S_element)
[S_element] hits.bam reads: 20320
[S_element] qname count:  10997
[S_element] pair.bam reads: 23231
[M::bam2fq_mainloop] discarded 0 singletons
[M::bam2fq_mainloop] processed 21994 reads
[S_element] FASTQ1 lines: 43988
[S_element] FASTQ2 lines: 43988
Looking to launch executable "/work/users/a/d/adaigle/.conda/envs/TEforest/bin/bwa-mem2.avx2", simd = .avx2
Launching executable "/work/users/a/d/adaigle/.conda/envs/TEforest/bin/bwa-mem2.avx2"
-----------------------------
Executing in AVX2 mode!!
-----------------------------
* SA compression enabled with xfactor: 8
* Ref file: fastp/ref_genome
* Entering FMI_search
* Index file found. Loading index from fastp/ref_genome.bwt.2bit.64
* Reference seq len for bi-index = 288895287
* sentinel-index: 149660069
* Count:
0,	1
1,	83687631
2,	144447644
3,	205207657
4,	288895287

* Reading other elements of the index from files fastp/ref_genome
* Index prefix: fastp/ref_genome
* Read 0 ALT contigs
* Done reading Index!!
* Reading reference genome..
* Binary seq file = fastp/ref_genome.0123
* Reference genome size: 288895286 bp
* Done reading reference genome !!

------------------------------------------
1. Memory pre-allocation for Chaining: 139.3584 MB
2. Memory pre-allocation for BSW: 239.6170 MB
3. Memory pre-allocation for BWT: 77.3142 MB
------------------------------------------
* Threads used (compute): 1
* No. of pipeline threads: 2

[0000] read_chunk: 10000000, work_chunk_size: 3320450, nseq: 21994
	[0000][ M::kt_pipeline] read 21994 sequences (3320450 bp)...
[0000] Calling mem_process_seqs.., task: 0
[0000] 1. Calling kt_for - worker_bwt
[0000] read_chunk: 10000000, work_chunk_size: 0, nseq: 0
[0000] 2. Calling kt_for - worker_aln
[0000] Inferring insert size distribution of PE reads from data, l_pac: 144447643, n: 21994
[0000][PE] # candidate unique pairs for (FF, FR, RF, RR): (1, 3146, 2, 1)
[0000][PE] skip orientation FF as there are not enough pairs
[0000][PE] analyzing insert size distribution for orientation FR...
[0000][PE] (25, 50, 75) percentile: (383, 448, 526)
[0000][PE] low and high boundaries for computing mean and std.dev: (97, 812)
[0000][PE] mean and std.dev: (456.68, 111.48)
[0000][PE] low and high boundaries for proper pairs: (1, 955)
[0000][PE] skip orientation RF as there are not enough pairs
[0000][PE] skip orientation RR as there are not enough pairs
[0000] 3. Calling kt_for - worker_sam
	[0000][ M::mem_process_seqs] Processed 21994 reads in 8.423 CPU sec, 8.498 real sec
[0000] read_chunk: 10000000, work_chunk_size: 0, nseq: 0
[0000] Computation ends..
No. of OMP threads: 1
Processor is running @2645.208350 MHz
Runtime profile:

	Time taken for main_mem function: 9.48 sec

	IO times (sec) :
	Reading IO time (reads) avg: 0.03, (0.03, 0.03)
	Writing IO time (SAM) avg: 0.43, (0.43, 0.43)
	Reading IO time (Reference Genome) avg: 0.17, (0.17, 0.17)
	Index read time avg: 0.29, (0.29, 0.29)

	Overall time (sec) (Excluding Index reading time):
	PROCESS() (Total compute time + (read + SAM) IO time) : 8.96
	MEM_PROCESS_SEQ() (Total compute time (Kernel + SAM)), avg: 8.50, (8.50, 8.50)

	 SAM Processing time (sec):
	--WORKER_SAM avg: 5.02, (5.02, 5.02)

	Kernels' compute time (sec):
	Total kernel (smem+sal+bsw) time avg: 3.48, (3.48, 3.48)
		SMEM compute avg: 1.01, (1.01, 1.01)
		SAL compute avg: 0.41, (0.41, 0.41)
				MEM_SA avg: 0.20, (0.20, 0.20)

		BSW time, avg: 1.95, (1.95, 1.95)

Important parameter settings: 
	BATCH_SIZE: 512
	MAX_SEQ_LEN_REF: 256
	MAX_SEQ_LEN_QER: 128
	MAX_SEQ_LEN8: 128
	SEEDS_PER_READ: 500
	SIMD_WIDTH8 X: 32
	SIMD_WIDTH16 X: 16
	AVG_SEEDS_PER_READ: 64
## filter-stats: kept 3610; removed 18889
[S_element] final BAM reads: 3610
=== [S_element] done ===
=== [HMS_Beagle] starting in candidate_regions_data/JUT-008_MUN-009/HMS_Beagle.1r9X ===
[HMS_Beagle] contig count: 1  (HMS_Beagle)
[HMS_Beagle] hits.bam reads: 26735
[HMS_Beagle] qname count:  14082
[HMS_Beagle] pair.bam reads: 29114
[M::bam2fq_mainloop] discarded 0 singletons
[M::bam2fq_mainloop] processed 28164 reads
[HMS_Beagle] FASTQ1 lines: 56328
[HMS_Beagle] FASTQ2 lines: 56328
Looking to launch executable "/work/users/a/d/adaigle/.conda/envs/TEforest/bin/bwa-mem2.avx2", simd = .avx2
Launching executable "/work/users/a/d/adaigle/.conda/envs/TEforest/bin/bwa-mem2.avx2"
-----------------------------
Executing in AVX2 mode!!
-----------------------------
* SA compression enabled with xfactor: 8
* Ref file: fastp/ref_genome
* Entering FMI_search
* Index file found. Loading index from fastp/ref_genome.bwt.2bit.64
* Reference seq len for bi-index = 288895287
* sentinel-index: 149660069
* Count:
0,	1
1,	83687631
2,	144447644
3,	205207657
4,	288895287

* Reading other elements of the index from files fastp/ref_genome
* Index prefix: fastp/ref_genome
* Read 0 ALT contigs
* Done reading Index!!
* Reading reference genome..
* Binary seq file = fastp/ref_genome.0123
* Reference genome size: 288895286 bp
* Done reading reference genome !!

------------------------------------------
1. Memory pre-allocation for Chaining: 139.3584 MB
2. Memory pre-allocation for BSW: 239.6170 MB
3. Memory pre-allocation for BWT: 77.3142 MB
------------------------------------------
* Threads used (compute): 1
* No. of pipeline threads: 2

[0000] read_chunk: 10000000, work_chunk_size: 4251418, nseq: 28164
	[0000][ M::kt_pipeline] read 28164 sequences (4251418 bp)...
[0000] read_chunk: 10000000, work_chunk_size: 0, nseq: 0
[0000] Calling mem_process_seqs.., task: 0
[0000] 1. Calling kt_for - worker_bwt
[0000] 2. Calling kt_for - worker_aln
[0000] Inferring insert size distribution of PE reads from data, l_pac: 144447643, n: 28164
[0000][PE] # candidate unique pairs for (FF, FR, RF, RR): (0, 1734, 0, 0)
[0000][PE] skip orientation FF as there are not enough pairs
[0000][PE] analyzing insert size distribution for orientation FR...
[0000][PE] (25, 50, 75) percentile: (374, 446, 527)
[0000][PE] low and high boundaries for computing mean and std.dev: (68, 833)
[0000][PE] mean and std.dev: (446.36, 121.05)
[0000][PE] low and high boundaries for proper pairs: (1, 986)
[0000][PE] skip orientation RF as there are not enough pairs
[0000][PE] skip orientation RR as there are not enough pairs
[0000] 3. Calling kt_for - worker_sam
	[0000][ M::mem_process_seqs] Processed 28164 reads in 10.429 CPU sec, 10.580 real sec
[0000] read_chunk: 10000000, work_chunk_size: 0, nseq: 0
[0000] Computation ends..
No. of OMP threads: 1
Processor is running @2645.207290 MHz
Runtime profile:

	Time taken for main_mem function: 11.72 sec

	IO times (sec) :
	Reading IO time (reads) avg: 0.04, (0.04, 0.04)
	Writing IO time (SAM) avg: 0.55, (0.55, 0.55)
	Reading IO time (Reference Genome) avg: 0.16, (0.16, 0.16)
	Index read time avg: 0.31, (0.31, 0.31)

	Overall time (sec) (Excluding Index reading time):
	PROCESS() (Total compute time + (read + SAM) IO time) : 11.18
	MEM_PROCESS_SEQ() (Total compute time (Kernel + SAM)), avg: 10.58, (10.58, 10.58)

	 SAM Processing time (sec):
	--WORKER_SAM avg: 4.34, (4.34, 4.34)

	Kernels' compute time (sec):
	Total kernel (smem+sal+bsw) time avg: 6.23, (6.23, 6.23)
		SMEM compute avg: 1.05, (1.05, 1.05)
		SAL compute avg: 0.75, (0.75, 0.75)
				MEM_SA avg: 0.40, (0.40, 0.40)

		BSW time, avg: 4.23, (4.23, 4.23)

Important parameter settings: 
	BATCH_SIZE: 512
	MAX_SEQ_LEN_REF: 256
	MAX_SEQ_LEN_QER: 128
	MAX_SEQ_LEN8: 128
	SEEDS_PER_READ: 500
	SIMD_WIDTH8 X: 32
	SIMD_WIDTH16 X: 16
	AVG_SEEDS_PER_READ: 64
## filter-stats: kept 3792; removed 24988
[HMS_Beagle] final BAM reads: 3792
=== [HMS_Beagle] done ===
=== [Transpac] starting in candidate_regions_data/JUT-008_MUN-009/Transpac.rlMj ===
[Transpac] contig count: 1  (Transpac)
[Transpac] hits.bam reads: 17524
[Transpac] qname count:  8907
[Transpac] pair.bam reads: 18001
[M::bam2fq_mainloop] discarded 0 singletons
[M::bam2fq_mainloop] processed 17814 reads
[Transpac] FASTQ1 lines: 35628
[Transpac] FASTQ2 lines: 35628
Looking to launch executable "/work/users/a/d/adaigle/.conda/envs/TEforest/bin/bwa-mem2.avx2", simd = .avx2
Launching executable "/work/users/a/d/adaigle/.conda/envs/TEforest/bin/bwa-mem2.avx2"
-----------------------------
Executing in AVX2 mode!!
-----------------------------
* SA compression enabled with xfactor: 8
* Ref file: fastp/ref_genome
* Entering FMI_search
* Index file found. Loading index from fastp/ref_genome.bwt.2bit.64
* Reference seq len for bi-index = 288895287
* sentinel-index: 149660069
* Count:
0,	1
1,	83687631
2,	144447644
3,	205207657
4,	288895287

* Reading other elements of the index from files fastp/ref_genome
* Index prefix: fastp/ref_genome
* Read 0 ALT contigs
* Done reading Index!!
* Reading reference genome..
* Binary seq file = fastp/ref_genome.0123
* Reference genome size: 288895286 bp
* Done reading reference genome !!

------------------------------------------
1. Memory pre-allocation for Chaining: 139.3584 MB
2. Memory pre-allocation for BSW: 239.6170 MB
3. Memory pre-allocation for BWT: 77.3142 MB
------------------------------------------
* Threads used (compute): 1
* No. of pipeline threads: 2

[0000] read_chunk: 10000000, work_chunk_size: 2689272, nseq: 17814
	[0000][ M::kt_pipeline] read 17814 sequences (2689272 bp)...
[0000] read_chunk: 10000000, work_chunk_size: 0, nseq: 0
[0000] Calling mem_process_seqs.., task: 0
[0000] 1. Calling kt_for - worker_bwt
[0000] 2. Calling kt_for - worker_aln
[0000] Inferring insert size distribution of PE reads from data, l_pac: 144447643, n: 17814
[0000][PE] # candidate unique pairs for (FF, FR, RF, RR): (0, 97, 0, 0)
[0000][PE] skip orientation FF as there are not enough pairs
[0000][PE] analyzing insert size distribution for orientation FR...
[0000][PE] (25, 50, 75) percentile: (326, 389, 478)
[0000][PE] low and high boundaries for computing mean and std.dev: (22, 782)
[0000][PE] mean and std.dev: (408.08, 109.31)
[0000][PE] low and high boundaries for proper pairs: (1, 934)
[0000][PE] skip orientation RF as there are not enough pairs
[0000][PE] skip orientation RR as there are not enough pairs
[0000] 3. Calling kt_for - worker_sam
	[0000][ M::mem_process_seqs] Processed 17814 reads in 5.020 CPU sec, 5.171 real sec
[0000] read_chunk: 10000000, work_chunk_size: 0, nseq: 0
[0000] Computation ends..
No. of OMP threads: 1
Processor is running @2645.193934 MHz
Runtime profile:

	Time taken for main_mem function: 6.05 sec

	IO times (sec) :
	Reading IO time (reads) avg: 0.03, (0.03, 0.03)
	Writing IO time (SAM) avg: 0.32, (0.32, 0.32)
	Reading IO time (Reference Genome) avg: 0.17, (0.17, 0.17)
	Index read time avg: 0.30, (0.30, 0.30)

	Overall time (sec) (Excluding Index reading time):
	PROCESS() (Total compute time + (read + SAM) IO time) : 5.53
	MEM_PROCESS_SEQ() (Total compute time (Kernel + SAM)), avg: 5.17, (5.17, 5.17)

	 SAM Processing time (sec):
	--WORKER_SAM avg: 1.70, (1.70, 1.70)

	Kernels' compute time (sec):
	Total kernel (smem+sal+bsw) time avg: 3.47, (3.47, 3.47)
		SMEM compute avg: 0.43, (0.43, 0.43)
		SAL compute avg: 0.42, (0.42, 0.42)
				MEM_SA avg: 0.22, (0.22, 0.22)

		BSW time, avg: 2.55, (2.55, 2.55)

Important parameter settings: 
	BATCH_SIZE: 512
	MAX_SEQ_LEN_REF: 256
	MAX_SEQ_LEN_QER: 128
	MAX_SEQ_LEN8: 128
	SEEDS_PER_READ: 500
	SIMD_WIDTH8 X: 32
	SIMD_WIDTH16 X: 16
	AVG_SEEDS_PER_READ: 64
## filter-stats: kept 3668; removed 14786
[Transpac] final BAM reads: 3668
=== [Transpac] done ===
=== [BS2] starting in candidate_regions_data/JUT-008_MUN-009/BS2.YLBd ===
[BS2] contig count: 1  (BS2)
[BS2] hits.bam reads: 20287
[BS2] qname count:  10452
[BS2] pair.bam reads: 21578
[M::bam2fq_mainloop] discarded 0 singletons
[M::bam2fq_mainloop] processed 20904 reads
[BS2] FASTQ1 lines: 41808
[BS2] FASTQ2 lines: 41808
Looking to launch executable "/work/users/a/d/adaigle/.conda/envs/TEforest/bin/bwa-mem2.avx2", simd = .avx2
Launching executable "/work/users/a/d/adaigle/.conda/envs/TEforest/bin/bwa-mem2.avx2"
-----------------------------
Executing in AVX2 mode!!
-----------------------------
* SA compression enabled with xfactor: 8
* Ref file: fastp/ref_genome
* Entering FMI_search
* Index file found. Loading index from fastp/ref_genome.bwt.2bit.64
* Reference seq len for bi-index = 288895287
* sentinel-index: 149660069
* Count:
0,	1
1,	83687631
2,	144447644
3,	205207657
4,	288895287

* Reading other elements of the index from files fastp/ref_genome
* Index prefix: fastp/ref_genome
* Read 0 ALT contigs
* Done reading Index!!
* Reading reference genome..
* Binary seq file = fastp/ref_genome.0123
* Reference genome size: 288895286 bp
* Done reading reference genome !!

------------------------------------------
1. Memory pre-allocation for Chaining: 139.3584 MB
2. Memory pre-allocation for BSW: 239.6170 MB
3. Memory pre-allocation for BWT: 77.3142 MB
------------------------------------------
* Threads used (compute): 1
* No. of pipeline threads: 2

[0000] read_chunk: 10000000, work_chunk_size: 3156142, nseq: 20904
	[0000][ M::kt_pipeline] read 20904 sequences (3156142 bp)...
[0000] Calling mem_process_seqs.., task: 0
[0000] read_chunk: 10000000, work_chunk_size: 0, nseq: 0
[0000] 1. Calling kt_for - worker_bwt
[0000] 2. Calling kt_for - worker_aln
[0000] Inferring insert size distribution of PE reads from data, l_pac: 144447643, n: 20904
[0000][PE] # candidate unique pairs for (FF, FR, RF, RR): (0, 1926, 7, 0)
[0000][PE] skip orientation FF as there are not enough pairs
[0000][PE] analyzing insert size distribution for orientation FR...
[0000][PE] (25, 50, 75) percentile: (383, 452, 528)
[0000][PE] low and high boundaries for computing mean and std.dev: (93, 818)
[0000][PE] mean and std.dev: (458.18, 109.74)
[0000][PE] low and high boundaries for proper pairs: (1, 963)
[0000][PE] skip orientation RF as there are not enough pairs
[0000][PE] skip orientation RR as there are not enough pairs
[0000] 3. Calling kt_for - worker_sam
	[0000][ M::mem_process_seqs] Processed 20904 reads in 6.527 CPU sec, 6.740 real sec
[0000] read_chunk: 10000000, work_chunk_size: 0, nseq: 0
[0000] Computation ends..
No. of OMP threads: 1
Processor is running @2645.225522 MHz
Runtime profile:

	Time taken for main_mem function: 7.71 sec

	IO times (sec) :
	Reading IO time (reads) avg: 0.03, (0.03, 0.03)
	Writing IO time (SAM) avg: 0.40, (0.40, 0.40)
	Reading IO time (Reference Genome) avg: 0.16, (0.16, 0.16)
	Index read time avg: 0.30, (0.30, 0.30)

	Overall time (sec) (Excluding Index reading time):
	PROCESS() (Total compute time + (read + SAM) IO time) : 7.18
	MEM_PROCESS_SEQ() (Total compute time (Kernel + SAM)), avg: 6.74, (6.74, 6.74)

	 SAM Processing time (sec):
	--WORKER_SAM avg: 2.60, (2.60, 2.60)

	Kernels' compute time (sec):
	Total kernel (smem+sal+bsw) time avg: 4.14, (4.14, 4.14)
		SMEM compute avg: 0.73, (0.73, 0.73)
		SAL compute avg: 0.45, (0.45, 0.45)
				MEM_SA avg: 0.23, (0.23, 0.23)

		BSW time, avg: 2.86, (2.86, 2.86)

Important parameter settings: 
	BATCH_SIZE: 512
	MAX_SEQ_LEN_REF: 256
	MAX_SEQ_LEN_QER: 128
	MAX_SEQ_LEN8: 128
	SEEDS_PER_READ: 500
	SIMD_WIDTH8 X: 32
	SIMD_WIDTH16 X: 16
	AVG_SEEDS_PER_READ: 64
## filter-stats: kept 2539; removed 18750
[BS2] final BAM reads: 2539
=== [BS2] done ===
=== [jockey] starting in candidate_regions_data/JUT-008_MUN-009/jockey.KCgI ===
[jockey] contig count: 1  (jockey)
[jockey] hits.bam reads: 27556
[jockey] qname count:  13938
[jockey] pair.bam reads: 28188
[M::bam2fq_mainloop] discarded 0 singletons
[M::bam2fq_mainloop] processed 27876 reads
[jockey] FASTQ1 lines: 55752
[jockey] FASTQ2 lines: 55752
Looking to launch executable "/work/users/a/d/adaigle/.conda/envs/TEforest/bin/bwa-mem2.avx2", simd = .avx2
Launching executable "/work/users/a/d/adaigle/.conda/envs/TEforest/bin/bwa-mem2.avx2"
-----------------------------
Executing in AVX2 mode!!
-----------------------------
* SA compression enabled with xfactor: 8
* Ref file: fastp/ref_genome
* Entering FMI_search
* Index file found. Loading index from fastp/ref_genome.bwt.2bit.64
* Reference seq len for bi-index = 288895287
* sentinel-index: 149660069
* Count:
0,	1
1,	83687631
2,	144447644
3,	205207657
4,	288895287

* Reading other elements of the index from files fastp/ref_genome
* Index prefix: fastp/ref_genome
* Read 0 ALT contigs
* Done reading Index!!
* Reading reference genome..
* Binary seq file = fastp/ref_genome.0123
* Reference genome size: 288895286 bp
* Done reading reference genome !!

------------------------------------------
1. Memory pre-allocation for Chaining: 139.3584 MB
2. Memory pre-allocation for BSW: 239.6170 MB
3. Memory pre-allocation for BWT: 77.3142 MB
------------------------------------------
* Threads used (compute): 1
* No. of pipeline threads: 2

[0000] read_chunk: 10000000, work_chunk_size: 4208612, nseq: 27876
	[0000][ M::kt_pipeline] read 27876 sequences (4208612 bp)...
[0000] Calling mem_process_seqs.., task: 0
[0000] 1. Calling kt_for - worker_bwt
[0000] read_chunk: 10000000, work_chunk_size: 0, nseq: 0
[0000] 2. Calling kt_for - worker_aln
[0000] Inferring insert size distribution of PE reads from data, l_pac: 144447643, n: 27876
[0000][PE] # candidate unique pairs for (FF, FR, RF, RR): (0, 466, 0, 0)
[0000][PE] skip orientation FF as there are not enough pairs
[0000][PE] analyzing insert size distribution for orientation FR...
[0000][PE] (25, 50, 75) percentile: (320, 401, 488)
[0000][PE] low and high boundaries for computing mean and std.dev: (1, 824)
[0000][PE] mean and std.dev: (401.38, 126.19)
[0000][PE] low and high boundaries for proper pairs: (1, 992)
[0000][PE] skip orientation RF as there are not enough pairs
[0000][PE] skip orientation RR as there are not enough pairs
[0000] 3. Calling kt_for - worker_sam
	[0000][ M::mem_process_seqs] Processed 27876 reads in 14.452 CPU sec, 14.653 real sec
[0000] read_chunk: 10000000, work_chunk_size: 0, nseq: 0
[0000] Computation ends..
No. of OMP threads: 1
Processor is running @2645.193668 MHz
Runtime profile:

	Time taken for main_mem function: 15.78 sec

	IO times (sec) :
	Reading IO time (reads) avg: 0.04, (0.04, 0.04)
	Writing IO time (SAM) avg: 0.55, (0.55, 0.55)
	Reading IO time (Reference Genome) avg: 0.16, (0.16, 0.16)
	Index read time avg: 0.28, (0.28, 0.28)

	Overall time (sec) (Excluding Index reading time):
	PROCESS() (Total compute time + (read + SAM) IO time) : 15.25
	MEM_PROCESS_SEQ() (Total compute time (Kernel + SAM)), avg: 14.65, (14.65, 14.65)

	 SAM Processing time (sec):
	--WORKER_SAM avg: 9.27, (9.27, 9.27)

	Kernels' compute time (sec):
	Total kernel (smem+sal+bsw) time avg: 5.38, (5.38, 5.38)
		SMEM compute avg: 0.89, (0.89, 0.89)
		SAL compute avg: 0.55, (0.55, 0.55)
				MEM_SA avg: 0.26, (0.26, 0.26)

		BSW time, avg: 3.76, (3.76, 3.76)

Important parameter settings: 
	BATCH_SIZE: 512
	MAX_SEQ_LEN_REF: 256
	MAX_SEQ_LEN_QER: 128
	MAX_SEQ_LEN8: 128
	SEEDS_PER_READ: 500
	SIMD_WIDTH8 X: 32
	SIMD_WIDTH16 X: 16
	AVG_SEEDS_PER_READ: 64
## filter-stats: kept 10223; removed 19439
[jockey] final BAM reads: 10223
=== [jockey] done ===
=== [HeT_A] starting in candidate_regions_data/JUT-008_MUN-009/HeT_A.UZug ===
[HeT_A] contig count: 1  (HeT_A)
[HeT_A] hits.bam reads: 34820
[HeT_A] qname count:  17810
[HeT_A] pair.bam reads: 36675
[M::bam2fq_mainloop] discarded 0 singletons
[M::bam2fq_mainloop] processed 35620 reads
[HeT_A] FASTQ1 lines: 71240
[HeT_A] FASTQ2 lines: 71240
Looking to launch executable "/work/users/a/d/adaigle/.conda/envs/TEforest/bin/bwa-mem2.avx2", simd = .avx2
Launching executable "/work/users/a/d/adaigle/.conda/envs/TEforest/bin/bwa-mem2.avx2"
-----------------------------
Executing in AVX2 mode!!
-----------------------------
* SA compression enabled with xfactor: 8
* Ref file: fastp/ref_genome
* Entering FMI_search
* Index file found. Loading index from fastp/ref_genome.bwt.2bit.64
* Reference seq len for bi-index = 288895287
* sentinel-index: 149660069
* Count:
0,	1
1,	83687631
2,	144447644
3,	205207657
4,	288895287

* Reading other elements of the index from files fastp/ref_genome
* Index prefix: fastp/ref_genome
* Read 0 ALT contigs
* Done reading Index!!
* Reading reference genome..
* Binary seq file = fastp/ref_genome.0123
* Reference genome size: 288895286 bp
* Done reading reference genome !!

------------------------------------------
1. Memory pre-allocation for Chaining: 139.3584 MB
2. Memory pre-allocation for BSW: 239.6170 MB
3. Memory pre-allocation for BWT: 77.3142 MB
------------------------------------------
* Threads used (compute): 1
* No. of pipeline threads: 2

[0000] read_chunk: 10000000, work_chunk_size: 5376670, nseq: 35620
	[0000][ M::kt_pipeline] read 35620 sequences (5376670 bp)...
[0000] read_chunk: 10000000, work_chunk_size: 0, nseq: 0
[0000] Calling mem_process_seqs.., task: 0
[0000] 1. Calling kt_for - worker_bwt
[0000] 2. Calling kt_for - worker_aln
[0000] Inferring insert size distribution of PE reads from data, l_pac: 144447643, n: 35620
[0000][PE] # candidate unique pairs for (FF, FR, RF, RR): (0, 408, 0, 0)
[0000][PE] skip orientation FF as there are not enough pairs
[0000][PE] analyzing insert size distribution for orientation FR...
[0000][PE] (25, 50, 75) percentile: (360, 430, 519)
[0000][PE] low and high boundaries for computing mean and std.dev: (42, 837)
[0000][PE] mean and std.dev: (437.57, 126.91)
[0000][PE] low and high boundaries for proper pairs: (1, 996)
[0000][PE] skip orientation RF as there are not enough pairs
[0000][PE] skip orientation RR as there are not enough pairs
[0000] 3. Calling kt_for - worker_sam
	[0000][ M::mem_process_seqs] Processed 35620 reads in 15.239 CPU sec, 15.471 real sec
[0000] read_chunk: 10000000, work_chunk_size: 0, nseq: 0
[0000] Computation ends..
No. of OMP threads: 1
Processor is running @2645.200903 MHz
Runtime profile:

	Time taken for main_mem function: 16.47 sec

	IO times (sec) :
	Reading IO time (reads) avg: 0.05, (0.05, 0.05)
	Writing IO time (SAM) avg: 0.78, (0.78, 0.78)
	Reading IO time (Reference Genome) avg: 0.05, (0.05, 0.05)
	Index read time avg: 0.09, (0.09, 0.09)

	Overall time (sec) (Excluding Index reading time):
	PROCESS() (Total compute time + (read + SAM) IO time) : 16.31
	MEM_PROCESS_SEQ() (Total compute time (Kernel + SAM)), avg: 15.47, (15.47, 15.47)

	 SAM Processing time (sec):
	--WORKER_SAM avg: 7.38, (7.38, 7.38)

	Kernels' compute time (sec):
	Total kernel (smem+sal+bsw) time avg: 8.08, (8.08, 8.08)
		SMEM compute avg: 1.51, (1.51, 1.51)
		SAL compute avg: 0.83, (0.83, 0.83)
				MEM_SA avg: 0.41, (0.41, 0.41)

		BSW time, avg: 5.56, (5.56, 5.56)

Important parameter settings: 
	BATCH_SIZE: 512
	MAX_SEQ_LEN_REF: 256
	MAX_SEQ_LEN_QER: 128
	MAX_SEQ_LEN8: 128
	SEEDS_PER_READ: 500
	SIMD_WIDTH8 X: 32
	SIMD_WIDTH16 X: 16
	AVG_SEEDS_PER_READ: 64
## filter-stats: kept 9021; removed 27577
[HeT_A] final BAM reads: 9021
=== [HeT_A] done ===
=== [BS] starting in candidate_regions_data/JUT-008_MUN-009/BS.2ETx ===
[BS] contig count: 1  (BS)
[BS] hits.bam reads: 12193
[BS] qname count:  6838
[BS] pair.bam reads: 15444
[M::bam2fq_mainloop] discarded 0 singletons
[M::bam2fq_mainloop] processed 13676 reads
[BS] FASTQ1 lines: 27352
[BS] FASTQ2 lines: 27352
Looking to launch executable "/work/users/a/d/adaigle/.conda/envs/TEforest/bin/bwa-mem2.avx2", simd = .avx2
Launching executable "/work/users/a/d/adaigle/.conda/envs/TEforest/bin/bwa-mem2.avx2"
-----------------------------
Executing in AVX2 mode!!
-----------------------------
* SA compression enabled with xfactor: 8
* Ref file: fastp/ref_genome
* Entering FMI_search
* Index file found. Loading index from fastp/ref_genome.bwt.2bit.64
* Reference seq len for bi-index = 288895287
* sentinel-index: 149660069
* Count:
0,	1
1,	83687631
2,	144447644
3,	205207657
4,	288895287

* Reading other elements of the index from files fastp/ref_genome
* Index prefix: fastp/ref_genome
* Read 0 ALT contigs
* Done reading Index!!
* Reading reference genome..
* Binary seq file = fastp/ref_genome.0123
* Reference genome size: 288895286 bp
* Done reading reference genome !!

------------------------------------------
1. Memory pre-allocation for Chaining: 139.3584 MB
2. Memory pre-allocation for BSW: 239.6170 MB
3. Memory pre-allocation for BWT: 77.3142 MB
------------------------------------------
* Threads used (compute): 1
* No. of pipeline threads: 2

[0000] read_chunk: 10000000, work_chunk_size: 2064710, nseq: 13676
	[0000][ M::kt_pipeline] read 13676 sequences (2064710 bp)...
[0000] read_chunk: 10000000, work_chunk_size: 0, nseq: 0
[0000] Calling mem_process_seqs.., task: 0
[0000] 1. Calling kt_for - worker_bwt
[0000] 2. Calling kt_for - worker_aln
[0000] Inferring insert size distribution of PE reads from data, l_pac: 144447643, n: 13676
[0000][PE] # candidate unique pairs for (FF, FR, RF, RR): (0, 984, 0, 0)
[0000][PE] skip orientation FF as there are not enough pairs
[0000][PE] analyzing insert size distribution for orientation FR...
[0000][PE] (25, 50, 75) percentile: (370, 440, 516)
[0000][PE] low and high boundaries for computing mean and std.dev: (78, 808)
[0000][PE] mean and std.dev: (445.47, 111.70)
[0000][PE] low and high boundaries for proper pairs: (1, 954)
[0000][PE] skip orientation RF as there are not enough pairs
[0000][PE] skip orientation RR as there are not enough pairs
[0000] 3. Calling kt_for - worker_sam
	[0000][ M::mem_process_seqs] Processed 13676 reads in 7.174 CPU sec, 7.314 real sec
[0000] read_chunk: 10000000, work_chunk_size: 0, nseq: 0
[0000] Computation ends..
No. of OMP threads: 1
Processor is running @2645.205859 MHz
Runtime profile:

	Time taken for main_mem function: 8.13 sec

	IO times (sec) :
	Reading IO time (reads) avg: 0.02, (0.02, 0.02)
	Writing IO time (SAM) avg: 0.32, (0.32, 0.32)
	Reading IO time (Reference Genome) avg: 0.16, (0.16, 0.16)
	Index read time avg: 0.25, (0.25, 0.25)

	Overall time (sec) (Excluding Index reading time):
	PROCESS() (Total compute time + (read + SAM) IO time) : 7.66
	MEM_PROCESS_SEQ() (Total compute time (Kernel + SAM)), avg: 7.31, (7.31, 7.31)

	 SAM Processing time (sec):
	--WORKER_SAM avg: 2.72, (2.72, 2.72)

	Kernels' compute time (sec):
	Total kernel (smem+sal+bsw) time avg: 4.59, (4.59, 4.59)
		SMEM compute avg: 1.11, (1.11, 1.11)
		SAL compute avg: 0.46, (0.46, 0.46)
				MEM_SA avg: 0.22, (0.22, 0.22)

		BSW time, avg: 2.89, (2.89, 2.89)

Important parameter settings: 
	BATCH_SIZE: 512
	MAX_SEQ_LEN_REF: 256
	MAX_SEQ_LEN_QER: 128
	MAX_SEQ_LEN8: 128
	SEEDS_PER_READ: 500
	SIMD_WIDTH8 X: 32
	SIMD_WIDTH16 X: 16
	AVG_SEEDS_PER_READ: 64
## filter-stats: kept 6027; removed 9655
[BS] final BAM reads: 6027
=== [BS] done ===
=== [Nomad] starting in candidate_regions_data/JUT-008_MUN-009/Nomad.vOh7 ===
[Nomad] contig count: 1  (Nomad)
[Nomad] hits.bam reads: 21096
[Nomad] qname count:  11332
[Nomad] pair.bam reads: 25194
[M::bam2fq_mainloop] discarded 0 singletons
[M::bam2fq_mainloop] processed 22664 reads
[Nomad] FASTQ1 lines: 45328
[Nomad] FASTQ2 lines: 45328
Looking to launch executable "/work/users/a/d/adaigle/.conda/envs/TEforest/bin/bwa-mem2.avx2", simd = .avx2
Launching executable "/work/users/a/d/adaigle/.conda/envs/TEforest/bin/bwa-mem2.avx2"
-----------------------------
Executing in AVX2 mode!!
-----------------------------
* SA compression enabled with xfactor: 8
* Ref file: fastp/ref_genome
* Entering FMI_search
* Index file found. Loading index from fastp/ref_genome.bwt.2bit.64
* Reference seq len for bi-index = 288895287
* sentinel-index: 149660069
* Count:
0,	1
1,	83687631
2,	144447644
3,	205207657
4,	288895287

* Reading other elements of the index from files fastp/ref_genome
* Index prefix: fastp/ref_genome
* Read 0 ALT contigs
* Done reading Index!!
* Reading reference genome..
* Binary seq file = fastp/ref_genome.0123
* Reference genome size: 288895286 bp
* Done reading reference genome !!

------------------------------------------
1. Memory pre-allocation for Chaining: 139.3584 MB
2. Memory pre-allocation for BSW: 239.6170 MB
3. Memory pre-allocation for BWT: 77.3142 MB
------------------------------------------
* Threads used (compute): 1
* No. of pipeline threads: 2

[0000] read_chunk: 10000000, work_chunk_size: 3421598, nseq: 22664
	[0000][ M::kt_pipeline] read 22664 sequences (3421598 bp)...
[0000] Calling mem_process_seqs.., task: 0
[0000] 1. Calling kt_for - worker_bwt
[0000] read_chunk: 10000000, work_chunk_size: 0, nseq: 0
[0000] 2. Calling kt_for - worker_aln
[0000] Inferring insert size distribution of PE reads from data, l_pac: 144447643, n: 22664
[0000][PE] # candidate unique pairs for (FF, FR, RF, RR): (0, 657, 0, 0)
[0000][PE] skip orientation FF as there are not enough pairs
[0000][PE] analyzing insert size distribution for orientation FR...
[0000][PE] (25, 50, 75) percentile: (359, 431, 508)
[0000][PE] low and high boundaries for computing mean and std.dev: (61, 806)
[0000][PE] mean and std.dev: (427.66, 118.87)
[0000][PE] low and high boundaries for proper pairs: (1, 955)
[0000][PE] skip orientation RF as there are not enough pairs
[0000][PE] skip orientation RR as there are not enough pairs
[0000] 3. Calling kt_for - worker_sam
	[0000][ M::mem_process_seqs] Processed 22664 reads in 15.291 CPU sec, 15.716 real sec
[0000] read_chunk: 10000000, work_chunk_size: 0, nseq: 0
[0000] Computation ends..
No. of OMP threads: 1
Processor is running @2645.206362 MHz
Runtime profile:

	Time taken for main_mem function: 16.63 sec

	IO times (sec) :
	Reading IO time (reads) avg: 0.04, (0.04, 0.04)
	Writing IO time (SAM) avg: 0.52, (0.52, 0.52)
	Reading IO time (Reference Genome) avg: 0.16, (0.16, 0.16)
	Index read time avg: 0.13, (0.13, 0.13)

	Overall time (sec) (Excluding Index reading time):
	PROCESS() (Total compute time + (read + SAM) IO time) : 16.30
	MEM_PROCESS_SEQ() (Total compute time (Kernel + SAM)), avg: 15.72, (15.72, 15.72)

	 SAM Processing time (sec):
	--WORKER_SAM avg: 8.76, (8.76, 8.76)

	Kernels' compute time (sec):
	Total kernel (smem+sal+bsw) time avg: 6.95, (6.95, 6.95)
		SMEM compute avg: 2.78, (2.78, 2.78)
		SAL compute avg: 0.75, (0.75, 0.75)
				MEM_SA avg: 0.30, (0.30, 0.30)

		BSW time, avg: 3.09, (3.09, 3.09)

Important parameter settings: 
	BATCH_SIZE: 512
	MAX_SEQ_LEN_REF: 256
	MAX_SEQ_LEN_QER: 128
	MAX_SEQ_LEN8: 128
	SEEDS_PER_READ: 500
	SIMD_WIDTH8 X: 32
	SIMD_WIDTH16 X: 16
	AVG_SEEDS_PER_READ: 64
## filter-stats: kept 8988; removed 16439
[Nomad] final BAM reads: 8988
=== [Nomad] done ===
=== [Copia] starting in candidate_regions_data/JUT-008_MUN-009/Copia.dhx9 ===
[Copia] contig count: 3  (Copia_3_Dbp Copia Copia_1_Dse)
[Copia] hits.bam reads: 31849
[Copia] qname count:  16330
[Copia] pair.bam reads: 33269
[M::bam2fq_mainloop] discarded 0 singletons
[M::bam2fq_mainloop] processed 32660 reads
[Copia] FASTQ1 lines: 65320
[Copia] FASTQ2 lines: 65320
Looking to launch executable "/work/users/a/d/adaigle/.conda/envs/TEforest/bin/bwa-mem2.avx2", simd = .avx2
Launching executable "/work/users/a/d/adaigle/.conda/envs/TEforest/bin/bwa-mem2.avx2"
-----------------------------
Executing in AVX2 mode!!
-----------------------------
* SA compression enabled with xfactor: 8
* Ref file: fastp/ref_genome
* Entering FMI_search
* Index file found. Loading index from fastp/ref_genome.bwt.2bit.64
* Reference seq len for bi-index = 288895287
* sentinel-index: 149660069
* Count:
0,	1
1,	83687631
2,	144447644
3,	205207657
4,	288895287

* Reading other elements of the index from files fastp/ref_genome
* Index prefix: fastp/ref_genome
* Read 0 ALT contigs
* Done reading Index!!
* Reading reference genome..
* Binary seq file = fastp/ref_genome.0123
* Reference genome size: 288895286 bp
* Done reading reference genome !!

------------------------------------------
1. Memory pre-allocation for Chaining: 139.3584 MB
2. Memory pre-allocation for BSW: 239.6170 MB
3. Memory pre-allocation for BWT: 77.3142 MB
------------------------------------------
* Threads used (compute): 1
* No. of pipeline threads: 2

[0000] read_chunk: 10000000, work_chunk_size: 4930810, nseq: 32660
	[0000][ M::kt_pipeline] read 32660 sequences (4930810 bp)...
[0000] Calling mem_process_seqs.., task: 0
[0000] 1. Calling kt_for - worker_bwt
[0000] read_chunk: 10000000, work_chunk_size: 0, nseq: 0
[0000] 2. Calling kt_for - worker_aln
[0000] Inferring insert size distribution of PE reads from data, l_pac: 144447643, n: 32660
[0000][PE] # candidate unique pairs for (FF, FR, RF, RR): (0, 339, 0, 0)
[0000][PE] skip orientation FF as there are not enough pairs
[0000][PE] analyzing insert size distribution for orientation FR...
[0000][PE] (25, 50, 75) percentile: (360, 430, 513)
[0000][PE] low and high boundaries for computing mean and std.dev: (54, 819)
[0000][PE] mean and std.dev: (426.94, 111.42)
[0000][PE] low and high boundaries for proper pairs: (1, 972)
[0000][PE] skip orientation RF as there are not enough pairs
[0000][PE] skip orientation RR as there are not enough pairs
[0000] 3. Calling kt_for - worker_sam
	[0000][ M::mem_process_seqs] Processed 32660 reads in 19.627 CPU sec, 20.207 real sec
[0000] read_chunk: 10000000, work_chunk_size: 0, nseq: 0
[0000] Computation ends..
No. of OMP threads: 1
Processor is running @2645.203739 MHz
Runtime profile:

	Time taken for main_mem function: 21.42 sec

	IO times (sec) :
	Reading IO time (reads) avg: 0.04, (0.04, 0.04)
	Writing IO time (SAM) avg: 0.62, (0.62, 0.62)
	Reading IO time (Reference Genome) avg: 0.17, (0.17, 0.17)
	Index read time avg: 0.30, (0.30, 0.30)

	Overall time (sec) (Excluding Index reading time):
	PROCESS() (Total compute time + (read + SAM) IO time) : 20.89
	MEM_PROCESS_SEQ() (Total compute time (Kernel + SAM)), avg: 20.21, (20.21, 20.21)

	 SAM Processing time (sec):
	--WORKER_SAM avg: 15.42, (15.42, 15.42)

	Kernels' compute time (sec):
	Total kernel (smem+sal+bsw) time avg: 4.79, (4.79, 4.79)
		SMEM compute avg: 0.85, (0.85, 0.85)
		SAL compute avg: 0.65, (0.65, 0.65)
				MEM_SA avg: 0.27, (0.27, 0.27)

		BSW time, avg: 2.89, (2.89, 2.89)

Important parameter settings: 
	BATCH_SIZE: 512
	MAX_SEQ_LEN_REF: 256
	MAX_SEQ_LEN_QER: 128
	MAX_SEQ_LEN8: 128
	SEEDS_PER_READ: 500
	SIMD_WIDTH8 X: 32
	SIMD_WIDTH16 X: 16
	AVG_SEEDS_PER_READ: 64
## filter-stats: kept 6746; removed 27160
[Copia] final BAM reads: 6746
=== [Copia] done ===
=== [mdg3] starting in candidate_regions_data/JUT-008_MUN-009/mdg3.tm6z ===
[mdg3] contig count: 1  (mdg3)
[mdg3] hits.bam reads: 12130
[mdg3] qname count:  6127
[mdg3] pair.bam reads: 12559
[M::bam2fq_mainloop] discarded 0 singletons
[M::bam2fq_mainloop] processed 12254 reads
[mdg3] FASTQ1 lines: 24508
[mdg3] FASTQ2 lines: 24508
Looking to launch executable "/work/users/a/d/adaigle/.conda/envs/TEforest/bin/bwa-mem2.avx2", simd = .avx2
Launching executable "/work/users/a/d/adaigle/.conda/envs/TEforest/bin/bwa-mem2.avx2"
-----------------------------
Executing in AVX2 mode!!
-----------------------------
* SA compression enabled with xfactor: 8
* Ref file: fastp/ref_genome
* Entering FMI_search
* Index file found. Loading index from fastp/ref_genome.bwt.2bit.64
* Reference seq len for bi-index = 288895287
* sentinel-index: 149660069
* Count:
0,	1
1,	83687631
2,	144447644
3,	205207657
4,	288895287

* Reading other elements of the index from files fastp/ref_genome
* Index prefix: fastp/ref_genome
* Read 0 ALT contigs
* Done reading Index!!
* Reading reference genome..
* Binary seq file = fastp/ref_genome.0123
* Reference genome size: 288895286 bp
* Done reading reference genome !!

------------------------------------------
1. Memory pre-allocation for Chaining: 139.3584 MB
2. Memory pre-allocation for BSW: 239.6170 MB
3. Memory pre-allocation for BWT: 77.3142 MB
------------------------------------------
* Threads used (compute): 1
* No. of pipeline threads: 2

[0000] read_chunk: 10000000, work_chunk_size: 1850118, nseq: 12254
	[0000][ M::kt_pipeline] read 12254 sequences (1850118 bp)...
[0000] Calling mem_process_seqs.., task: 0
[0000] 1. Calling kt_for - worker_bwt
[0000] read_chunk: 10000000, work_chunk_size: 0, nseq: 0
[0000] 2. Calling kt_for - worker_aln
[0000] Inferring insert size distribution of PE reads from data, l_pac: 144447643, n: 12254
[0000][PE] # candidate unique pairs for (FF, FR, RF, RR): (0, 193, 1, 0)
[0000][PE] skip orientation FF as there are not enough pairs
[0000][PE] analyzing insert size distribution for orientation FR...
[0000][PE] (25, 50, 75) percentile: (363, 429, 503)
[0000][PE] low and high boundaries for computing mean and std.dev: (83, 783)
[0000][PE] mean and std.dev: (434.84, 109.75)
[0000][PE] low and high boundaries for proper pairs: (1, 923)
[0000][PE] skip orientation RF as there are not enough pairs
[0000][PE] skip orientation RR as there are not enough pairs
[0000] 3. Calling kt_for - worker_sam
	[0000][ M::mem_process_seqs] Processed 12254 reads in 6.073 CPU sec, 6.387 real sec
[0000] read_chunk: 10000000, work_chunk_size: 0, nseq: 0
[0000] Computation ends..
No. of OMP threads: 1
Processor is running @2645.192105 MHz
Runtime profile:

	Time taken for main_mem function: 7.20 sec

	IO times (sec) :
	Reading IO time (reads) avg: 0.02, (0.02, 0.02)
	Writing IO time (SAM) avg: 0.23, (0.23, 0.23)
	Reading IO time (Reference Genome) avg: 0.17, (0.17, 0.17)
	Index read time avg: 0.31, (0.31, 0.31)

	Overall time (sec) (Excluding Index reading time):
	PROCESS() (Total compute time + (read + SAM) IO time) : 6.64
	MEM_PROCESS_SEQ() (Total compute time (Kernel + SAM)), avg: 6.39, (6.39, 6.39)

	 SAM Processing time (sec):
	--WORKER_SAM avg: 1.78, (1.78, 1.78)

	Kernels' compute time (sec):
	Total kernel (smem+sal+bsw) time avg: 4.60, (4.60, 4.60)
		SMEM compute avg: 0.45, (0.45, 0.45)
		SAL compute avg: 0.41, (0.41, 0.41)
				MEM_SA avg: 0.21, (0.21, 0.21)

		BSW time, avg: 3.65, (3.65, 3.65)

Important parameter settings: 
	BATCH_SIZE: 512
	MAX_SEQ_LEN_REF: 256
	MAX_SEQ_LEN_QER: 128
	MAX_SEQ_LEN8: 128
	SEEDS_PER_READ: 500
	SIMD_WIDTH8 X: 32
	SIMD_WIDTH16 X: 16
	AVG_SEEDS_PER_READ: 64
## filter-stats: kept 2142; removed 10465
[mdg3] final BAM reads: 2142
=== [mdg3] done ===
=== [I_element] starting in candidate_regions_data/JUT-008_MUN-009/I_element.qTBT ===
[I_element] contig count: 1  (I_element)
[I_element] hits.bam reads: 31022
[I_element] qname count:  15941
[I_element] pair.bam reads: 32891
[M::bam2fq_mainloop] discarded 0 singletons
[M::bam2fq_mainloop] processed 31882 reads
[I_element] FASTQ1 lines: 63764
[I_element] FASTQ2 lines: 63764
Looking to launch executable "/work/users/a/d/adaigle/.conda/envs/TEforest/bin/bwa-mem2.avx2", simd = .avx2
Launching executable "/work/users/a/d/adaigle/.conda/envs/TEforest/bin/bwa-mem2.avx2"
-----------------------------
Executing in AVX2 mode!!
-----------------------------
* SA compression enabled with xfactor: 8
* Ref file: fastp/ref_genome
* Entering FMI_search
* Index file found. Loading index from fastp/ref_genome.bwt.2bit.64
* Reference seq len for bi-index = 288895287
* sentinel-index: 149660069
* Count:
0,	1
1,	83687631
2,	144447644
3,	205207657
4,	288895287

* Reading other elements of the index from files fastp/ref_genome
* Index prefix: fastp/ref_genome
* Read 0 ALT contigs
* Done reading Index!!
* Reading reference genome..
* Binary seq file = fastp/ref_genome.0123
* Reference genome size: 288895286 bp
* Done reading reference genome !!

------------------------------------------
1. Memory pre-allocation for Chaining: 139.3584 MB
2. Memory pre-allocation for BSW: 239.6170 MB
3. Memory pre-allocation for BWT: 77.3142 MB
------------------------------------------
* Threads used (compute): 1
* No. of pipeline threads: 2

[0000] read_chunk: 10000000, work_chunk_size: 4813006, nseq: 31882
	[0000][ M::kt_pipeline] read 31882 sequences (4813006 bp)...
[0000] Calling mem_process_seqs.., task: 0
[0000] 1. Calling kt_for - worker_bwt
[0000] read_chunk: 10000000, work_chunk_size: 0, nseq: 0
[0000] 2. Calling kt_for - worker_aln
[0000] Inferring insert size distribution of PE reads from data, l_pac: 144447643, n: 31882
[0000][PE] # candidate unique pairs for (FF, FR, RF, RR): (0, 2327, 0, 0)
[0000][PE] skip orientation FF as there are not enough pairs
[0000][PE] analyzing insert size distribution for orientation FR...
[0000][PE] (25, 50, 75) percentile: (378, 441, 523)
[0000][PE] low and high boundaries for computing mean and std.dev: (88, 813)
[0000][PE] mean and std.dev: (452.98, 113.00)
[0000][PE] low and high boundaries for proper pairs: (1, 958)
[0000][PE] skip orientation RF as there are not enough pairs
[0000][PE] skip orientation RR as there are not enough pairs
[0000] 3. Calling kt_for - worker_sam
	[0000][ M::mem_process_seqs] Processed 31882 reads in 9.224 CPU sec, 9.339 real sec
[0000] read_chunk: 10000000, work_chunk_size: 0, nseq: 0
[0000] Computation ends..
No. of OMP threads: 1
Processor is running @2645.199896 MHz
Runtime profile:

	Time taken for main_mem function: 10.62 sec

	IO times (sec) :
	Reading IO time (reads) avg: 0.04, (0.04, 0.04)
	Writing IO time (SAM) avg: 0.66, (0.66, 0.66)
	Reading IO time (Reference Genome) avg: 0.18, (0.18, 0.18)
	Index read time avg: 0.31, (0.31, 0.31)

	Overall time (sec) (Excluding Index reading time):
	PROCESS() (Total compute time + (read + SAM) IO time) : 10.06
	MEM_PROCESS_SEQ() (Total compute time (Kernel + SAM)), avg: 9.34, (9.34, 9.34)

	 SAM Processing time (sec):
	--WORKER_SAM avg: 3.56, (3.56, 3.56)

	Kernels' compute time (sec):
	Total kernel (smem+sal+bsw) time avg: 5.78, (5.78, 5.78)
		SMEM compute avg: 1.08, (1.08, 1.08)
		SAL compute avg: 0.70, (0.70, 0.70)
				MEM_SA avg: 0.34, (0.34, 0.34)

		BSW time, avg: 3.87, (3.87, 3.87)

Important parameter settings: 
	BATCH_SIZE: 512
	MAX_SEQ_LEN_REF: 256
	MAX_SEQ_LEN_QER: 128
	MAX_SEQ_LEN8: 128
	SEEDS_PER_READ: 500
	SIMD_WIDTH8 X: 32
	SIMD_WIDTH16 X: 16
	AVG_SEEDS_PER_READ: 64
## filter-stats: kept 5082; removed 27618
[I_element] final BAM reads: 5082
=== [I_element] done ===
=== [Tirant] starting in candidate_regions_data/JUT-008_MUN-009/Tirant.exoe ===
[Tirant] contig count: 1  (Tirant)
[Tirant] hits.bam reads: 13342
[Tirant] qname count:  6731
[Tirant] pair.bam reads: 13749
[M::bam2fq_mainloop] discarded 0 singletons
[M::bam2fq_mainloop] processed 13462 reads
[Tirant] FASTQ1 lines: 26924
[Tirant] FASTQ2 lines: 26924
Looking to launch executable "/work/users/a/d/adaigle/.conda/envs/TEforest/bin/bwa-mem2.avx2", simd = .avx2
Launching executable "/work/users/a/d/adaigle/.conda/envs/TEforest/bin/bwa-mem2.avx2"
-----------------------------
Executing in AVX2 mode!!
-----------------------------
* SA compression enabled with xfactor: 8
* Ref file: fastp/ref_genome
* Entering FMI_search
* Index file found. Loading index from fastp/ref_genome.bwt.2bit.64
* Reference seq len for bi-index = 288895287
* sentinel-index: 149660069
* Count:
0,	1
1,	83687631
2,	144447644
3,	205207657
4,	288895287

* Reading other elements of the index from files fastp/ref_genome
* Index prefix: fastp/ref_genome
* Read 0 ALT contigs
* Done reading Index!!
* Reading reference genome..
* Binary seq file = fastp/ref_genome.0123
* Reference genome size: 288895286 bp
* Done reading reference genome !!

------------------------------------------
1. Memory pre-allocation for Chaining: 139.3584 MB
2. Memory pre-allocation for BSW: 239.6170 MB
3. Memory pre-allocation for BWT: 77.3142 MB
------------------------------------------
* Threads used (compute): 1
* No. of pipeline threads: 2

[0000] read_chunk: 10000000, work_chunk_size: 2023038, nseq: 13462
	[0000][ M::kt_pipeline] read 13462 sequences (2023038 bp)...
[0000] Calling mem_process_seqs.., task: 0
[0000] 1. Calling kt_for - worker_bwt
[0000] read_chunk: 10000000, work_chunk_size: 0, nseq: 0
[0000] 2. Calling kt_for - worker_aln
[0000] Inferring insert size distribution of PE reads from data, l_pac: 144447643, n: 13462
[0000][PE] # candidate unique pairs for (FF, FR, RF, RR): (0, 568, 0, 0)
[0000][PE] skip orientation FF as there are not enough pairs
[0000][PE] analyzing insert size distribution for orientation FR...
[0000][PE] (25, 50, 75) percentile: (379, 444, 535)
[0000][PE] low and high boundaries for computing mean and std.dev: (67, 847)
[0000][PE] mean and std.dev: (453.56, 114.17)
[0000][PE] low and high boundaries for proper pairs: (1, 1003)
[0000][PE] skip orientation RF as there are not enough pairs
[0000][PE] skip orientation RR as there are not enough pairs
[0000] 3. Calling kt_for - worker_sam
	[0000][ M::mem_process_seqs] Processed 13462 reads in 4.491 CPU sec, 4.535 real sec
[0000] read_chunk: 10000000, work_chunk_size: 0, nseq: 0
[0000] Computation ends..
No. of OMP threads: 1
Processor is running @2645.181929 MHz
Runtime profile:

	Time taken for main_mem function: 5.44 sec

	IO times (sec) :
	Reading IO time (reads) avg: 0.03, (0.03, 0.03)
	Writing IO time (SAM) avg: 0.27, (0.27, 0.27)
	Reading IO time (Reference Genome) avg: 0.17, (0.17, 0.17)
	Index read time avg: 0.34, (0.34, 0.34)

	Overall time (sec) (Excluding Index reading time):
	PROCESS() (Total compute time + (read + SAM) IO time) : 4.85
	MEM_PROCESS_SEQ() (Total compute time (Kernel + SAM)), avg: 4.53, (4.53, 4.53)

	 SAM Processing time (sec):
	--WORKER_SAM avg: 2.12, (2.12, 2.12)

	Kernels' compute time (sec):
	Total kernel (smem+sal+bsw) time avg: 2.41, (2.41, 2.41)
		SMEM compute avg: 0.40, (0.40, 0.40)
		SAL compute avg: 0.25, (0.25, 0.25)
				MEM_SA avg: 0.12, (0.12, 0.12)

		BSW time, avg: 1.70, (1.70, 1.70)

Important parameter settings: 
	BATCH_SIZE: 512
	MAX_SEQ_LEN_REF: 256
	MAX_SEQ_LEN_QER: 128
	MAX_SEQ_LEN8: 128
	SEEDS_PER_READ: 500
	SIMD_WIDTH8 X: 32
	SIMD_WIDTH16 X: 16
	AVG_SEEDS_PER_READ: 64
## filter-stats: kept 2906; removed 11053
[Tirant] final BAM reads: 2906
=== [Tirant] done ===
=== [1360] starting in candidate_regions_data/JUT-008_MUN-009/1360.I74O ===
[1360] contig count: 1  (1360)
[1360] hits.bam reads: 88616
[1360] qname count:  47062
[1360] pair.bam reads: 102502
[M::bam2fq_mainloop] discarded 0 singletons
[M::bam2fq_mainloop] processed 94124 reads
[1360] FASTQ1 lines: 188248
[1360] FASTQ2 lines: 188248
Looking to launch executable "/work/users/a/d/adaigle/.conda/envs/TEforest/bin/bwa-mem2.avx2", simd = .avx2
Launching executable "/work/users/a/d/adaigle/.conda/envs/TEforest/bin/bwa-mem2.avx2"
-----------------------------
Executing in AVX2 mode!!
-----------------------------
* SA compression enabled with xfactor: 8
* Ref file: fastp/ref_genome
* Entering FMI_search
* Index file found. Loading index from fastp/ref_genome.bwt.2bit.64
* Reference seq len for bi-index = 288895287
* sentinel-index: 149660069
* Count:
0,	1
1,	83687631
2,	144447644
3,	205207657
4,	288895287

* Reading other elements of the index from files fastp/ref_genome
* Index prefix: fastp/ref_genome
* Read 0 ALT contigs
* Done reading Index!!
* Reading reference genome..
* Binary seq file = fastp/ref_genome.0123
* Reference genome size: 288895286 bp
* Done reading reference genome !!

------------------------------------------
1. Memory pre-allocation for Chaining: 139.3584 MB
2. Memory pre-allocation for BSW: 239.6170 MB
3. Memory pre-allocation for BWT: 77.3142 MB
------------------------------------------
* Threads used (compute): 1
* No. of pipeline threads: 2

[0000] read_chunk: 10000000, work_chunk_size: 10000286, nseq: 66236
	[0000][ M::kt_pipeline] read 66236 sequences (10000286 bp)...
[0000] Reallocating initial memory allocations!!
[0000] Calling mem_process_seqs.., task: 0
[0000] 1. Calling kt_for - worker_bwt
[0000] read_chunk: 10000000, work_chunk_size: 4210060, nseq: 27888
	[0000][ M::kt_pipeline] read 27888 sequences (4210060 bp)...
[0000] 2. Calling kt_for - worker_aln
[0000] Inferring insert size distribution of PE reads from data, l_pac: 144447643, n: 66236
[0000][PE] # candidate unique pairs for (FF, FR, RF, RR): (6, 7025, 7, 4)
[0000][PE] skip orientation FF as there are not enough pairs
[0000][PE] analyzing insert size distribution for orientation FR...
[0000][PE] (25, 50, 75) percentile: (377, 444, 521)
[0000][PE] low and high boundaries for computing mean and std.dev: (89, 809)
[0000][PE] mean and std.dev: (451.88, 110.40)
[0000][PE] low and high boundaries for proper pairs: (1, 953)
[0000][PE] skip orientation RF as there are not enough pairs
[0000][PE] skip orientation RR as there are not enough pairs
[0000] 3. Calling kt_for - worker_sam
	[0000][ M::mem_process_seqs] Processed 66236 reads in 29.974 CPU sec, 30.947 real sec
[0000] Calling mem_process_seqs.., task: 1
[0000] 1. Calling kt_for - worker_bwt
[0000] read_chunk: 10000000, work_chunk_size: 0, nseq: 0
[0000] 2. Calling kt_for - worker_aln
[0000] Inferring insert size distribution of PE reads from data, l_pac: 144447643, n: 27888
[0000][PE] # candidate unique pairs for (FF, FR, RF, RR): (0, 2883, 2, 0)
[0000][PE] skip orientation FF as there are not enough pairs
[0000][PE] analyzing insert size distribution for orientation FR...
[0000][PE] (25, 50, 75) percentile: (397, 467, 552)
[0000][PE] low and high boundaries for computing mean and std.dev: (87, 862)
[0000][PE] mean and std.dev: (476.30, 115.11)
[0000][PE] low and high boundaries for proper pairs: (1, 1017)
[0000][PE] skip orientation RF as there are not enough pairs
[0000][PE] skip orientation RR as there are not enough pairs
[0000] 3. Calling kt_for - worker_sam
	[0000][ M::mem_process_seqs] Processed 27888 reads in 12.762 CPU sec, 13.039 real sec
[0000] read_chunk: 10000000, work_chunk_size: 0, nseq: 0
[0000] Computation ends..
No. of OMP threads: 1
Processor is running @2645.212033 MHz
Runtime profile:

	Time taken for main_mem function: 45.31 sec

	IO times (sec) :
	Reading IO time (reads) avg: 0.14, (0.14, 0.14)
	Writing IO time (SAM) avg: 2.10, (2.10, 2.10)
	Reading IO time (Reference Genome) avg: 0.17, (0.17, 0.17)
	Index read time avg: 0.29, (0.29, 0.29)

	Overall time (sec) (Excluding Index reading time):
	PROCESS() (Total compute time + (read + SAM) IO time) : 44.77
	MEM_PROCESS_SEQ() (Total compute time (Kernel + SAM)), avg: 43.98, (43.98, 43.98)

	 SAM Processing time (sec):
	--WORKER_SAM avg: 25.11, (25.11, 25.11)

	Kernels' compute time (sec):
	Total kernel (smem+sal+bsw) time avg: 18.84, (18.84, 18.84)
		SMEM compute avg: 4.95, (4.95, 4.95)
		SAL compute avg: 2.54, (2.54, 2.54)
				MEM_SA avg: 1.20, (1.20, 1.20)

		BSW time, avg: 10.65, (10.65, 10.65)

Important parameter settings: 
	BATCH_SIZE: 512
	MAX_SEQ_LEN_REF: 256
	MAX_SEQ_LEN_QER: 128
	MAX_SEQ_LEN8: 128
	SEEDS_PER_READ: 500
	SIMD_WIDTH8 X: 32
	SIMD_WIDTH16 X: 16
	AVG_SEEDS_PER_READ: 64
## filter-stats: kept 11899; removed 83633
[1360] final BAM reads: 11899
=== [1360] done ===
=== [Doc3] starting in candidate_regions_data/JUT-008_MUN-009/Doc3.mni1 ===
[Doc3] contig count: 1  (Doc3)
[Doc3] hits.bam reads: 25824
[Doc3] qname count:  13140
[Doc3] pair.bam reads: 28737
[M::bam2fq_mainloop] discarded 0 singletons
[M::bam2fq_mainloop] processed 26280 reads
[Doc3] FASTQ1 lines: 52560
[Doc3] FASTQ2 lines: 52560
Looking to launch executable "/work/users/a/d/adaigle/.conda/envs/TEforest/bin/bwa-mem2.avx2", simd = .avx2
Launching executable "/work/users/a/d/adaigle/.conda/envs/TEforest/bin/bwa-mem2.avx2"
-----------------------------
Executing in AVX2 mode!!
-----------------------------
* SA compression enabled with xfactor: 8
* Ref file: fastp/ref_genome
* Entering FMI_search
* Index file found. Loading index from fastp/ref_genome.bwt.2bit.64
* Reference seq len for bi-index = 288895287
* sentinel-index: 149660069
* Count:
0,	1
1,	83687631
2,	144447644
3,	205207657
4,	288895287

* Reading other elements of the index from files fastp/ref_genome
* Index prefix: fastp/ref_genome
* Read 0 ALT contigs
* Done reading Index!!
* Reading reference genome..
* Binary seq file = fastp/ref_genome.0123
* Reference genome size: 288895286 bp
* Done reading reference genome !!

------------------------------------------
1. Memory pre-allocation for Chaining: 139.3584 MB
2. Memory pre-allocation for BSW: 239.6170 MB
3. Memory pre-allocation for BWT: 77.3142 MB
------------------------------------------
* Threads used (compute): 1
* No. of pipeline threads: 2

[0000] read_chunk: 10000000, work_chunk_size: 3967270, nseq: 26280
	[0000][ M::kt_pipeline] read 26280 sequences (3967270 bp)...
[0000] Calling mem_process_seqs.., task: 0
[0000] read_chunk: 10000000, work_chunk_size: 0, nseq: 0
[0000] 1. Calling kt_for - worker_bwt
[0000] 2. Calling kt_for - worker_aln
[0000] Inferring insert size distribution of PE reads from data, l_pac: 144447643, n: 26280
[0000][PE] # candidate unique pairs for (FF, FR, RF, RR): (0, 2696, 0, 0)
[0000][PE] skip orientation FF as there are not enough pairs
[0000][PE] analyzing insert size distribution for orientation FR...
[0000][PE] (25, 50, 75) percentile: (384, 456, 534)
[0000][PE] low and high boundaries for computing mean and std.dev: (84, 834)
[0000][PE] mean and std.dev: (460.48, 114.47)
[0000][PE] low and high boundaries for proper pairs: (1, 984)
[0000][PE] skip orientation RF as there are not enough pairs
[0000][PE] skip orientation RR as there are not enough pairs
[0000] 3. Calling kt_for - worker_sam
	[0000][ M::mem_process_seqs] Processed 26280 reads in 6.937 CPU sec, 6.986 real sec
[0000] read_chunk: 10000000, work_chunk_size: 0, nseq: 0
[0000] Computation ends..
No. of OMP threads: 1
Processor is running @2645.153415 MHz
Runtime profile:

	Time taken for main_mem function: 8.33 sec

	IO times (sec) :
	Reading IO time (reads) avg: 0.04, (0.04, 0.04)
	Writing IO time (SAM) avg: 0.54, (0.54, 0.54)
	Reading IO time (Reference Genome) avg: 0.18, (0.18, 0.18)
	Index read time avg: 0.48, (0.48, 0.48)

	Overall time (sec) (Excluding Index reading time):
	PROCESS() (Total compute time + (read + SAM) IO time) : 7.57
	MEM_PROCESS_SEQ() (Total compute time (Kernel + SAM)), avg: 6.99, (6.99, 6.99)

	 SAM Processing time (sec):
	--WORKER_SAM avg: 3.04, (3.04, 3.04)

	Kernels' compute time (sec):
	Total kernel (smem+sal+bsw) time avg: 3.94, (3.94, 3.94)
		SMEM compute avg: 1.04, (1.04, 1.04)
		SAL compute avg: 0.56, (0.56, 0.56)
				MEM_SA avg: 0.26, (0.26, 0.26)

		BSW time, avg: 2.24, (2.24, 2.24)

Important parameter settings: 
	BATCH_SIZE: 512
	MAX_SEQ_LEN_REF: 256
	MAX_SEQ_LEN_QER: 128
	MAX_SEQ_LEN8: 128
	SEEDS_PER_READ: 500
	SIMD_WIDTH8 X: 32
	SIMD_WIDTH16 X: 16
	AVG_SEEDS_PER_READ: 64
## filter-stats: kept 2406; removed 24209
[Doc3] final BAM reads: 2406
=== [Doc3] done ===
=== [G4] starting in candidate_regions_data/JUT-008_MUN-009/G4.jaGo ===
[G4] contig count: 1  (G4)
[G4] hits.bam reads: 7802
[G4] qname count:  4117
[G4] pair.bam reads: 8968
[M::bam2fq_mainloop] discarded 0 singletons
[M::bam2fq_mainloop] processed 8234 reads
[G4] FASTQ1 lines: 16468
[G4] FASTQ2 lines: 16468
Looking to launch executable "/work/users/a/d/adaigle/.conda/envs/TEforest/bin/bwa-mem2.avx2", simd = .avx2
Launching executable "/work/users/a/d/adaigle/.conda/envs/TEforest/bin/bwa-mem2.avx2"
-----------------------------
Executing in AVX2 mode!!
-----------------------------
* SA compression enabled with xfactor: 8
* Ref file: fastp/ref_genome
* Entering FMI_search
* Index file found. Loading index from fastp/ref_genome.bwt.2bit.64
* Reference seq len for bi-index = 288895287
* sentinel-index: 149660069
* Count:
0,	1
1,	83687631
2,	144447644
3,	205207657
4,	288895287

* Reading other elements of the index from files fastp/ref_genome
* Index prefix: fastp/ref_genome
* Read 0 ALT contigs
* Done reading Index!!
* Reading reference genome..
* Binary seq file = fastp/ref_genome.0123
* Reference genome size: 288895286 bp
* Done reading reference genome !!

------------------------------------------
1. Memory pre-allocation for Chaining: 139.3584 MB
2. Memory pre-allocation for BSW: 239.6170 MB
3. Memory pre-allocation for BWT: 77.3142 MB
------------------------------------------
* Threads used (compute): 1
* No. of pipeline threads: 2

[0000] read_chunk: 10000000, work_chunk_size: 1243170, nseq: 8234
	[0000][ M::kt_pipeline] read 8234 sequences (1243170 bp)...
[0000] Calling mem_process_seqs.., task: 0
[0000] read_chunk: 10000000, work_chunk_size: 0, nseq: 0
[0000] 1. Calling kt_for - worker_bwt
[0000] 2. Calling kt_for - worker_aln
[0000] Inferring insert size distribution of PE reads from data, l_pac: 144447643, n: 8234
[0000][PE] # candidate unique pairs for (FF, FR, RF, RR): (0, 1526, 10, 0)
[0000][PE] skip orientation FF as there are not enough pairs
[0000][PE] analyzing insert size distribution for orientation FR...
[0000][PE] (25, 50, 75) percentile: (387, 457, 540)
[0000][PE] low and high boundaries for computing mean and std.dev: (81, 846)
[0000][PE] mean and std.dev: (463.83, 114.76)
[0000][PE] low and high boundaries for proper pairs: (1, 999)
[0000][PE] analyzing insert size distribution for orientation RF...
[0000][PE] (25, 50, 75) percentile: (67, 157, 218)
[0000][PE] low and high boundaries for computing mean and std.dev: (1, 520)
[0000][PE] mean and std.dev: (148.80, 79.51)
[0000][PE] low and high boundaries for proper pairs: (1, 671)
[0000][PE] skip orientation RR as there are not enough pairs
[0000][PE] skip orientation RF
[0000] 3. Calling kt_for - worker_sam
	[0000][ M::mem_process_seqs] Processed 8234 reads in 1.658 CPU sec, 1.669 real sec
[0000] read_chunk: 10000000, work_chunk_size: 0, nseq: 0
[0000] Computation ends..
No. of OMP threads: 1
Processor is running @2645.187494 MHz
Runtime profile:

	Time taken for main_mem function: 2.44 sec

	IO times (sec) :
	Reading IO time (reads) avg: 0.01, (0.01, 0.01)
	Writing IO time (SAM) avg: 0.16, (0.16, 0.16)
	Reading IO time (Reference Genome) avg: 0.17, (0.17, 0.17)
	Index read time avg: 0.31, (0.31, 0.31)

	Overall time (sec) (Excluding Index reading time):
	PROCESS() (Total compute time + (read + SAM) IO time) : 1.88
	MEM_PROCESS_SEQ() (Total compute time (Kernel + SAM)), avg: 1.68, (1.68, 1.68)

	 SAM Processing time (sec):
	--WORKER_SAM avg: 0.67, (0.67, 0.67)

	Kernels' compute time (sec):
	Total kernel (smem+sal+bsw) time avg: 1.00, (1.00, 1.00)
		SMEM compute avg: 0.29, (0.29, 0.29)
		SAL compute avg: 0.13, (0.13, 0.13)
				MEM_SA avg: 0.06, (0.06, 0.06)

		BSW time, avg: 0.56, (0.56, 0.56)

Important parameter settings: 
	BATCH_SIZE: 512
	MAX_SEQ_LEN_REF: 256
	MAX_SEQ_LEN_QER: 128
	MAX_SEQ_LEN8: 128
	SEEDS_PER_READ: 500
	SIMD_WIDTH8 X: 32
	SIMD_WIDTH16 X: 16
	AVG_SEEDS_PER_READ: 64
## filter-stats: kept 658; removed 7682
[G4] final BAM reads: 658
=== [G4] done ===
=== [G6] starting in candidate_regions_data/JUT-008_MUN-009/G6.Wqiq ===
[G6] contig count: 1  (G6)
[G6] hits.bam reads: 2916
[G6] qname count:  1481
[G6] pair.bam reads: 3144
[M::bam2fq_mainloop] discarded 0 singletons
[M::bam2fq_mainloop] processed 2962 reads
[G6] FASTQ1 lines: 5924
[G6] FASTQ2 lines: 5924
Looking to launch executable "/work/users/a/d/adaigle/.conda/envs/TEforest/bin/bwa-mem2.avx2", simd = .avx2
Launching executable "/work/users/a/d/adaigle/.conda/envs/TEforest/bin/bwa-mem2.avx2"
-----------------------------
Executing in AVX2 mode!!
-----------------------------
* SA compression enabled with xfactor: 8
* Ref file: fastp/ref_genome
* Entering FMI_search
* Index file found. Loading index from fastp/ref_genome.bwt.2bit.64
* Reference seq len for bi-index = 288895287
* sentinel-index: 149660069
* Count:
0,	1
1,	83687631
2,	144447644
3,	205207657
4,	288895287

* Reading other elements of the index from files fastp/ref_genome
* Index prefix: fastp/ref_genome
* Read 0 ALT contigs
* Done reading Index!!
* Reading reference genome..
* Binary seq file = fastp/ref_genome.0123
* Reference genome size: 288895286 bp
* Done reading reference genome !!

------------------------------------------
1. Memory pre-allocation for Chaining: 139.3584 MB
2. Memory pre-allocation for BSW: 239.6170 MB
3. Memory pre-allocation for BWT: 77.3142 MB
------------------------------------------
* Threads used (compute): 1
* No. of pipeline threads: 2

[0000] read_chunk: 10000000, work_chunk_size: 447122, nseq: 2962
	[0000][ M::kt_pipeline] read 2962 sequences (447122 bp)...
[0000] Calling mem_process_seqs.., task: 0
[0000] 1. Calling kt_for - worker_bwt
[0000] read_chunk: 10000000, work_chunk_size: 0, nseq: 0
[0000] 2. Calling kt_for - worker_aln
[0000] Inferring insert size distribution of PE reads from data, l_pac: 144447643, n: 2962
[0000][PE] # candidate unique pairs for (FF, FR, RF, RR): (0, 186, 0, 0)
[0000][PE] skip orientation FF as there are not enough pairs
[0000][PE] analyzing insert size distribution for orientation FR...
[0000][PE] (25, 50, 75) percentile: (393, 446, 527)
[0000][PE] low and high boundaries for computing mean and std.dev: (125, 795)
[0000][PE] mean and std.dev: (460.14, 107.78)
[0000][PE] low and high boundaries for proper pairs: (1, 929)
[0000][PE] skip orientation RF as there are not enough pairs
[0000][PE] skip orientation RR as there are not enough pairs
[0000] 3. Calling kt_for - worker_sam
	[0000][ M::mem_process_seqs] Processed 2962 reads in 1.138 CPU sec, 1.216 real sec
[0000] read_chunk: 10000000, work_chunk_size: 0, nseq: 0
[0000] Computation ends..
No. of OMP threads: 1
Processor is running @2645.184579 MHz
Runtime profile:

	Time taken for main_mem function: 1.85 sec

	IO times (sec) :
	Reading IO time (reads) avg: 0.00, (0.00, 0.00)
	Writing IO time (SAM) avg: 0.06, (0.06, 0.06)
	Reading IO time (Reference Genome) avg: 0.17, (0.17, 0.17)
	Index read time avg: 0.31, (0.31, 0.31)

	Overall time (sec) (Excluding Index reading time):
	PROCESS() (Total compute time + (read + SAM) IO time) : 1.29
	MEM_PROCESS_SEQ() (Total compute time (Kernel + SAM)), avg: 1.22, (1.22, 1.22)

	 SAM Processing time (sec):
	--WORKER_SAM avg: 0.46, (0.46, 0.46)

	Kernels' compute time (sec):
	Total kernel (smem+sal+bsw) time avg: 0.75, (0.75, 0.75)
		SMEM compute avg: 0.11, (0.11, 0.11)
		SAL compute avg: 0.07, (0.07, 0.07)
				MEM_SA avg: 0.03, (0.03, 0.03)

		BSW time, avg: 0.56, (0.56, 0.56)

Important parameter settings: 
	BATCH_SIZE: 512
	MAX_SEQ_LEN_REF: 256
	MAX_SEQ_LEN_QER: 128
	MAX_SEQ_LEN8: 128
	SEEDS_PER_READ: 500
	SIMD_WIDTH8 X: 32
	SIMD_WIDTH16 X: 16
	AVG_SEEDS_PER_READ: 64
## filter-stats: kept 740; removed 2335
[G6] final BAM reads: 740
=== [G6] done ===
=== [gypsy] starting in candidate_regions_data/JUT-008_MUN-009/gypsy.0rek ===
[gypsy] contig count: 1  (gypsy)
[gypsy] hits.bam reads: 13996
[gypsy] qname count:  7255
[gypsy] pair.bam reads: 14788
[M::bam2fq_mainloop] discarded 0 singletons
[M::bam2fq_mainloop] processed 14510 reads
[gypsy] FASTQ1 lines: 29020
[gypsy] FASTQ2 lines: 29020
Looking to launch executable "/work/users/a/d/adaigle/.conda/envs/TEforest/bin/bwa-mem2.avx2", simd = .avx2
Launching executable "/work/users/a/d/adaigle/.conda/envs/TEforest/bin/bwa-mem2.avx2"
-----------------------------
Executing in AVX2 mode!!
-----------------------------
* SA compression enabled with xfactor: 8
* Ref file: fastp/ref_genome
* Entering FMI_search
* Index file found. Loading index from fastp/ref_genome.bwt.2bit.64
* Reference seq len for bi-index = 288895287
* sentinel-index: 149660069
* Count:
0,	1
1,	83687631
2,	144447644
3,	205207657
4,	288895287

* Reading other elements of the index from files fastp/ref_genome
* Index prefix: fastp/ref_genome
* Read 0 ALT contigs
* Done reading Index!!
* Reading reference genome..
* Binary seq file = fastp/ref_genome.0123
* Reference genome size: 288895286 bp
* Done reading reference genome !!

------------------------------------------
1. Memory pre-allocation for Chaining: 139.3584 MB
2. Memory pre-allocation for BSW: 239.6170 MB
3. Memory pre-allocation for BWT: 77.3142 MB
------------------------------------------
* Threads used (compute): 1
* No. of pipeline threads: 2

[0000] read_chunk: 10000000, work_chunk_size: 2190612, nseq: 14510
	[0000][ M::kt_pipeline] read 14510 sequences (2190612 bp)...
[0000] Calling mem_process_seqs.., task: 0
[0000] read_chunk: 10000000, work_chunk_size: 0, nseq: 0
[0000] 1. Calling kt_for - worker_bwt
[0000] 2. Calling kt_for - worker_aln
[0000] Inferring insert size distribution of PE reads from data, l_pac: 144447643, n: 14510
[0000][PE] # candidate unique pairs for (FF, FR, RF, RR): (0, 989, 0, 0)
[0000][PE] skip orientation FF as there are not enough pairs
[0000][PE] analyzing insert size distribution for orientation FR...
[0000][PE] (25, 50, 75) percentile: (375, 438, 529)
[0000][PE] low and high boundaries for computing mean and std.dev: (67, 837)
[0000][PE] mean and std.dev: (449.00, 114.29)
[0000][PE] low and high boundaries for proper pairs: (1, 991)
[0000][PE] skip orientation RF as there are not enough pairs
[0000][PE] skip orientation RR as there are not enough pairs
[0000] 3. Calling kt_for - worker_sam
	[0000][ M::mem_process_seqs] Processed 14510 reads in 4.113 CPU sec, 4.179 real sec
[0000] read_chunk: 10000000, work_chunk_size: 0, nseq: 0
[0000] Computation ends..
No. of OMP threads: 1
Processor is running @2645.207740 MHz
Runtime profile:

	Time taken for main_mem function: 5.07 sec

	IO times (sec) :
	Reading IO time (reads) avg: 0.02, (0.02, 0.02)
	Writing IO time (SAM) avg: 0.29, (0.29, 0.29)
	Reading IO time (Reference Genome) avg: 0.17, (0.17, 0.17)
	Index read time avg: 0.31, (0.31, 0.31)

	Overall time (sec) (Excluding Index reading time):
	PROCESS() (Total compute time + (read + SAM) IO time) : 4.51
	MEM_PROCESS_SEQ() (Total compute time (Kernel + SAM)), avg: 4.18, (4.18, 4.18)

	 SAM Processing time (sec):
	--WORKER_SAM avg: 1.47, (1.47, 1.47)

	Kernels' compute time (sec):
	Total kernel (smem+sal+bsw) time avg: 2.70, (2.70, 2.70)
		SMEM compute avg: 0.55, (0.55, 0.55)
		SAL compute avg: 0.31, (0.31, 0.31)
				MEM_SA avg: 0.17, (0.17, 0.17)

		BSW time, avg: 1.78, (1.78, 1.78)

Important parameter settings: 
	BATCH_SIZE: 512
	MAX_SEQ_LEN_REF: 256
	MAX_SEQ_LEN_QER: 128
	MAX_SEQ_LEN8: 128
	SEEDS_PER_READ: 500
	SIMD_WIDTH8 X: 32
	SIMD_WIDTH16 X: 16
	AVG_SEEDS_PER_READ: 64
## filter-stats: kept 2071; removed 12751
[gypsy] final BAM reads: 2071
=== [gypsy] done ===
=== [looper1] starting in candidate_regions_data/JUT-008_MUN-009/looper1.JwlM ===
[looper1] contig count: 1  (looper1)
[looper1] hits.bam reads: 6322
[looper1] qname count:  4641
[looper1] pair.bam reads: 10999
[M::bam2fq_mainloop] discarded 0 singletons
[M::bam2fq_mainloop] processed 9282 reads
[looper1] FASTQ1 lines: 18564
[looper1] FASTQ2 lines: 18564
Looking to launch executable "/work/users/a/d/adaigle/.conda/envs/TEforest/bin/bwa-mem2.avx2", simd = .avx2
Launching executable "/work/users/a/d/adaigle/.conda/envs/TEforest/bin/bwa-mem2.avx2"
-----------------------------
Executing in AVX2 mode!!
-----------------------------
* SA compression enabled with xfactor: 8
* Ref file: fastp/ref_genome
* Entering FMI_search
* Index file found. Loading index from fastp/ref_genome.bwt.2bit.64
* Reference seq len for bi-index = 288895287
* sentinel-index: 149660069
* Count:
0,	1
1,	83687631
2,	144447644
3,	205207657
4,	288895287

* Reading other elements of the index from files fastp/ref_genome
* Index prefix: fastp/ref_genome
* Read 0 ALT contigs
* Done reading Index!!
* Reading reference genome..
* Binary seq file = fastp/ref_genome.0123
* Reference genome size: 288895286 bp
* Done reading reference genome !!

------------------------------------------
1. Memory pre-allocation for Chaining: 139.3584 MB
2. Memory pre-allocation for BSW: 239.6170 MB
3. Memory pre-allocation for BWT: 77.3142 MB
------------------------------------------
* Threads used (compute): 1
* No. of pipeline threads: 2

[0000] read_chunk: 10000000, work_chunk_size: 1401204, nseq: 9282
	[0000][ M::kt_pipeline] read 9282 sequences (1401204 bp)...
[0000] read_chunk: 10000000, work_chunk_size: 0, nseq: 0
[0000] Calling mem_process_seqs.., task: 0
[0000] 1. Calling kt_for - worker_bwt
[0000] 2. Calling kt_for - worker_aln
[0000] Inferring insert size distribution of PE reads from data, l_pac: 144447643, n: 9282
[0000][PE] # candidate unique pairs for (FF, FR, RF, RR): (0, 1049, 1, 0)
[0000][PE] skip orientation FF as there are not enough pairs
[0000][PE] analyzing insert size distribution for orientation FR...
[0000][PE] (25, 50, 75) percentile: (387, 455, 543)
[0000][PE] low and high boundaries for computing mean and std.dev: (75, 855)
[0000][PE] mean and std.dev: (467.00, 116.27)
[0000][PE] low and high boundaries for proper pairs: (1, 1011)
[0000][PE] skip orientation RF as there are not enough pairs
[0000][PE] skip orientation RR as there are not enough pairs
[0000] 3. Calling kt_for - worker_sam
	[0000][ M::mem_process_seqs] Processed 9282 reads in 3.116 CPU sec, 3.147 real sec
[0000] read_chunk: 10000000, work_chunk_size: 0, nseq: 0
[0000] Computation ends..
No. of OMP threads: 1
Processor is running @2645.190012 MHz
Runtime profile:

	Time taken for main_mem function: 3.90 sec

	IO times (sec) :
	Reading IO time (reads) avg: 0.01, (0.01, 0.01)
	Writing IO time (SAM) avg: 0.18, (0.18, 0.18)
	Reading IO time (Reference Genome) avg: 0.16, (0.16, 0.16)
	Index read time avg: 0.24, (0.24, 0.24)

	Overall time (sec) (Excluding Index reading time):
	PROCESS() (Total compute time + (read + SAM) IO time) : 3.35
	MEM_PROCESS_SEQ() (Total compute time (Kernel + SAM)), avg: 3.15, (3.15, 3.15)

	 SAM Processing time (sec):
	--WORKER_SAM avg: 1.67, (1.67, 1.67)

	Kernels' compute time (sec):
	Total kernel (smem+sal+bsw) time avg: 1.48, (1.48, 1.48)
		SMEM compute avg: 0.39, (0.39, 0.39)
		SAL compute avg: 0.19, (0.19, 0.19)
				MEM_SA avg: 0.09, (0.09, 0.09)

		BSW time, avg: 0.86, (0.86, 0.86)

Important parameter settings: 
	BATCH_SIZE: 512
	MAX_SEQ_LEN_REF: 256
	MAX_SEQ_LEN_QER: 128
	MAX_SEQ_LEN8: 128
	SEEDS_PER_READ: 500
	SIMD_WIDTH8 X: 32
	SIMD_WIDTH16 X: 16
	AVG_SEEDS_PER_READ: 64
## filter-stats: kept 799; removed 8583
[looper1] final BAM reads: 799
=== [looper1] done ===
=== [gypsy8] starting in candidate_regions_data/JUT-008_MUN-009/gypsy8.HiLE ===
[gypsy8] contig count: 1  (gypsy8)
[gypsy8] hits.bam reads: 16011
[gypsy8] qname count:  8434
[gypsy8] pair.bam reads: 17729
[M::bam2fq_mainloop] discarded 0 singletons
[M::bam2fq_mainloop] processed 16868 reads
[gypsy8] FASTQ1 lines: 33736
[gypsy8] FASTQ2 lines: 33736
Looking to launch executable "/work/users/a/d/adaigle/.conda/envs/TEforest/bin/bwa-mem2.avx2", simd = .avx2
Launching executable "/work/users/a/d/adaigle/.conda/envs/TEforest/bin/bwa-mem2.avx2"
-----------------------------
Executing in AVX2 mode!!
-----------------------------
* SA compression enabled with xfactor: 8
* Ref file: fastp/ref_genome
* Entering FMI_search
* Index file found. Loading index from fastp/ref_genome.bwt.2bit.64
* Reference seq len for bi-index = 288895287
* sentinel-index: 149660069
* Count:
0,	1
1,	83687631
2,	144447644
3,	205207657
4,	288895287

* Reading other elements of the index from files fastp/ref_genome
* Index prefix: fastp/ref_genome
* Read 0 ALT contigs
* Done reading Index!!
* Reading reference genome..
* Binary seq file = fastp/ref_genome.0123
* Reference genome size: 288895286 bp
* Done reading reference genome !!

------------------------------------------
1. Memory pre-allocation for Chaining: 139.3584 MB
2. Memory pre-allocation for BSW: 239.6170 MB
3. Memory pre-allocation for BWT: 77.3142 MB
------------------------------------------
* Threads used (compute): 1
* No. of pipeline threads: 2

[0000] read_chunk: 10000000, work_chunk_size: 2545704, nseq: 16868
	[0000][ M::kt_pipeline] read 16868 sequences (2545704 bp)...
[0000] Calling mem_process_seqs.., task: 0
[0000] 1. Calling kt_for - worker_bwt
[0000] read_chunk: 10000000, work_chunk_size: 0, nseq: 0
[0000] 2. Calling kt_for - worker_aln
[0000] Inferring insert size distribution of PE reads from data, l_pac: 144447643, n: 16868
[0000][PE] # candidate unique pairs for (FF, FR, RF, RR): (0, 3922, 6, 0)
[0000][PE] skip orientation FF as there are not enough pairs
[0000][PE] analyzing insert size distribution for orientation FR...
[0000][PE] (25, 50, 75) percentile: (387, 456, 540)
[0000][PE] low and high boundaries for computing mean and std.dev: (81, 846)
[0000][PE] mean and std.dev: (464.89, 113.63)
[0000][PE] low and high boundaries for proper pairs: (1, 999)
[0000][PE] skip orientation RF as there are not enough pairs
[0000][PE] skip orientation RR as there are not enough pairs
[0000] 3. Calling kt_for - worker_sam
	[0000][ M::mem_process_seqs] Processed 16868 reads in 3.628 CPU sec, 3.666 real sec
[0000] read_chunk: 10000000, work_chunk_size: 0, nseq: 0
[0000] Computation ends..
No. of OMP threads: 1
Processor is running @2645.202864 MHz
Runtime profile:

	Time taken for main_mem function: 4.59 sec

	IO times (sec) :
	Reading IO time (reads) avg: 0.02, (0.02, 0.02)
	Writing IO time (SAM) avg: 0.35, (0.35, 0.35)
	Reading IO time (Reference Genome) avg: 0.17, (0.17, 0.17)
	Index read time avg: 0.30, (0.30, 0.30)

	Overall time (sec) (Excluding Index reading time):
	PROCESS() (Total compute time + (read + SAM) IO time) : 4.04
	MEM_PROCESS_SEQ() (Total compute time (Kernel + SAM)), avg: 3.67, (3.67, 3.67)

	 SAM Processing time (sec):
	--WORKER_SAM avg: 1.48, (1.48, 1.48)

	Kernels' compute time (sec):
	Total kernel (smem+sal+bsw) time avg: 2.18, (2.18, 2.18)
		SMEM compute avg: 0.64, (0.64, 0.64)
		SAL compute avg: 0.24, (0.24, 0.24)
				MEM_SA avg: 0.12, (0.12, 0.12)

		BSW time, avg: 1.23, (1.23, 1.23)

Important parameter settings: 
	BATCH_SIZE: 512
	MAX_SEQ_LEN_REF: 256
	MAX_SEQ_LEN_QER: 128
	MAX_SEQ_LEN8: 128
	SEEDS_PER_READ: 500
	SIMD_WIDTH8 X: 32
	SIMD_WIDTH16 X: 16
	AVG_SEEDS_PER_READ: 64
## filter-stats: kept 2393; removed 14765
[gypsy8] final BAM reads: 2393
=== [gypsy8] done ===
=== [Tc1_2] starting in candidate_regions_data/JUT-008_MUN-009/Tc1_2.Xsxc ===
[Tc1_2] contig count: 1  (Tc1_2)
[Tc1_2] hits.bam reads: 6122
[Tc1_2] qname count:  3070
[Tc1_2] pair.bam reads: 6458
[M::bam2fq_mainloop] discarded 0 singletons
[M::bam2fq_mainloop] processed 6140 reads
[Tc1_2] FASTQ1 lines: 12280
[Tc1_2] FASTQ2 lines: 12280
Looking to launch executable "/work/users/a/d/adaigle/.conda/envs/TEforest/bin/bwa-mem2.avx2", simd = .avx2
Launching executable "/work/users/a/d/adaigle/.conda/envs/TEforest/bin/bwa-mem2.avx2"
-----------------------------
Executing in AVX2 mode!!
-----------------------------
* SA compression enabled with xfactor: 8
* Ref file: fastp/ref_genome
* Entering FMI_search
* Index file found. Loading index from fastp/ref_genome.bwt.2bit.64
* Reference seq len for bi-index = 288895287
* sentinel-index: 149660069
* Count:
0,	1
1,	83687631
2,	144447644
3,	205207657
4,	288895287

* Reading other elements of the index from files fastp/ref_genome
* Index prefix: fastp/ref_genome
* Read 0 ALT contigs
* Done reading Index!!
* Reading reference genome..
* Binary seq file = fastp/ref_genome.0123
* Reference genome size: 288895286 bp
* Done reading reference genome !!

------------------------------------------
1. Memory pre-allocation for Chaining: 139.3584 MB
2. Memory pre-allocation for BSW: 239.6170 MB
3. Memory pre-allocation for BWT: 77.3142 MB
------------------------------------------
* Threads used (compute): 1
* No. of pipeline threads: 2

[0000] read_chunk: 10000000, work_chunk_size: 927076, nseq: 6140
	[0000][ M::kt_pipeline] read 6140 sequences (927076 bp)...
[0000] read_chunk: 10000000, work_chunk_size: 0, nseq: 0
[0000] Calling mem_process_seqs.., task: 0
[0000] 1. Calling kt_for - worker_bwt
[0000] 2. Calling kt_for - worker_aln
[0000] Inferring insert size distribution of PE reads from data, l_pac: 144447643, n: 6140
[0000][PE] # candidate unique pairs for (FF, FR, RF, RR): (4, 1555, 0, 4)
[0000][PE] skip orientation FF as there are not enough pairs
[0000][PE] analyzing insert size distribution for orientation FR...
[0000][PE] (25, 50, 75) percentile: (385, 453, 525)
[0000][PE] low and high boundaries for computing mean and std.dev: (105, 805)
[0000][PE] mean and std.dev: (455.61, 109.59)
[0000][PE] low and high boundaries for proper pairs: (1, 945)
[0000][PE] skip orientation RF as there are not enough pairs
[0000][PE] skip orientation RR as there are not enough pairs
[0000] 3. Calling kt_for - worker_sam
	[0000][ M::mem_process_seqs] Processed 6140 reads in 1.344 CPU sec, 1.372 real sec
[0000] read_chunk: 10000000, work_chunk_size: 0, nseq: 0
[0000] Computation ends..
No. of OMP threads: 1
Processor is running @2645.191495 MHz
Runtime profile:

	Time taken for main_mem function: 2.11 sec

	IO times (sec) :
	Reading IO time (reads) avg: 0.01, (0.01, 0.01)
	Writing IO time (SAM) avg: 0.11, (0.11, 0.11)
	Reading IO time (Reference Genome) avg: 0.17, (0.17, 0.17)
	Index read time avg: 0.34, (0.34, 0.34)

	Overall time (sec) (Excluding Index reading time):
	PROCESS() (Total compute time + (read + SAM) IO time) : 1.50
	MEM_PROCESS_SEQ() (Total compute time (Kernel + SAM)), avg: 1.37, (1.37, 1.37)

	 SAM Processing time (sec):
	--WORKER_SAM avg: 0.58, (0.58, 0.58)

	Kernels' compute time (sec):
	Total kernel (smem+sal+bsw) time avg: 0.80, (0.80, 0.80)
		SMEM compute avg: 0.24, (0.24, 0.24)
		SAL compute avg: 0.09, (0.09, 0.09)
				MEM_SA avg: 0.04, (0.04, 0.04)

		BSW time, avg: 0.46, (0.46, 0.46)

Important parameter settings: 
	BATCH_SIZE: 512
	MAX_SEQ_LEN_REF: 256
	MAX_SEQ_LEN_QER: 128
	MAX_SEQ_LEN8: 128
	SEEDS_PER_READ: 500
	SIMD_WIDTH8 X: 32
	SIMD_WIDTH16 X: 16
	AVG_SEEDS_PER_READ: 64
## filter-stats: kept 703; removed 5529
[Tc1_2] final BAM reads: 703
=== [Tc1_2] done ===
=== [gypsy6] starting in candidate_regions_data/JUT-008_MUN-009/gypsy6.Qxkj ===
[gypsy6] contig count: 1  (gypsy6)
[gypsy6] hits.bam reads: 20322
[gypsy6] qname count:  10633
[gypsy6] pair.bam reads: 22368
[M::bam2fq_mainloop] discarded 0 singletons
[M::bam2fq_mainloop] processed 21266 reads
[gypsy6] FASTQ1 lines: 42532
[gypsy6] FASTQ2 lines: 42532
Looking to launch executable "/work/users/a/d/adaigle/.conda/envs/TEforest/bin/bwa-mem2.avx2", simd = .avx2
Launching executable "/work/users/a/d/adaigle/.conda/envs/TEforest/bin/bwa-mem2.avx2"
-----------------------------
Executing in AVX2 mode!!
-----------------------------
* SA compression enabled with xfactor: 8
* Ref file: fastp/ref_genome
* Entering FMI_search
* Index file found. Loading index from fastp/ref_genome.bwt.2bit.64
* Reference seq len for bi-index = 288895287
* sentinel-index: 149660069
* Count:
0,	1
1,	83687631
2,	144447644
3,	205207657
4,	288895287

* Reading other elements of the index from files fastp/ref_genome
* Index prefix: fastp/ref_genome
* Read 0 ALT contigs
* Done reading Index!!
* Reading reference genome..
* Binary seq file = fastp/ref_genome.0123
* Reference genome size: 288895286 bp
* Done reading reference genome !!

------------------------------------------
1. Memory pre-allocation for Chaining: 139.3584 MB
2. Memory pre-allocation for BSW: 239.6170 MB
3. Memory pre-allocation for BWT: 77.3142 MB
------------------------------------------
* Threads used (compute): 1
* No. of pipeline threads: 2

[0000] read_chunk: 10000000, work_chunk_size: 3210506, nseq: 21266
	[0000][ M::kt_pipeline] read 21266 sequences (3210506 bp)...
[0000] read_chunk: 10000000, work_chunk_size: 0, nseq: 0
[0000] Calling mem_process_seqs.., task: 0
[0000] 1. Calling kt_for - worker_bwt
[0000] 2. Calling kt_for - worker_aln
[0000] Inferring insert size distribution of PE reads from data, l_pac: 144447643, n: 21266
[0000][PE] # candidate unique pairs for (FF, FR, RF, RR): (0, 945, 0, 0)
[0000][PE] skip orientation FF as there are not enough pairs
[0000][PE] analyzing insert size distribution for orientation FR...
[0000][PE] (25, 50, 75) percentile: (364, 428, 505)
[0000][PE] low and high boundaries for computing mean and std.dev: (82, 787)
[0000][PE] mean and std.dev: (430.68, 116.32)
[0000][PE] low and high boundaries for proper pairs: (1, 928)
[0000][PE] skip orientation RF as there are not enough pairs
[0000][PE] skip orientation RR as there are not enough pairs
[0000] 3. Calling kt_for - worker_sam
	[0000][ M::mem_process_seqs] Processed 21266 reads in 8.018 CPU sec, 8.124 real sec
[0000] read_chunk: 10000000, work_chunk_size: 0, nseq: 0
[0000] Computation ends..
No. of OMP threads: 1
Processor is running @2645.198598 MHz
Runtime profile:

	Time taken for main_mem function: 9.19 sec

	IO times (sec) :
	Reading IO time (reads) avg: 0.03, (0.03, 0.03)
	Writing IO time (SAM) avg: 0.44, (0.44, 0.44)
	Reading IO time (Reference Genome) avg: 0.17, (0.17, 0.17)
	Index read time avg: 0.34, (0.34, 0.34)

	Overall time (sec) (Excluding Index reading time):
	PROCESS() (Total compute time + (read + SAM) IO time) : 8.60
	MEM_PROCESS_SEQ() (Total compute time (Kernel + SAM)), avg: 8.12, (8.12, 8.12)

	 SAM Processing time (sec):
	--WORKER_SAM avg: 2.67, (2.67, 2.67)

	Kernels' compute time (sec):
	Total kernel (smem+sal+bsw) time avg: 5.45, (5.45, 5.45)
		SMEM compute avg: 0.85, (0.85, 0.85)
		SAL compute avg: 0.45, (0.45, 0.45)
				MEM_SA avg: 0.23, (0.23, 0.23)

		BSW time, avg: 4.07, (4.07, 4.07)

Important parameter settings: 
	BATCH_SIZE: 512
	MAX_SEQ_LEN_REF: 256
	MAX_SEQ_LEN_QER: 128
	MAX_SEQ_LEN8: 128
	SEEDS_PER_READ: 500
	SIMD_WIDTH8 X: 32
	SIMD_WIDTH16 X: 16
	AVG_SEEDS_PER_READ: 64
## filter-stats: kept 2431; removed 19159
[gypsy6] final BAM reads: 2431
=== [gypsy6] done ===
=== [P_element] starting in candidate_regions_data/JUT-008_MUN-009/P_element.0gl9 ===
[P_element] contig count: 1  (P_element)
[P_element] hits.bam reads: 11173
[P_element] qname count:  5321
[P_element] pair.bam reads: 11429
[M::bam2fq_mainloop] discarded 0 singletons
[M::bam2fq_mainloop] processed 10642 reads
[P_element] FASTQ1 lines: 21284
[P_element] FASTQ2 lines: 21284
Looking to launch executable "/work/users/a/d/adaigle/.conda/envs/TEforest/bin/bwa-mem2.avx2", simd = .avx2
Launching executable "/work/users/a/d/adaigle/.conda/envs/TEforest/bin/bwa-mem2.avx2"
-----------------------------
Executing in AVX2 mode!!
-----------------------------
* SA compression enabled with xfactor: 8
* Ref file: fastp/ref_genome
* Entering FMI_search
* Index file found. Loading index from fastp/ref_genome.bwt.2bit.64
* Reference seq len for bi-index = 288895287
* sentinel-index: 149660069
* Count:
0,	1
1,	83687631
2,	144447644
3,	205207657
4,	288895287

* Reading other elements of the index from files fastp/ref_genome
* Index prefix: fastp/ref_genome
* Read 0 ALT contigs
* Done reading Index!!
* Reading reference genome..
* Binary seq file = fastp/ref_genome.0123
* Reference genome size: 288895286 bp
* Done reading reference genome !!

------------------------------------------
1. Memory pre-allocation for Chaining: 139.3584 MB
2. Memory pre-allocation for BSW: 239.6170 MB
3. Memory pre-allocation for BWT: 77.3142 MB
------------------------------------------
* Threads used (compute): 1
* No. of pipeline threads: 2

[0000] read_chunk: 10000000, work_chunk_size: 1606696, nseq: 10642
	[0000][ M::kt_pipeline] read 10642 sequences (1606696 bp)...
[0000] Calling mem_process_seqs.., task: 0
[0000] 1. Calling kt_for - worker_bwt
[0000] read_chunk: 10000000, work_chunk_size: 0, nseq: 0
[0000] 2. Calling kt_for - worker_aln
[0000] Inferring insert size distribution of PE reads from data, l_pac: 144447643, n: 10642
[0000][PE] # candidate unique pairs for (FF, FR, RF, RR): (3, 2447, 16, 0)
[0000][PE] skip orientation FF as there are not enough pairs
[0000][PE] analyzing insert size distribution for orientation FR...
[0000][PE] (25, 50, 75) percentile: (370, 488, 2855)
[0000][PE] low and high boundaries for computing mean and std.dev: (1, 7825)
[0000][PE] mean and std.dev: (1218.35, 1214.59)
[0000][PE] low and high boundaries for proper pairs: (1, 10310)
[0000][PE] analyzing insert size distribution for orientation RF...
[0000][PE] (25, 50, 75) percentile: (3132, 3186, 3222)
[0000][PE] low and high boundaries for computing mean and std.dev: (2952, 3402)
[0000][PE] mean and std.dev: (3188.21, 57.68)
[0000][PE] low and high boundaries for proper pairs: (2862, 3492)
[0000][PE] skip orientation RR as there are not enough pairs
[0000][PE] skip orientation RF
[0000] 3. Calling kt_for - worker_sam
	[0000][ M::mem_process_seqs] Processed 10642 reads in 3.309 CPU sec, 3.433 real sec
[0000] read_chunk: 10000000, work_chunk_size: 0, nseq: 0
[0000] Computation ends..
No. of OMP threads: 1
Processor is running @2645.200982 MHz
Runtime profile:

	Time taken for main_mem function: 4.22 sec

	IO times (sec) :
	Reading IO time (reads) avg: 0.01, (0.01, 0.01)
	Writing IO time (SAM) avg: 0.23, (0.23, 0.23)
	Reading IO time (Reference Genome) avg: 0.17, (0.17, 0.17)
	Index read time avg: 0.31, (0.31, 0.31)

	Overall time (sec) (Excluding Index reading time):
	PROCESS() (Total compute time + (read + SAM) IO time) : 3.68
	MEM_PROCESS_SEQ() (Total compute time (Kernel + SAM)), avg: 3.43, (3.43, 3.43)

	 SAM Processing time (sec):
	--WORKER_SAM avg: 2.62, (2.62, 2.62)

	Kernels' compute time (sec):
	Total kernel (smem+sal+bsw) time avg: 0.82, (0.82, 0.82)
		SMEM compute avg: 0.37, (0.37, 0.37)
		SAL compute avg: 0.06, (0.06, 0.06)
				MEM_SA avg: 0.03, (0.03, 0.03)

		BSW time, avg: 0.37, (0.37, 0.37)

Important parameter settings: 
	BATCH_SIZE: 512
	MAX_SEQ_LEN_REF: 256
	MAX_SEQ_LEN_QER: 128
	MAX_SEQ_LEN8: 128
	SEEDS_PER_READ: 500
	SIMD_WIDTH8 X: 32
	SIMD_WIDTH16 X: 16
	AVG_SEEDS_PER_READ: 64
## filter-stats: kept 9718; removed 3134
[P_element] final BAM reads: 9718
=== [P_element] done ===
=== [Doc5] starting in candidate_regions_data/JUT-008_MUN-009/Doc5.tark ===
[Doc5] contig count: 1  (Doc5)
[Doc5] hits.bam reads: 13873
[Doc5] qname count:  7162
[Doc5] pair.bam reads: 15802
[M::bam2fq_mainloop] discarded 0 singletons
[M::bam2fq_mainloop] processed 14324 reads
[Doc5] FASTQ1 lines: 28648
[Doc5] FASTQ2 lines: 28648
Looking to launch executable "/work/users/a/d/adaigle/.conda/envs/TEforest/bin/bwa-mem2.avx2", simd = .avx2
Launching executable "/work/users/a/d/adaigle/.conda/envs/TEforest/bin/bwa-mem2.avx2"
-----------------------------
Executing in AVX2 mode!!
-----------------------------
* SA compression enabled with xfactor: 8
* Ref file: fastp/ref_genome
* Entering FMI_search
* Index file found. Loading index from fastp/ref_genome.bwt.2bit.64
* Reference seq len for bi-index = 288895287
* sentinel-index: 149660069
* Count:
0,	1
1,	83687631
2,	144447644
3,	205207657
4,	288895287

* Reading other elements of the index from files fastp/ref_genome
* Index prefix: fastp/ref_genome
* Read 0 ALT contigs
* Done reading Index!!
* Reading reference genome..
* Binary seq file = fastp/ref_genome.0123
* Reference genome size: 288895286 bp
* Done reading reference genome !!

------------------------------------------
1. Memory pre-allocation for Chaining: 139.3584 MB
2. Memory pre-allocation for BSW: 239.6170 MB
3. Memory pre-allocation for BWT: 77.3142 MB
------------------------------------------
* Threads used (compute): 1
* No. of pipeline threads: 2

[0000] read_chunk: 10000000, work_chunk_size: 2162744, nseq: 14324
	[0000][ M::kt_pipeline] read 14324 sequences (2162744 bp)...
[0000] Calling mem_process_seqs.., task: 0
[0000] 1. Calling kt_for - worker_bwt
[0000] read_chunk: 10000000, work_chunk_size: 0, nseq: 0
[0000] 2. Calling kt_for - worker_aln
[0000] Inferring insert size distribution of PE reads from data, l_pac: 144447643, n: 14324
[0000][PE] # candidate unique pairs for (FF, FR, RF, RR): (0, 2604, 0, 0)
[0000][PE] skip orientation FF as there are not enough pairs
[0000][PE] analyzing insert size distribution for orientation FR...
[0000][PE] (25, 50, 75) percentile: (383, 446, 525)
[0000][PE] low and high boundaries for computing mean and std.dev: (99, 809)
[0000][PE] mean and std.dev: (456.87, 111.33)
[0000][PE] low and high boundaries for proper pairs: (1, 951)
[0000][PE] skip orientation RF as there are not enough pairs
[0000][PE] skip orientation RR as there are not enough pairs
[0000] 3. Calling kt_for - worker_sam
	[0000][ M::mem_process_seqs] Processed 14324 reads in 3.301 CPU sec, 3.348 real sec
[0000] read_chunk: 10000000, work_chunk_size: 0, nseq: 0
[0000] Computation ends..
No. of OMP threads: 1
Processor is running @2645.198810 MHz
Runtime profile:

	Time taken for main_mem function: 4.19 sec

	IO times (sec) :
	Reading IO time (reads) avg: 0.01, (0.01, 0.01)
	Writing IO time (SAM) avg: 0.30, (0.30, 0.30)
	Reading IO time (Reference Genome) avg: 0.17, (0.17, 0.17)
	Index read time avg: 0.28, (0.28, 0.28)

	Overall time (sec) (Excluding Index reading time):
	PROCESS() (Total compute time + (read + SAM) IO time) : 3.66
	MEM_PROCESS_SEQ() (Total compute time (Kernel + SAM)), avg: 3.35, (3.35, 3.35)

	 SAM Processing time (sec):
	--WORKER_SAM avg: 1.37, (1.37, 1.37)

	Kernels' compute time (sec):
	Total kernel (smem+sal+bsw) time avg: 1.98, (1.98, 1.98)
		SMEM compute avg: 0.62, (0.62, 0.62)
		SAL compute avg: 0.27, (0.27, 0.27)
				MEM_SA avg: 0.14, (0.14, 0.14)

		BSW time, avg: 1.03, (1.03, 1.03)

Important parameter settings: 
	BATCH_SIZE: 512
	MAX_SEQ_LEN_REF: 256
	MAX_SEQ_LEN_QER: 128
	MAX_SEQ_LEN8: 128
	SEEDS_PER_READ: 500
	SIMD_WIDTH8 X: 32
	SIMD_WIDTH16 X: 16
	AVG_SEEDS_PER_READ: 64
## filter-stats: kept 1527; removed 12939
[Doc5] final BAM reads: 1527
=== [Doc5] done ===
=== [Invader2] starting in candidate_regions_data/JUT-008_MUN-009/Invader2.vfvu ===
[Invader2] contig count: 1  (Invader2)
[Invader2] hits.bam reads: 20779
[Invader2] qname count:  10966
[Invader2] pair.bam reads: 22805
[M::bam2fq_mainloop] discarded 0 singletons
[M::bam2fq_mainloop] processed 21932 reads
[Invader2] FASTQ1 lines: 43864
[Invader2] FASTQ2 lines: 43864
Looking to launch executable "/work/users/a/d/adaigle/.conda/envs/TEforest/bin/bwa-mem2.avx2", simd = .avx2
Launching executable "/work/users/a/d/adaigle/.conda/envs/TEforest/bin/bwa-mem2.avx2"
-----------------------------
Executing in AVX2 mode!!
-----------------------------
* SA compression enabled with xfactor: 8
* Ref file: fastp/ref_genome
* Entering FMI_search
* Index file found. Loading index from fastp/ref_genome.bwt.2bit.64
* Reference seq len for bi-index = 288895287
* sentinel-index: 149660069
* Count:
0,	1
1,	83687631
2,	144447644
3,	205207657
4,	288895287

* Reading other elements of the index from files fastp/ref_genome
* Index prefix: fastp/ref_genome
* Read 0 ALT contigs
* Done reading Index!!
* Reading reference genome..
* Binary seq file = fastp/ref_genome.0123
* Reference genome size: 288895286 bp
* Done reading reference genome !!

------------------------------------------
1. Memory pre-allocation for Chaining: 139.3584 MB
2. Memory pre-allocation for BSW: 239.6170 MB
3. Memory pre-allocation for BWT: 77.3142 MB
------------------------------------------
* Threads used (compute): 1
* No. of pipeline threads: 2

[0000] read_chunk: 10000000, work_chunk_size: 3311490, nseq: 21932
	[0000][ M::kt_pipeline] read 21932 sequences (3311490 bp)...
[0000] Calling mem_process_seqs.., task: 0
[0000] read_chunk: 10000000, work_chunk_size: 0, nseq: 0
[0000] 1. Calling kt_for - worker_bwt
[0000] 2. Calling kt_for - worker_aln
[0000] Inferring insert size distribution of PE reads from data, l_pac: 144447643, n: 21932
[0000][PE] # candidate unique pairs for (FF, FR, RF, RR): (0, 957, 0, 0)
[0000][PE] skip orientation FF as there are not enough pairs
[0000][PE] analyzing insert size distribution for orientation FR...
[0000][PE] (25, 50, 75) percentile: (378, 439, 525)
[0000][PE] low and high boundaries for computing mean and std.dev: (84, 819)
[0000][PE] mean and std.dev: (449.43, 113.68)
[0000][PE] low and high boundaries for proper pairs: (1, 966)
[0000][PE] skip orientation RF as there are not enough pairs
[0000][PE] skip orientation RR as there are not enough pairs
[0000] 3. Calling kt_for - worker_sam
	[0000][ M::mem_process_seqs] Processed 21932 reads in 10.306 CPU sec, 10.424 real sec
[0000] read_chunk: 10000000, work_chunk_size: 0, nseq: 0
[0000] Computation ends..
No. of OMP threads: 1
Processor is running @2645.206203 MHz
Runtime profile:

	Time taken for main_mem function: 11.56 sec

	IO times (sec) :
	Reading IO time (reads) avg: 0.03, (0.03, 0.03)
	Writing IO time (SAM) avg: 0.43, (0.43, 0.43)
	Reading IO time (Reference Genome) avg: 0.17, (0.17, 0.17)
	Index read time avg: 0.40, (0.40, 0.40)

	Overall time (sec) (Excluding Index reading time):
	PROCESS() (Total compute time + (read + SAM) IO time) : 10.90
	MEM_PROCESS_SEQ() (Total compute time (Kernel + SAM)), avg: 10.42, (10.42, 10.42)

	 SAM Processing time (sec):
	--WORKER_SAM avg: 6.66, (6.66, 6.66)

	Kernels' compute time (sec):
	Total kernel (smem+sal+bsw) time avg: 3.77, (3.77, 3.77)
		SMEM compute avg: 0.85, (0.85, 0.85)
		SAL compute avg: 0.39, (0.39, 0.39)
				MEM_SA avg: 0.18, (0.18, 0.18)

		BSW time, avg: 2.41, (2.41, 2.41)

Important parameter settings: 
	BATCH_SIZE: 512
	MAX_SEQ_LEN_REF: 256
	MAX_SEQ_LEN_QER: 128
	MAX_SEQ_LEN8: 128
	SEEDS_PER_READ: 500
	SIMD_WIDTH8 X: 32
	SIMD_WIDTH16 X: 16
	AVG_SEEDS_PER_READ: 64
## filter-stats: kept 2339; removed 19852
[Invader2] final BAM reads: 2339
=== [Invader2] done ===
=== [G_element] starting in candidate_regions_data/JUT-008_MUN-009/G_element.Et0r ===
[G_element] contig count: 1  (G_element)
[G_element] hits.bam reads: 14589
[G_element] qname count:  7504
[G_element] pair.bam reads: 15562
[M::bam2fq_mainloop] discarded 0 singletons
[M::bam2fq_mainloop] processed 15008 reads
[G_element] FASTQ1 lines: 30016
[G_element] FASTQ2 lines: 30016
Looking to launch executable "/work/users/a/d/adaigle/.conda/envs/TEforest/bin/bwa-mem2.avx2", simd = .avx2
Launching executable "/work/users/a/d/adaigle/.conda/envs/TEforest/bin/bwa-mem2.avx2"
-----------------------------
Executing in AVX2 mode!!
-----------------------------
* SA compression enabled with xfactor: 8
* Ref file: fastp/ref_genome
* Entering FMI_search
* Index file found. Loading index from fastp/ref_genome.bwt.2bit.64
* Reference seq len for bi-index = 288895287
* sentinel-index: 149660069
* Count:
0,	1
1,	83687631
2,	144447644
3,	205207657
4,	288895287

* Reading other elements of the index from files fastp/ref_genome
* Index prefix: fastp/ref_genome
* Read 0 ALT contigs
* Done reading Index!!
* Reading reference genome..
* Binary seq file = fastp/ref_genome.0123
* Reference genome size: 288895286 bp
* Done reading reference genome !!

------------------------------------------
1. Memory pre-allocation for Chaining: 139.3584 MB
2. Memory pre-allocation for BSW: 239.6170 MB
3. Memory pre-allocation for BWT: 77.3142 MB
------------------------------------------
* Threads used (compute): 1
* No. of pipeline threads: 2

[0000] read_chunk: 10000000, work_chunk_size: 2265726, nseq: 15008
	[0000][ M::kt_pipeline] read 15008 sequences (2265726 bp)...
[0000] Calling mem_process_seqs.., task: 0
[0000] 1. Calling kt_for - worker_bwt
[0000] read_chunk: 10000000, work_chunk_size: 0, nseq: 0
[0000] 2. Calling kt_for - worker_aln
[0000] Inferring insert size distribution of PE reads from data, l_pac: 144447643, n: 15008
[0000][PE] # candidate unique pairs for (FF, FR, RF, RR): (0, 677, 0, 0)
[0000][PE] skip orientation FF as there are not enough pairs
[0000][PE] analyzing insert size distribution for orientation FR...
[0000][PE] (25, 50, 75) percentile: (386, 446, 532)
[0000][PE] low and high boundaries for computing mean and std.dev: (94, 824)
[0000][PE] mean and std.dev: (455.80, 107.40)
[0000][PE] low and high boundaries for proper pairs: (1, 970)
[0000][PE] skip orientation RF as there are not enough pairs
[0000][PE] skip orientation RR as there are not enough pairs
[0000] 3. Calling kt_for - worker_sam
	[0000][ M::mem_process_seqs] Processed 15008 reads in 5.954 CPU sec, 6.033 real sec
[0000] read_chunk: 10000000, work_chunk_size: 0, nseq: 0
[0000] Computation ends..
No. of OMP threads: 1
Processor is running @2645.188898 MHz
Runtime profile:

	Time taken for main_mem function: 6.93 sec

	IO times (sec) :
	Reading IO time (reads) avg: 0.02, (0.02, 0.02)
	Writing IO time (SAM) avg: 0.31, (0.31, 0.31)
	Reading IO time (Reference Genome) avg: 0.17, (0.17, 0.17)
	Index read time avg: 0.30, (0.30, 0.30)

	Overall time (sec) (Excluding Index reading time):
	PROCESS() (Total compute time + (read + SAM) IO time) : 6.36
	MEM_PROCESS_SEQ() (Total compute time (Kernel + SAM)), avg: 6.03, (6.03, 6.03)

	 SAM Processing time (sec):
	--WORKER_SAM avg: 2.49, (2.49, 2.49)

	Kernels' compute time (sec):
	Total kernel (smem+sal+bsw) time avg: 3.54, (3.54, 3.54)
		SMEM compute avg: 0.57, (0.57, 0.57)
		SAL compute avg: 0.28, (0.28, 0.28)
				MEM_SA avg: 0.14, (0.14, 0.14)

		BSW time, avg: 2.62, (2.62, 2.62)

Important parameter settings: 
	BATCH_SIZE: 512
	MAX_SEQ_LEN_REF: 256
	MAX_SEQ_LEN_QER: 128
	MAX_SEQ_LEN8: 128
	SEEDS_PER_READ: 500
	SIMD_WIDTH8 X: 32
	SIMD_WIDTH16 X: 16
	AVG_SEEDS_PER_READ: 64
## filter-stats: kept 2169; removed 13049
[G_element] final BAM reads: 2169
=== [G_element] done ===
=== [Invader6] starting in candidate_regions_data/JUT-008_MUN-009/Invader6.XKU3 ===
[Invader6] contig count: 1  (Invader6)
[Invader6] hits.bam reads: 2499
[Invader6] qname count:  1311
[Invader6] pair.bam reads: 2757
[M::bam2fq_mainloop] discarded 0 singletons
[M::bam2fq_mainloop] processed 2622 reads
[Invader6] FASTQ1 lines: 5244
[Invader6] FASTQ2 lines: 5244
Looking to launch executable "/work/users/a/d/adaigle/.conda/envs/TEforest/bin/bwa-mem2.avx2", simd = .avx2
Launching executable "/work/users/a/d/adaigle/.conda/envs/TEforest/bin/bwa-mem2.avx2"
-----------------------------
Executing in AVX2 mode!!
-----------------------------
* SA compression enabled with xfactor: 8
* Ref file: fastp/ref_genome
* Entering FMI_search
* Index file found. Loading index from fastp/ref_genome.bwt.2bit.64
* Reference seq len for bi-index = 288895287
* sentinel-index: 149660069
* Count:
0,	1
1,	83687631
2,	144447644
3,	205207657
4,	288895287

* Reading other elements of the index from files fastp/ref_genome
* Index prefix: fastp/ref_genome
* Read 0 ALT contigs
* Done reading Index!!
* Reading reference genome..
* Binary seq file = fastp/ref_genome.0123
* Reference genome size: 288895286 bp
* Done reading reference genome !!

------------------------------------------
1. Memory pre-allocation for Chaining: 139.3584 MB
2. Memory pre-allocation for BSW: 239.6170 MB
3. Memory pre-allocation for BWT: 77.3142 MB
------------------------------------------
* Threads used (compute): 1
* No. of pipeline threads: 2

[0000] read_chunk: 10000000, work_chunk_size: 395922, nseq: 2622
	[0000][ M::kt_pipeline] read 2622 sequences (395922 bp)...
[0000] Calling mem_process_seqs.., task: 0
[0000] 1. Calling kt_for - worker_bwt
[0000] read_chunk: 10000000, work_chunk_size: 0, nseq: 0
[0000] 2. Calling kt_for - worker_aln
[0000] Inferring insert size distribution of PE reads from data, l_pac: 144447643, n: 2622
[0000][PE] # candidate unique pairs for (FF, FR, RF, RR): (0, 17, 0, 0)
[0000][PE] skip orientation FF as there are not enough pairs
[0000][PE] analyzing insert size distribution for orientation FR...
[0000][PE] (25, 50, 75) percentile: (399, 469, 542)
[0000][PE] low and high boundaries for computing mean and std.dev: (113, 828)
[0000][PE] mean and std.dev: (461.94, 94.74)
[0000][PE] low and high boundaries for proper pairs: (1, 971)
[0000][PE] skip orientation RF as there are not enough pairs
[0000][PE] skip orientation RR as there are not enough pairs
[0000] 3. Calling kt_for - worker_sam
	[0000][ M::mem_process_seqs] Processed 2622 reads in 0.958 CPU sec, 0.974 real sec
[0000] read_chunk: 10000000, work_chunk_size: 0, nseq: 0
[0000] Computation ends..
No. of OMP threads: 1
Processor is running @2645.200453 MHz
Runtime profile:

	Time taken for main_mem function: 1.57 sec

	IO times (sec) :
	Reading IO time (reads) avg: 0.00, (0.00, 0.00)
	Writing IO time (SAM) avg: 0.05, (0.05, 0.05)
	Reading IO time (Reference Genome) avg: 0.18, (0.18, 0.18)
	Index read time avg: 0.28, (0.28, 0.28)

	Overall time (sec) (Excluding Index reading time):
	PROCESS() (Total compute time + (read + SAM) IO time) : 1.03
	MEM_PROCESS_SEQ() (Total compute time (Kernel + SAM)), avg: 0.97, (0.97, 0.97)

	 SAM Processing time (sec):
	--WORKER_SAM avg: 0.28, (0.28, 0.28)

	Kernels' compute time (sec):
	Total kernel (smem+sal+bsw) time avg: 0.69, (0.69, 0.69)
		SMEM compute avg: 0.09, (0.09, 0.09)
		SAL compute avg: 0.06, (0.06, 0.06)
				MEM_SA avg: 0.03, (0.03, 0.03)

		BSW time, avg: 0.53, (0.53, 0.53)

Important parameter settings: 
	BATCH_SIZE: 512
	MAX_SEQ_LEN_REF: 256
	MAX_SEQ_LEN_QER: 128
	MAX_SEQ_LEN8: 128
	SEEDS_PER_READ: 500
	SIMD_WIDTH8 X: 32
	SIMD_WIDTH16 X: 16
	AVG_SEEDS_PER_READ: 64
## filter-stats: kept 353; removed 2317
[Invader6] final BAM reads: 353
=== [Invader6] done ===
=== [Doc2] starting in candidate_regions_data/JUT-008_MUN-009/Doc2.4fTU ===
[Doc2] contig count: 1  (Doc2)
[Doc2] hits.bam reads: 15651
[Doc2] qname count:  8044
[Doc2] pair.bam reads: 16934
[M::bam2fq_mainloop] discarded 0 singletons
[M::bam2fq_mainloop] processed 16088 reads
[Doc2] FASTQ1 lines: 32176
[Doc2] FASTQ2 lines: 32176
Looking to launch executable "/work/users/a/d/adaigle/.conda/envs/TEforest/bin/bwa-mem2.avx2", simd = .avx2
Launching executable "/work/users/a/d/adaigle/.conda/envs/TEforest/bin/bwa-mem2.avx2"
-----------------------------
Executing in AVX2 mode!!
-----------------------------
* SA compression enabled with xfactor: 8
* Ref file: fastp/ref_genome
* Entering FMI_search
* Index file found. Loading index from fastp/ref_genome.bwt.2bit.64
* Reference seq len for bi-index = 288895287
* sentinel-index: 149660069
* Count:
0,	1
1,	83687631
2,	144447644
3,	205207657
4,	288895287

* Reading other elements of the index from files fastp/ref_genome
* Index prefix: fastp/ref_genome
* Read 0 ALT contigs
* Done reading Index!!
* Reading reference genome..
* Binary seq file = fastp/ref_genome.0123
* Reference genome size: 288895286 bp
* Done reading reference genome !!

------------------------------------------
1. Memory pre-allocation for Chaining: 139.3584 MB
2. Memory pre-allocation for BSW: 239.6170 MB
3. Memory pre-allocation for BWT: 77.3142 MB
------------------------------------------
* Threads used (compute): 1
* No. of pipeline threads: 2

[0000] read_chunk: 10000000, work_chunk_size: 2428636, nseq: 16088
	[0000][ M::kt_pipeline] read 16088 sequences (2428636 bp)...
[0000] Calling mem_process_seqs.., task: 0
[0000] 1. Calling kt_for - worker_bwt
[0000] read_chunk: 10000000, work_chunk_size: 0, nseq: 0
[0000] 2. Calling kt_for - worker_aln
[0000] Inferring insert size distribution of PE reads from data, l_pac: 144447643, n: 16088
[0000][PE] # candidate unique pairs for (FF, FR, RF, RR): (0, 354, 0, 0)
[0000][PE] skip orientation FF as there are not enough pairs
[0000][PE] analyzing insert size distribution for orientation FR...
[0000][PE] (25, 50, 75) percentile: (383, 450, 533)
[0000][PE] low and high boundaries for computing mean and std.dev: (83, 833)
[0000][PE] mean and std.dev: (454.99, 115.16)
[0000][PE] low and high boundaries for proper pairs: (1, 983)
[0000][PE] skip orientation RF as there are not enough pairs
[0000][PE] skip orientation RR as there are not enough pairs
[0000] 3. Calling kt_for - worker_sam
	[0000][ M::mem_process_seqs] Processed 16088 reads in 10.379 CPU sec, 10.501 real sec
[0000] read_chunk: 10000000, work_chunk_size: 0, nseq: 0
[0000] Computation ends..
No. of OMP threads: 1
Processor is running @2645.196610 MHz
Runtime profile:

	Time taken for main_mem function: 11.43 sec

	IO times (sec) :
	Reading IO time (reads) avg: 0.02, (0.02, 0.02)
	Writing IO time (SAM) avg: 0.34, (0.34, 0.34)
	Reading IO time (Reference Genome) avg: 0.17, (0.17, 0.17)
	Index read time avg: 0.31, (0.31, 0.31)

	Overall time (sec) (Excluding Index reading time):
	PROCESS() (Total compute time + (read + SAM) IO time) : 10.87
	MEM_PROCESS_SEQ() (Total compute time (Kernel + SAM)), avg: 10.50, (10.50, 10.50)

	 SAM Processing time (sec):
	--WORKER_SAM avg: 4.09, (4.09, 4.09)

	Kernels' compute time (sec):
	Total kernel (smem+sal+bsw) time avg: 6.41, (6.41, 6.41)
		SMEM compute avg: 0.70, (0.70, 0.70)
		SAL compute avg: 0.47, (0.47, 0.47)
				MEM_SA avg: 0.21, (0.21, 0.21)

		BSW time, avg: 5.12, (5.12, 5.12)

Important parameter settings: 
	BATCH_SIZE: 512
	MAX_SEQ_LEN_REF: 256
	MAX_SEQ_LEN_QER: 128
	MAX_SEQ_LEN8: 128
	SEEDS_PER_READ: 500
	SIMD_WIDTH8 X: 32
	SIMD_WIDTH16 X: 16
	AVG_SEEDS_PER_READ: 64
## filter-stats: kept 2711; removed 13673
[Doc2] final BAM reads: 2711
=== [Doc2] done ===
=== [Gypsy_2_Dsim] starting in candidate_regions_data/JUT-008_MUN-009/Gypsy_2_Dsim.NYif ===
[Gypsy_2_Dsim] contig count: 1  (Gypsy_2_Dsim)
[Gypsy_2_Dsim] hits.bam reads: 12755
[Gypsy_2_Dsim] qname count:  6502
[Gypsy_2_Dsim] pair.bam reads: 13355
[M::bam2fq_mainloop] discarded 0 singletons
[M::bam2fq_mainloop] processed 13004 reads
[Gypsy_2_Dsim] FASTQ1 lines: 26008
[Gypsy_2_Dsim] FASTQ2 lines: 26008
Looking to launch executable "/work/users/a/d/adaigle/.conda/envs/TEforest/bin/bwa-mem2.avx2", simd = .avx2
Launching executable "/work/users/a/d/adaigle/.conda/envs/TEforest/bin/bwa-mem2.avx2"
-----------------------------
Executing in AVX2 mode!!
-----------------------------
* SA compression enabled with xfactor: 8
* Ref file: fastp/ref_genome
* Entering FMI_search
* Index file found. Loading index from fastp/ref_genome.bwt.2bit.64
* Reference seq len for bi-index = 288895287
* sentinel-index: 149660069
* Count:
0,	1
1,	83687631
2,	144447644
3,	205207657
4,	288895287

* Reading other elements of the index from files fastp/ref_genome
* Index prefix: fastp/ref_genome
* Read 0 ALT contigs
* Done reading Index!!
* Reading reference genome..
* Binary seq file = fastp/ref_genome.0123
* Reference genome size: 288895286 bp
* Done reading reference genome !!

------------------------------------------
1. Memory pre-allocation for Chaining: 139.3584 MB
2. Memory pre-allocation for BSW: 239.6170 MB
3. Memory pre-allocation for BWT: 77.3142 MB
------------------------------------------
* Threads used (compute): 1
* No. of pipeline threads: 2

[0000] read_chunk: 10000000, work_chunk_size: 1963150, nseq: 13004
	[0000][ M::kt_pipeline] read 13004 sequences (1963150 bp)...
[0000] Calling mem_process_seqs.., task: 0
[0000] 1. Calling kt_for - worker_bwt
[0000] read_chunk: 10000000, work_chunk_size: 0, nseq: 0
[0000] 2. Calling kt_for - worker_aln
[0000] Inferring insert size distribution of PE reads from data, l_pac: 144447643, n: 13004
[0000][PE] # candidate unique pairs for (FF, FR, RF, RR): (0, 102, 0, 0)
[0000][PE] skip orientation FF as there are not enough pairs
[0000][PE] analyzing insert size distribution for orientation FR...
[0000][PE] (25, 50, 75) percentile: (391, 478, 550)
[0000][PE] low and high boundaries for computing mean and std.dev: (73, 868)
[0000][PE] mean and std.dev: (473.87, 108.92)
[0000][PE] low and high boundaries for proper pairs: (1, 1027)
[0000][PE] skip orientation RF as there are not enough pairs
[0000][PE] skip orientation RR as there are not enough pairs
[0000] 3. Calling kt_for - worker_sam
	[0000][ M::mem_process_seqs] Processed 13004 reads in 5.991 CPU sec, 6.073 real sec
[0000] read_chunk: 10000000, work_chunk_size: 0, nseq: 0
[0000] Computation ends..
No. of OMP threads: 1
Processor is running @2645.198704 MHz
Runtime profile:

	Time taken for main_mem function: 6.94 sec

	IO times (sec) :
	Reading IO time (reads) avg: 0.04, (0.04, 0.04)
	Writing IO time (SAM) avg: 0.25, (0.25, 0.25)
	Reading IO time (Reference Genome) avg: 0.18, (0.18, 0.18)
	Index read time avg: 0.32, (0.32, 0.32)

	Overall time (sec) (Excluding Index reading time):
	PROCESS() (Total compute time + (read + SAM) IO time) : 6.37
	MEM_PROCESS_SEQ() (Total compute time (Kernel + SAM)), avg: 6.07, (6.07, 6.07)

	 SAM Processing time (sec):
	--WORKER_SAM avg: 3.59, (3.59, 3.59)

	Kernels' compute time (sec):
	Total kernel (smem+sal+bsw) time avg: 2.48, (2.48, 2.48)
		SMEM compute avg: 0.63, (0.63, 0.63)
		SAL compute avg: 0.17, (0.17, 0.17)
				MEM_SA avg: 0.08, (0.08, 0.08)

		BSW time, avg: 1.63, (1.63, 1.63)

Important parameter settings: 
	BATCH_SIZE: 512
	MAX_SEQ_LEN_REF: 256
	MAX_SEQ_LEN_QER: 128
	MAX_SEQ_LEN8: 128
	SEEDS_PER_READ: 500
	SIMD_WIDTH8 X: 32
	SIMD_WIDTH16 X: 16
	AVG_SEEDS_PER_READ: 64
## filter-stats: kept 7394; removed 5677
[Gypsy_2_Dsim] final BAM reads: 7394
=== [Gypsy_2_Dsim] done ===
=== [GATE] starting in candidate_regions_data/JUT-008_MUN-009/GATE.tiML ===
[GATE] contig count: 1  (GATE)
[GATE] hits.bam reads: 11877
[GATE] qname count:  6840
[GATE] pair.bam reads: 14091
[M::bam2fq_mainloop] discarded 0 singletons
[M::bam2fq_mainloop] processed 13680 reads
[GATE] FASTQ1 lines: 27360
[GATE] FASTQ2 lines: 27360
Looking to launch executable "/work/users/a/d/adaigle/.conda/envs/TEforest/bin/bwa-mem2.avx2", simd = .avx2
Launching executable "/work/users/a/d/adaigle/.conda/envs/TEforest/bin/bwa-mem2.avx2"
-----------------------------
Executing in AVX2 mode!!
-----------------------------
* SA compression enabled with xfactor: 8
* Ref file: fastp/ref_genome
* Entering FMI_search
* Index file found. Loading index from fastp/ref_genome.bwt.2bit.64
* Reference seq len for bi-index = 288895287
* sentinel-index: 149660069
* Count:
0,	1
1,	83687631
2,	144447644
3,	205207657
4,	288895287

* Reading other elements of the index from files fastp/ref_genome
* Index prefix: fastp/ref_genome
* Read 0 ALT contigs
* Done reading Index!!
* Reading reference genome..
* Binary seq file = fastp/ref_genome.0123
* Reference genome size: 288895286 bp
* Done reading reference genome !!

------------------------------------------
1. Memory pre-allocation for Chaining: 139.3584 MB
2. Memory pre-allocation for BSW: 239.6170 MB
3. Memory pre-allocation for BWT: 77.3142 MB
------------------------------------------
* Threads used (compute): 1
* No. of pipeline threads: 2

[0000] read_chunk: 10000000, work_chunk_size: 2065528, nseq: 13680
	[0000][ M::kt_pipeline] read 13680 sequences (2065528 bp)...
[0000] Calling mem_process_seqs.., task: 0
[0000] 1. Calling kt_for - worker_bwt
[0000] read_chunk: 10000000, work_chunk_size: 0, nseq: 0
[0000] 2. Calling kt_for - worker_aln
[0000] Inferring insert size distribution of PE reads from data, l_pac: 144447643, n: 13680
[0000][PE] # candidate unique pairs for (FF, FR, RF, RR): (0, 481, 0, 0)
[0000][PE] skip orientation FF as there are not enough pairs
[0000][PE] analyzing insert size distribution for orientation FR...
[0000][PE] (25, 50, 75) percentile: (374, 441, 514)
[0000][PE] low and high boundaries for computing mean and std.dev: (94, 794)
[0000][PE] mean and std.dev: (447.97, 109.19)
[0000][PE] low and high boundaries for proper pairs: (1, 934)
[0000][PE] skip orientation RF as there are not enough pairs
[0000][PE] skip orientation RR as there are not enough pairs
[0000] 3. Calling kt_for - worker_sam
	[0000][ M::mem_process_seqs] Processed 13680 reads in 8.655 CPU sec, 8.787 real sec
[0000] read_chunk: 10000000, work_chunk_size: 0, nseq: 0
[0000] Computation ends..
No. of OMP threads: 1
Processor is running @2645.213305 MHz
Runtime profile:

	Time taken for main_mem function: 9.57 sec

	IO times (sec) :
	Reading IO time (reads) avg: 0.02, (0.02, 0.02)
	Writing IO time (SAM) avg: 0.23, (0.23, 0.23)
	Reading IO time (Reference Genome) avg: 0.16, (0.16, 0.16)
	Index read time avg: 0.29, (0.29, 0.29)

	Overall time (sec) (Excluding Index reading time):
	PROCESS() (Total compute time + (read + SAM) IO time) : 9.05
	MEM_PROCESS_SEQ() (Total compute time (Kernel + SAM)), avg: 8.79, (8.79, 8.79)

	 SAM Processing time (sec):
	--WORKER_SAM avg: 6.24, (6.24, 6.24)

	Kernels' compute time (sec):
	Total kernel (smem+sal+bsw) time avg: 2.54, (2.54, 2.54)
		SMEM compute avg: 0.52, (0.52, 0.52)
		SAL compute avg: 0.27, (0.27, 0.27)
				MEM_SA avg: 0.12, (0.12, 0.12)

		BSW time, avg: 1.67, (1.67, 1.67)

Important parameter settings: 
	BATCH_SIZE: 512
	MAX_SEQ_LEN_REF: 256
	MAX_SEQ_LEN_QER: 128
	MAX_SEQ_LEN8: 128
	SEEDS_PER_READ: 500
	SIMD_WIDTH8 X: 32
	SIMD_WIDTH16 X: 16
	AVG_SEEDS_PER_READ: 64
## filter-stats: kept 1292; removed 12569
[GATE] final BAM reads: 1292
=== [GATE] done ===
=== [H] starting in candidate_regions_data/JUT-008_MUN-009/H.bwr9 ===
[H] contig count: 1  (H)
[H] hits.bam reads: 23682
[H] qname count:  11950
[H] pair.bam reads: 24893
[M::bam2fq_mainloop] discarded 0 singletons
[M::bam2fq_mainloop] processed 23900 reads
[H] FASTQ1 lines: 47800
[H] FASTQ2 lines: 47800
Looking to launch executable "/work/users/a/d/adaigle/.conda/envs/TEforest/bin/bwa-mem2.avx2", simd = .avx2
Launching executable "/work/users/a/d/adaigle/.conda/envs/TEforest/bin/bwa-mem2.avx2"
-----------------------------
Executing in AVX2 mode!!
-----------------------------
* SA compression enabled with xfactor: 8
* Ref file: fastp/ref_genome
* Entering FMI_search
* Index file found. Loading index from fastp/ref_genome.bwt.2bit.64
* Reference seq len for bi-index = 288895287
* sentinel-index: 149660069
* Count:
0,	1
1,	83687631
2,	144447644
3,	205207657
4,	288895287

* Reading other elements of the index from files fastp/ref_genome
* Index prefix: fastp/ref_genome
* Read 0 ALT contigs
* Done reading Index!!
* Reading reference genome..
* Binary seq file = fastp/ref_genome.0123
* Reference genome size: 288895286 bp
* Done reading reference genome !!

------------------------------------------
1. Memory pre-allocation for Chaining: 139.3584 MB
2. Memory pre-allocation for BSW: 239.6170 MB
3. Memory pre-allocation for BWT: 77.3142 MB
------------------------------------------
* Threads used (compute): 1
* No. of pipeline threads: 2

[0000] read_chunk: 10000000, work_chunk_size: 3608464, nseq: 23900
	[0000][ M::kt_pipeline] read 23900 sequences (3608464 bp)...
[0000] Calling mem_process_seqs.., task: 0
[0000] 1. Calling kt_for - worker_bwt
[0000] read_chunk: 10000000, work_chunk_size: 0, nseq: 0
[0000] 2. Calling kt_for - worker_aln
[0000] Inferring insert size distribution of PE reads from data, l_pac: 144447643, n: 23900
[0000][PE] # candidate unique pairs for (FF, FR, RF, RR): (4, 888, 0, 4)
[0000][PE] skip orientation FF as there are not enough pairs
[0000][PE] analyzing insert size distribution for orientation FR...
[0000][PE] (25, 50, 75) percentile: (367, 431, 508)
[0000][PE] low and high boundaries for computing mean and std.dev: (85, 790)
[0000][PE] mean and std.dev: (434.73, 108.68)
[0000][PE] low and high boundaries for proper pairs: (1, 931)
[0000][PE] skip orientation RF as there are not enough pairs
[0000][PE] skip orientation RR as there are not enough pairs
[0000] 3. Calling kt_for - worker_sam
	[0000][ M::mem_process_seqs] Processed 23900 reads in 6.699 CPU sec, 6.769 real sec
[0000] read_chunk: 10000000, work_chunk_size: 0, nseq: 0
[0000] Computation ends..
No. of OMP threads: 1
Processor is running @2645.188766 MHz
Runtime profile:

	Time taken for main_mem function: 7.87 sec

	IO times (sec) :
	Reading IO time (reads) avg: 0.04, (0.04, 0.04)
	Writing IO time (SAM) avg: 0.49, (0.49, 0.49)
	Reading IO time (Reference Genome) avg: 0.17, (0.17, 0.17)
	Index read time avg: 0.30, (0.30, 0.30)

	Overall time (sec) (Excluding Index reading time):
	PROCESS() (Total compute time + (read + SAM) IO time) : 7.32
	MEM_PROCESS_SEQ() (Total compute time (Kernel + SAM)), avg: 6.77, (6.77, 6.77)

	 SAM Processing time (sec):
	--WORKER_SAM avg: 4.18, (4.18, 4.18)

	Kernels' compute time (sec):
	Total kernel (smem+sal+bsw) time avg: 2.59, (2.59, 2.59)
		SMEM compute avg: 0.74, (0.74, 0.74)
		SAL compute avg: 0.26, (0.26, 0.26)
				MEM_SA avg: 0.13, (0.13, 0.13)

		BSW time, avg: 1.50, (1.50, 1.50)

Important parameter settings: 
	BATCH_SIZE: 512
	MAX_SEQ_LEN_REF: 256
	MAX_SEQ_LEN_QER: 128
	MAX_SEQ_LEN8: 128
	SEEDS_PER_READ: 500
	SIMD_WIDTH8 X: 32
	SIMD_WIDTH16 X: 16
	AVG_SEEDS_PER_READ: 64
## filter-stats: kept 12231; removed 13778
[H] final BAM reads: 12231
=== [H] done ===
=== [FB4] starting in candidate_regions_data/JUT-008_MUN-009/FB4.q2hy ===
[FB4] contig count: 1  (FB4)
[FB4] hits.bam reads: 2155
[FB4] qname count:  1342
[FB4] pair.bam reads: 3082
[M::bam2fq_mainloop] discarded 0 singletons
[M::bam2fq_mainloop] processed 2684 reads
[FB4] FASTQ1 lines: 5368
[FB4] FASTQ2 lines: 5368
Looking to launch executable "/work/users/a/d/adaigle/.conda/envs/TEforest/bin/bwa-mem2.avx2", simd = .avx2
Launching executable "/work/users/a/d/adaigle/.conda/envs/TEforest/bin/bwa-mem2.avx2"
-----------------------------
Executing in AVX2 mode!!
-----------------------------
* SA compression enabled with xfactor: 8
* Ref file: fastp/ref_genome
* Entering FMI_search
* Index file found. Loading index from fastp/ref_genome.bwt.2bit.64
* Reference seq len for bi-index = 288895287
* sentinel-index: 149660069
* Count:
0,	1
1,	83687631
2,	144447644
3,	205207657
4,	288895287

* Reading other elements of the index from files fastp/ref_genome
* Index prefix: fastp/ref_genome
* Read 0 ALT contigs
* Done reading Index!!
* Reading reference genome..
* Binary seq file = fastp/ref_genome.0123
* Reference genome size: 288895286 bp
* Done reading reference genome !!

------------------------------------------
1. Memory pre-allocation for Chaining: 139.3584 MB
2. Memory pre-allocation for BSW: 239.6170 MB
3. Memory pre-allocation for BWT: 77.3142 MB
------------------------------------------
* Threads used (compute): 1
* No. of pipeline threads: 2

[0000] read_chunk: 10000000, work_chunk_size: 395088, nseq: 2684
	[0000][ M::kt_pipeline] read 2684 sequences (395088 bp)...
[0000] Calling mem_process_seqs.., task: 0
[0000] 1. Calling kt_for - worker_bwt
[0000] read_chunk: 10000000, work_chunk_size: 0, nseq: 0
[0000] 2. Calling kt_for - worker_aln
[0000] Inferring insert size distribution of PE reads from data, l_pac: 144447643, n: 2684
[0000][PE] # candidate unique pairs for (FF, FR, RF, RR): (1, 401, 0, 1)
[0000][PE] skip orientation FF as there are not enough pairs
[0000][PE] analyzing insert size distribution for orientation FR...
[0000][PE] (25, 50, 75) percentile: (379, 450, 517)
[0000][PE] low and high boundaries for computing mean and std.dev: (103, 793)
[0000][PE] mean and std.dev: (457.61, 115.71)
[0000][PE] low and high boundaries for proper pairs: (1, 931)
[0000][PE] skip orientation RF as there are not enough pairs
[0000][PE] skip orientation RR as there are not enough pairs
[0000] 3. Calling kt_for - worker_sam
	[0000][ M::mem_process_seqs] Processed 2684 reads in 1.390 CPU sec, 1.412 real sec
[0000] read_chunk: 10000000, work_chunk_size: 0, nseq: 0
[0000] Computation ends..
No. of OMP threads: 1
Processor is running @2645.204534 MHz
Runtime profile:

	Time taken for main_mem function: 2.04 sec

	IO times (sec) :
	Reading IO time (reads) avg: 0.00, (0.00, 0.00)
	Writing IO time (SAM) avg: 0.06, (0.06, 0.06)
	Reading IO time (Reference Genome) avg: 0.17, (0.17, 0.17)
	Index read time avg: 0.31, (0.31, 0.31)

	Overall time (sec) (Excluding Index reading time):
	PROCESS() (Total compute time + (read + SAM) IO time) : 1.48
	MEM_PROCESS_SEQ() (Total compute time (Kernel + SAM)), avg: 1.41, (1.41, 1.41)

	 SAM Processing time (sec):
	--WORKER_SAM avg: 0.81, (0.81, 0.81)

	Kernels' compute time (sec):
	Total kernel (smem+sal+bsw) time avg: 0.60, (0.60, 0.60)
		SMEM compute avg: 0.11, (0.11, 0.11)
		SAL compute avg: 0.07, (0.07, 0.07)
				MEM_SA avg: 0.03, (0.03, 0.03)

		BSW time, avg: 0.38, (0.38, 0.38)

Important parameter settings: 
	BATCH_SIZE: 512
	MAX_SEQ_LEN_REF: 256
	MAX_SEQ_LEN_QER: 128
	MAX_SEQ_LEN8: 128
	SEEDS_PER_READ: 500
	SIMD_WIDTH8 X: 32
	SIMD_WIDTH16 X: 16
	AVG_SEEDS_PER_READ: 64
## filter-stats: kept 824; removed 2050
[FB4] final BAM reads: 824
=== [FB4] done ===
=== [hopper2] starting in candidate_regions_data/JUT-008_MUN-009/hopper2.qkGT ===
[hopper2] contig count: 1  (hopper2)
[hopper2] hits.bam reads: 6050
[hopper2] qname count:  3730
[hopper2] pair.bam reads: 8477
[M::bam2fq_mainloop] discarded 0 singletons
[M::bam2fq_mainloop] processed 7460 reads
[hopper2] FASTQ1 lines: 14920
[hopper2] FASTQ2 lines: 14920
Looking to launch executable "/work/users/a/d/adaigle/.conda/envs/TEforest/bin/bwa-mem2.avx2", simd = .avx2
Launching executable "/work/users/a/d/adaigle/.conda/envs/TEforest/bin/bwa-mem2.avx2"
-----------------------------
Executing in AVX2 mode!!
-----------------------------
* SA compression enabled with xfactor: 8
* Ref file: fastp/ref_genome
* Entering FMI_search
* Index file found. Loading index from fastp/ref_genome.bwt.2bit.64
* Reference seq len for bi-index = 288895287
* sentinel-index: 149660069
* Count:
0,	1
1,	83687631
2,	144447644
3,	205207657
4,	288895287

* Reading other elements of the index from files fastp/ref_genome
* Index prefix: fastp/ref_genome
* Read 0 ALT contigs
* Done reading Index!!
* Reading reference genome..
* Binary seq file = fastp/ref_genome.0123
* Reference genome size: 288895286 bp
* Done reading reference genome !!

------------------------------------------
1. Memory pre-allocation for Chaining: 139.3584 MB
2. Memory pre-allocation for BSW: 239.6170 MB
3. Memory pre-allocation for BWT: 77.3142 MB
------------------------------------------
* Threads used (compute): 1
* No. of pipeline threads: 2

[0000] read_chunk: 10000000, work_chunk_size: 1116890, nseq: 7460
	[0000][ M::kt_pipeline] read 7460 sequences (1116890 bp)...
[0000] Calling mem_process_seqs.., task: 0
[0000] 1. Calling kt_for - worker_bwt
[0000] read_chunk: 10000000, work_chunk_size: 0, nseq: 0
[0000] 2. Calling kt_for - worker_aln
[0000] Inferring insert size distribution of PE reads from data, l_pac: 144447643, n: 7460
[0000][PE] # candidate unique pairs for (FF, FR, RF, RR): (0, 1318, 0, 2)
[0000][PE] skip orientation FF as there are not enough pairs
[0000][PE] analyzing insert size distribution for orientation FR...
[0000][PE] (25, 50, 75) percentile: (377, 446, 520)
[0000][PE] low and high boundaries for computing mean and std.dev: (91, 806)
[0000][PE] mean and std.dev: (449.82, 112.86)
[0000][PE] low and high boundaries for proper pairs: (1, 949)
[0000][PE] skip orientation RF as there are not enough pairs
[0000][PE] skip orientation RR as there are not enough pairs
[0000] 3. Calling kt_for - worker_sam
	[0000][ M::mem_process_seqs] Processed 7460 reads in 2.422 CPU sec, 2.500 real sec
[0000] read_chunk: 10000000, work_chunk_size: 0, nseq: 0
[0000] Computation ends..
No. of OMP threads: 1
Processor is running @2645.212537 MHz
Runtime profile:

	Time taken for main_mem function: 3.22 sec

	IO times (sec) :
	Reading IO time (reads) avg: 0.01, (0.01, 0.01)
	Writing IO time (SAM) avg: 0.17, (0.17, 0.17)
	Reading IO time (Reference Genome) avg: 0.16, (0.16, 0.16)
	Index read time avg: 0.28, (0.28, 0.28)

	Overall time (sec) (Excluding Index reading time):
	PROCESS() (Total compute time + (read + SAM) IO time) : 2.68
	MEM_PROCESS_SEQ() (Total compute time (Kernel + SAM)), avg: 2.50, (2.50, 2.50)

	 SAM Processing time (sec):
	--WORKER_SAM avg: 1.12, (1.12, 1.12)

	Kernels' compute time (sec):
	Total kernel (smem+sal+bsw) time avg: 1.38, (1.38, 1.38)
		SMEM compute avg: 0.41, (0.41, 0.41)
		SAL compute avg: 0.18, (0.18, 0.18)
				MEM_SA avg: 0.08, (0.08, 0.08)

		BSW time, avg: 0.71, (0.71, 0.71)

Important parameter settings: 
	BATCH_SIZE: 512
	MAX_SEQ_LEN_REF: 256
	MAX_SEQ_LEN_QER: 128
	MAX_SEQ_LEN8: 128
	SEEDS_PER_READ: 500
	SIMD_WIDTH8 X: 32
	SIMD_WIDTH16 X: 16
	AVG_SEEDS_PER_READ: 64
## filter-stats: kept 1506; removed 6255
[hopper2] final BAM reads: 1506
=== [hopper2] done ===
=== [Tabor] starting in candidate_regions_data/JUT-008_MUN-009/Tabor.5kZG ===
[Tabor] contig count: 1  (Tabor)
[Tabor] hits.bam reads: 14047
[Tabor] qname count:  7766
[Tabor] pair.bam reads: 17892
[M::bam2fq_mainloop] discarded 0 singletons
[M::bam2fq_mainloop] processed 15532 reads
[Tabor] FASTQ1 lines: 31064
[Tabor] FASTQ2 lines: 31064
Looking to launch executable "/work/users/a/d/adaigle/.conda/envs/TEforest/bin/bwa-mem2.avx2", simd = .avx2
Launching executable "/work/users/a/d/adaigle/.conda/envs/TEforest/bin/bwa-mem2.avx2"
-----------------------------
Executing in AVX2 mode!!
-----------------------------
* SA compression enabled with xfactor: 8
* Ref file: fastp/ref_genome
* Entering FMI_search
* Index file found. Loading index from fastp/ref_genome.bwt.2bit.64
* Reference seq len for bi-index = 288895287
* sentinel-index: 149660069
* Count:
0,	1
1,	83687631
2,	144447644
3,	205207657
4,	288895287

* Reading other elements of the index from files fastp/ref_genome
* Index prefix: fastp/ref_genome
* Read 0 ALT contigs
* Done reading Index!!
* Reading reference genome..
* Binary seq file = fastp/ref_genome.0123
* Reference genome size: 288895286 bp
* Done reading reference genome !!

------------------------------------------
1. Memory pre-allocation for Chaining: 139.3584 MB
2. Memory pre-allocation for BSW: 239.6170 MB
3. Memory pre-allocation for BWT: 77.3142 MB
------------------------------------------
* Threads used (compute): 1
* No. of pipeline threads: 2

[0000] read_chunk: 10000000, work_chunk_size: 2344202, nseq: 15532
	[0000][ M::kt_pipeline] read 15532 sequences (2344202 bp)...
[0000] Calling mem_process_seqs.., task: 0
[0000] 1. Calling kt_for - worker_bwt
[0000] read_chunk: 10000000, work_chunk_size: 0, nseq: 0
[0000] 2. Calling kt_for - worker_aln
[0000] Inferring insert size distribution of PE reads from data, l_pac: 144447643, n: 15532
[0000][PE] # candidate unique pairs for (FF, FR, RF, RR): (0, 668, 0, 0)
[0000][PE] skip orientation FF as there are not enough pairs
[0000][PE] analyzing insert size distribution for orientation FR...
[0000][PE] (25, 50, 75) percentile: (318, 409, 487)
[0000][PE] low and high boundaries for computing mean and std.dev: (1, 825)
[0000][PE] mean and std.dev: (400.76, 130.45)
[0000][PE] low and high boundaries for proper pairs: (1, 994)
[0000][PE] skip orientation RF as there are not enough pairs
[0000][PE] skip orientation RR as there are not enough pairs
[0000] 3. Calling kt_for - worker_sam
	[0000][ M::mem_process_seqs] Processed 15532 reads in 10.686 CPU sec, 10.815 real sec
[0000] read_chunk: 10000000, work_chunk_size: 0, nseq: 0
[0000] Computation ends..
No. of OMP threads: 1
Processor is running @2645.204401 MHz
Runtime profile:

	Time taken for main_mem function: 11.85 sec

	IO times (sec) :
	Reading IO time (reads) avg: 0.02, (0.02, 0.02)
	Writing IO time (SAM) avg: 0.38, (0.38, 0.38)
	Reading IO time (Reference Genome) avg: 0.16, (0.16, 0.16)
	Index read time avg: 0.39, (0.39, 0.39)

	Overall time (sec) (Excluding Index reading time):
	PROCESS() (Total compute time + (read + SAM) IO time) : 11.22
	MEM_PROCESS_SEQ() (Total compute time (Kernel + SAM)), avg: 10.81, (10.81, 10.81)

	 SAM Processing time (sec):
	--WORKER_SAM avg: 2.77, (2.77, 2.77)

	Kernels' compute time (sec):
	Total kernel (smem+sal+bsw) time avg: 8.04, (8.04, 8.04)
		SMEM compute avg: 3.49, (3.49, 3.49)
		SAL compute avg: 0.82, (0.82, 0.82)
				MEM_SA avg: 0.39, (0.39, 0.39)

		BSW time, avg: 3.54, (3.54, 3.54)

Important parameter settings: 
	BATCH_SIZE: 512
	MAX_SEQ_LEN_REF: 256
	MAX_SEQ_LEN_QER: 128
	MAX_SEQ_LEN8: 128
	SEEDS_PER_READ: 500
	SIMD_WIDTH8 X: 32
	SIMD_WIDTH16 X: 16
	AVG_SEEDS_PER_READ: 64
## filter-stats: kept 8144; removed 10011
[Tabor] final BAM reads: 8144
=== [Tabor] done ===
=== [transib1] starting in candidate_regions_data/JUT-008_MUN-009/transib1.vOYg ===
[transib1] contig count: 1  (transib1)
[transib1] hits.bam reads: 2274
[transib1] qname count:  1179
[transib1] pair.bam reads: 2473
[M::bam2fq_mainloop] discarded 0 singletons
[M::bam2fq_mainloop] processed 2358 reads
[transib1] FASTQ1 lines: 4716
[transib1] FASTQ2 lines: 4716
Looking to launch executable "/work/users/a/d/adaigle/.conda/envs/TEforest/bin/bwa-mem2.avx2", simd = .avx2
Launching executable "/work/users/a/d/adaigle/.conda/envs/TEforest/bin/bwa-mem2.avx2"
-----------------------------
Executing in AVX2 mode!!
-----------------------------
* SA compression enabled with xfactor: 8
* Ref file: fastp/ref_genome
* Entering FMI_search
* Index file found. Loading index from fastp/ref_genome.bwt.2bit.64
* Reference seq len for bi-index = 288895287
* sentinel-index: 149660069
* Count:
0,	1
1,	83687631
2,	144447644
3,	205207657
4,	288895287

* Reading other elements of the index from files fastp/ref_genome
* Index prefix: fastp/ref_genome
* Read 0 ALT contigs
* Done reading Index!!
* Reading reference genome..
* Binary seq file = fastp/ref_genome.0123
* Reference genome size: 288895286 bp
* Done reading reference genome !!

------------------------------------------
1. Memory pre-allocation for Chaining: 139.3584 MB
2. Memory pre-allocation for BSW: 239.6170 MB
3. Memory pre-allocation for BWT: 77.3142 MB
------------------------------------------
* Threads used (compute): 1
* No. of pipeline threads: 2

[0000] read_chunk: 10000000, work_chunk_size: 356048, nseq: 2358
	[0000][ M::kt_pipeline] read 2358 sequences (356048 bp)...
[0000] read_chunk: 10000000, work_chunk_size: 0, nseq: 0
[0000] Calling mem_process_seqs.., task: 0
[0000] 1. Calling kt_for - worker_bwt
[0000] 2. Calling kt_for - worker_aln
[0000] Inferring insert size distribution of PE reads from data, l_pac: 144447643, n: 2358
[0000][PE] # candidate unique pairs for (FF, FR, RF, RR): (0, 304, 0, 0)
[0000][PE] skip orientation FF as there are not enough pairs
[0000][PE] analyzing insert size distribution for orientation FR...
[0000][PE] (25, 50, 75) percentile: (383, 457, 548)
[0000][PE] low and high boundaries for computing mean and std.dev: (53, 878)
[0000][PE] mean and std.dev: (469.27, 117.80)
[0000][PE] low and high boundaries for proper pairs: (1, 1043)
[0000][PE] skip orientation RF as there are not enough pairs
[0000][PE] skip orientation RR as there are not enough pairs
[0000] 3. Calling kt_for - worker_sam
	[0000][ M::mem_process_seqs] Processed 2358 reads in 0.575 CPU sec, 0.581 real sec
[0000] read_chunk: 10000000, work_chunk_size: 0, nseq: 0
[0000] Computation ends..
No. of OMP threads: 1
Processor is running @2645.196610 MHz
Runtime profile:

	Time taken for main_mem function: 1.21 sec

	IO times (sec) :
	Reading IO time (reads) avg: 0.00, (0.00, 0.00)
	Writing IO time (SAM) avg: 0.04, (0.04, 0.04)
	Reading IO time (Reference Genome) avg: 0.17, (0.17, 0.17)
	Index read time avg: 0.31, (0.31, 0.31)

	Overall time (sec) (Excluding Index reading time):
	PROCESS() (Total compute time + (read + SAM) IO time) : 0.63
	MEM_PROCESS_SEQ() (Total compute time (Kernel + SAM)), avg: 0.58, (0.58, 0.58)

	 SAM Processing time (sec):
	--WORKER_SAM avg: 0.30, (0.30, 0.30)

	Kernels' compute time (sec):
	Total kernel (smem+sal+bsw) time avg: 0.29, (0.29, 0.29)
		SMEM compute avg: 0.09, (0.09, 0.09)
		SAL compute avg: 0.03, (0.03, 0.03)
				MEM_SA avg: 0.01, (0.01, 0.01)

		BSW time, avg: 0.17, (0.17, 0.17)

Important parameter settings: 
	BATCH_SIZE: 512
	MAX_SEQ_LEN_REF: 256
	MAX_SEQ_LEN_QER: 128
	MAX_SEQ_LEN8: 128
	SEEDS_PER_READ: 500
	SIMD_WIDTH8 X: 32
	SIMD_WIDTH16 X: 16
	AVG_SEEDS_PER_READ: 64
## filter-stats: kept 275; removed 2103
[transib1] final BAM reads: 275
=== [transib1] done ===
=== [17_6] starting in candidate_regions_data/JUT-008_MUN-009/17_6.h4CV ===
[17_6] contig count: 1  (17_6)
[17_6] hits.bam reads: 32866
[17_6] qname count:  17160
[17_6] pair.bam reads: 36510
[M::bam2fq_mainloop] discarded 0 singletons
[M::bam2fq_mainloop] processed 34320 reads
[17_6] FASTQ1 lines: 68640
[17_6] FASTQ2 lines: 68640
Looking to launch executable "/work/users/a/d/adaigle/.conda/envs/TEforest/bin/bwa-mem2.avx2", simd = .avx2
Launching executable "/work/users/a/d/adaigle/.conda/envs/TEforest/bin/bwa-mem2.avx2"
-----------------------------
Executing in AVX2 mode!!
-----------------------------
* SA compression enabled with xfactor: 8
* Ref file: fastp/ref_genome
* Entering FMI_search
* Index file found. Loading index from fastp/ref_genome.bwt.2bit.64
* Reference seq len for bi-index = 288895287
* sentinel-index: 149660069
* Count:
0,	1
1,	83687631
2,	144447644
3,	205207657
4,	288895287

* Reading other elements of the index from files fastp/ref_genome
* Index prefix: fastp/ref_genome
* Read 0 ALT contigs
* Done reading Index!!
* Reading reference genome..
* Binary seq file = fastp/ref_genome.0123
* Reference genome size: 288895286 bp
* Done reading reference genome !!

------------------------------------------
1. Memory pre-allocation for Chaining: 139.3584 MB
2. Memory pre-allocation for BSW: 239.6170 MB
3. Memory pre-allocation for BWT: 77.3142 MB
------------------------------------------
* Threads used (compute): 1
* No. of pipeline threads: 2

[0000] read_chunk: 10000000, work_chunk_size: 5181354, nseq: 34320
	[0000][ M::kt_pipeline] read 34320 sequences (5181354 bp)...
[0000] Calling mem_process_seqs.., task: 0
[0000] 1. Calling kt_for - worker_bwt
[0000] read_chunk: 10000000, work_chunk_size: 0, nseq: 0
[0000] 2. Calling kt_for - worker_aln
[0000] Inferring insert size distribution of PE reads from data, l_pac: 144447643, n: 34320
[0000][PE] # candidate unique pairs for (FF, FR, RF, RR): (0, 770, 0, 0)
[0000][PE] skip orientation FF as there are not enough pairs
[0000][PE] analyzing insert size distribution for orientation FR...
[0000][PE] (25, 50, 75) percentile: (349, 421, 492)
[0000][PE] low and high boundaries for computing mean and std.dev: (63, 778)
[0000][PE] mean and std.dev: (420.67, 116.36)
[0000][PE] low and high boundaries for proper pairs: (1, 921)
[0000][PE] skip orientation RF as there are not enough pairs
[0000][PE] skip orientation RR as there are not enough pairs
[0000] 3. Calling kt_for - worker_sam
	[0000][ M::mem_process_seqs] Processed 34320 reads in 23.531 CPU sec, 23.784 real sec
[0000] read_chunk: 10000000, work_chunk_size: 0, nseq: 0
[0000] Computation ends..
No. of OMP threads: 1
Processor is running @2645.203738 MHz
Runtime profile:

	Time taken for main_mem function: 25.09 sec

	IO times (sec) :
	Reading IO time (reads) avg: 0.04, (0.04, 0.04)
	Writing IO time (SAM) avg: 0.68, (0.68, 0.68)
	Reading IO time (Reference Genome) avg: 0.17, (0.17, 0.17)
	Index read time avg: 0.31, (0.31, 0.31)

	Overall time (sec) (Excluding Index reading time):
	PROCESS() (Total compute time + (read + SAM) IO time) : 24.53
	MEM_PROCESS_SEQ() (Total compute time (Kernel + SAM)), avg: 23.78, (23.78, 23.78)

	 SAM Processing time (sec):
	--WORKER_SAM avg: 16.63, (16.63, 16.63)

	Kernels' compute time (sec):
	Total kernel (smem+sal+bsw) time avg: 7.15, (7.15, 7.15)
		SMEM compute avg: 1.86, (1.86, 1.86)
		SAL compute avg: 0.77, (0.77, 0.77)
				MEM_SA avg: 0.34, (0.34, 0.34)

		BSW time, avg: 4.17, (4.17, 4.17)

Important parameter settings: 
	BATCH_SIZE: 512
	MAX_SEQ_LEN_REF: 256
	MAX_SEQ_LEN_QER: 128
	MAX_SEQ_LEN8: 128
	SEEDS_PER_READ: 500
	SIMD_WIDTH8 X: 32
	SIMD_WIDTH16 X: 16
	AVG_SEEDS_PER_READ: 64
## filter-stats: kept 8358; removed 28191
[17_6] final BAM reads: 8358
=== [17_6] done ===
=== [412] starting in candidate_regions_data/JUT-008_MUN-009/412.WmXp ===
[412] contig count: 1  (412)
[412] hits.bam reads: 29362
[412] qname count:  14788
[412] pair.bam reads: 30026
[M::bam2fq_mainloop] discarded 0 singletons
[M::bam2fq_mainloop] processed 29576 reads
[412] FASTQ1 lines: 59152
[412] FASTQ2 lines: 59152
Looking to launch executable "/work/users/a/d/adaigle/.conda/envs/TEforest/bin/bwa-mem2.avx2", simd = .avx2
Launching executable "/work/users/a/d/adaigle/.conda/envs/TEforest/bin/bwa-mem2.avx2"
-----------------------------
Executing in AVX2 mode!!
-----------------------------
* SA compression enabled with xfactor: 8
* Ref file: fastp/ref_genome
* Entering FMI_search
* Index file found. Loading index from fastp/ref_genome.bwt.2bit.64
* Reference seq len for bi-index = 288895287
* sentinel-index: 149660069
* Count:
0,	1
1,	83687631
2,	144447644
3,	205207657
4,	288895287

* Reading other elements of the index from files fastp/ref_genome
* Index prefix: fastp/ref_genome
* Read 0 ALT contigs
* Done reading Index!!
* Reading reference genome..
* Binary seq file = fastp/ref_genome.0123
* Reference genome size: 288895286 bp
* Done reading reference genome !!

------------------------------------------
1. Memory pre-allocation for Chaining: 139.3584 MB
2. Memory pre-allocation for BSW: 239.6170 MB
3. Memory pre-allocation for BWT: 77.3142 MB
------------------------------------------
* Threads used (compute): 1
* No. of pipeline threads: 2

[0000] read_chunk: 10000000, work_chunk_size: 4464712, nseq: 29576
	[0000][ M::kt_pipeline] read 29576 sequences (4464712 bp)...
[0000] Calling mem_process_seqs.., task: 0
[0000] 1. Calling kt_for - worker_bwt
[0000] read_chunk: 10000000, work_chunk_size: 0, nseq: 0
[0000] 2. Calling kt_for - worker_aln
[0000] Inferring insert size distribution of PE reads from data, l_pac: 144447643, n: 29576
[0000][PE] # candidate unique pairs for (FF, FR, RF, RR): (0, 414, 0, 0)
[0000][PE] skip orientation FF as there are not enough pairs
[0000][PE] analyzing insert size distribution for orientation FR...
[0000][PE] (25, 50, 75) percentile: (338, 423, 508)
[0000][PE] low and high boundaries for computing mean and std.dev: (1, 848)
[0000][PE] mean and std.dev: (426.47, 137.72)
[0000][PE] low and high boundaries for proper pairs: (1, 1018)
[0000][PE] skip orientation RF as there are not enough pairs
[0000][PE] skip orientation RR as there are not enough pairs
[0000] 3. Calling kt_for - worker_sam
	[0000][ M::mem_process_seqs] Processed 29576 reads in 12.640 CPU sec, 12.816 real sec
[0000] read_chunk: 10000000, work_chunk_size: 0, nseq: 0
[0000] Computation ends..
No. of OMP threads: 1
Processor is running @2645.387940 MHz
Runtime profile:

	Time taken for main_mem function: 13.98 sec

	IO times (sec) :
	Reading IO time (reads) avg: 0.04, (0.04, 0.04)
	Writing IO time (SAM) avg: 0.57, (0.57, 0.57)
	Reading IO time (Reference Genome) avg: 0.16, (0.16, 0.16)
	Index read time avg: 0.29, (0.29, 0.29)

	Overall time (sec) (Excluding Index reading time):
	PROCESS() (Total compute time + (read + SAM) IO time) : 13.44
	MEM_PROCESS_SEQ() (Total compute time (Kernel + SAM)), avg: 12.81, (12.81, 12.81)

	 SAM Processing time (sec):
	--WORKER_SAM avg: 8.76, (8.76, 8.76)

	Kernels' compute time (sec):
	Total kernel (smem+sal+bsw) time avg: 4.05, (4.05, 4.05)
		SMEM compute avg: 0.77, (0.77, 0.77)
		SAL compute avg: 0.47, (0.47, 0.47)
				MEM_SA avg: 0.20, (0.20, 0.20)

		BSW time, avg: 2.60, (2.60, 2.60)

Important parameter settings: 
	BATCH_SIZE: 512
	MAX_SEQ_LEN_REF: 256
	MAX_SEQ_LEN_QER: 128
	MAX_SEQ_LEN8: 128
	SEEDS_PER_READ: 500
	SIMD_WIDTH8 X: 32
	SIMD_WIDTH16 X: 16
	AVG_SEEDS_PER_READ: 64
## filter-stats: kept 4661; removed 25782
[412] final BAM reads: 4661
=== [412] done ===
=== [mdg1] starting in candidate_regions_data/JUT-008_MUN-009/mdg1.4XMX ===
[mdg1] contig count: 1  (mdg1)
[mdg1] hits.bam reads: 39456
[mdg1] qname count:  20336
[mdg1] pair.bam reads: 43324
[M::bam2fq_mainloop] discarded 0 singletons
[M::bam2fq_mainloop] processed 40672 reads
[mdg1] FASTQ1 lines: 81344
[mdg1] FASTQ2 lines: 81344
Looking to launch executable "/work/users/a/d/adaigle/.conda/envs/TEforest/bin/bwa-mem2.avx2", simd = .avx2
Launching executable "/work/users/a/d/adaigle/.conda/envs/TEforest/bin/bwa-mem2.avx2"
-----------------------------
Executing in AVX2 mode!!
-----------------------------
* SA compression enabled with xfactor: 8
* Ref file: fastp/ref_genome
* Entering FMI_search
* Index file found. Loading index from fastp/ref_genome.bwt.2bit.64
* Reference seq len for bi-index = 288895287
* sentinel-index: 149660069
* Count:
0,	1
1,	83687631
2,	144447644
3,	205207657
4,	288895287

* Reading other elements of the index from files fastp/ref_genome
* Index prefix: fastp/ref_genome
* Read 0 ALT contigs
* Done reading Index!!
* Reading reference genome..
* Binary seq file = fastp/ref_genome.0123
* Reference genome size: 288895286 bp
* Done reading reference genome !!

------------------------------------------
1. Memory pre-allocation for Chaining: 139.3584 MB
2. Memory pre-allocation for BSW: 239.6170 MB
3. Memory pre-allocation for BWT: 77.3142 MB
------------------------------------------
* Threads used (compute): 1
* No. of pipeline threads: 2

[0000] read_chunk: 10000000, work_chunk_size: 6138280, nseq: 40672
	[0000][ M::kt_pipeline] read 40672 sequences (6138280 bp)...
[0000] Calling mem_process_seqs.., task: 0
[0000] 1. Calling kt_for - worker_bwt
[0000] read_chunk: 10000000, work_chunk_size: 0, nseq: 0
[0000] 2. Calling kt_for - worker_aln
[0000] Inferring insert size distribution of PE reads from data, l_pac: 144447643, n: 40672
[0000][PE] # candidate unique pairs for (FF, FR, RF, RR): (0, 1552, 1, 0)
[0000][PE] skip orientation FF as there are not enough pairs
[0000][PE] analyzing insert size distribution for orientation FR...
[0000][PE] (25, 50, 75) percentile: (334, 413, 501)
[0000][PE] low and high boundaries for computing mean and std.dev: (1, 835)
[0000][PE] mean and std.dev: (414.56, 131.60)
[0000][PE] low and high boundaries for proper pairs: (1, 1002)
[0000][PE] skip orientation RF as there are not enough pairs
[0000][PE] skip orientation RR as there are not enough pairs
[0000] 3. Calling kt_for - worker_sam
	[0000][ M::mem_process_seqs] Processed 40672 reads in 21.067 CPU sec, 21.497 real sec
[0000] read_chunk: 10000000, work_chunk_size: 0, nseq: 0
[0000] Computation ends..
No. of OMP threads: 1
Processor is running @2645.209674 MHz
Runtime profile:

	Time taken for main_mem function: 23.00 sec

	IO times (sec) :
	Reading IO time (reads) avg: 0.05, (0.05, 0.05)
	Writing IO time (SAM) avg: 0.86, (0.86, 0.86)
	Reading IO time (Reference Genome) avg: 0.17, (0.17, 0.17)
	Index read time avg: 0.31, (0.31, 0.31)

	Overall time (sec) (Excluding Index reading time):
	PROCESS() (Total compute time + (read + SAM) IO time) : 22.43
	MEM_PROCESS_SEQ() (Total compute time (Kernel + SAM)), avg: 21.50, (21.50, 21.50)

	 SAM Processing time (sec):
	--WORKER_SAM avg: 12.28, (12.28, 12.28)

	Kernels' compute time (sec):
	Total kernel (smem+sal+bsw) time avg: 9.20, (9.20, 9.20)
		SMEM compute avg: 2.29, (2.29, 2.29)
		SAL compute avg: 1.00, (1.00, 1.00)
				MEM_SA avg: 0.46, (0.46, 0.46)

		BSW time, avg: 5.55, (5.55, 5.55)

Important parameter settings: 
	BATCH_SIZE: 512
	MAX_SEQ_LEN_REF: 256
	MAX_SEQ_LEN_QER: 128
	MAX_SEQ_LEN8: 128
	SEEDS_PER_READ: 500
	SIMD_WIDTH8 X: 32
	SIMD_WIDTH16 X: 16
	AVG_SEEDS_PER_READ: 64
## filter-stats: kept 9578; removed 33390
[mdg1] final BAM reads: 9578
=== [mdg1] done ===
=== [1731] starting in candidate_regions_data/JUT-008_MUN-009/1731.EiGv ===
[1731] contig count: 1  (1731)
[1731] hits.bam reads: 10704
[1731] qname count:  5532
[1731] pair.bam reads: 11455
[M::bam2fq_mainloop] discarded 0 singletons
[M::bam2fq_mainloop] processed 11064 reads
[1731] FASTQ1 lines: 22128
[1731] FASTQ2 lines: 22128
Looking to launch executable "/work/users/a/d/adaigle/.conda/envs/TEforest/bin/bwa-mem2.avx2", simd = .avx2
Launching executable "/work/users/a/d/adaigle/.conda/envs/TEforest/bin/bwa-mem2.avx2"
-----------------------------
Executing in AVX2 mode!!
-----------------------------
* SA compression enabled with xfactor: 8
* Ref file: fastp/ref_genome
* Entering FMI_search
* Index file found. Loading index from fastp/ref_genome.bwt.2bit.64
* Reference seq len for bi-index = 288895287
* sentinel-index: 149660069
* Count:
0,	1
1,	83687631
2,	144447644
3,	205207657
4,	288895287

* Reading other elements of the index from files fastp/ref_genome
* Index prefix: fastp/ref_genome
* Read 0 ALT contigs
* Done reading Index!!
* Reading reference genome..
* Binary seq file = fastp/ref_genome.0123
* Reference genome size: 288895286 bp
* Done reading reference genome !!

------------------------------------------
1. Memory pre-allocation for Chaining: 139.3584 MB
2. Memory pre-allocation for BSW: 239.6170 MB
3. Memory pre-allocation for BWT: 77.3142 MB
------------------------------------------
* Threads used (compute): 1
* No. of pipeline threads: 2

[0000] read_chunk: 10000000, work_chunk_size: 1670410, nseq: 11064
	[0000][ M::kt_pipeline] read 11064 sequences (1670410 bp)...
[0000] read_chunk: 10000000, work_chunk_size: 0, nseq: 0
[0000] Calling mem_process_seqs.., task: 0
[0000] 1. Calling kt_for - worker_bwt
[0000] 2. Calling kt_for - worker_aln
[0000] Inferring insert size distribution of PE reads from data, l_pac: 144447643, n: 11064
[0000][PE] # candidate unique pairs for (FF, FR, RF, RR): (0, 59, 0, 0)
[0000][PE] skip orientation FF as there are not enough pairs
[0000][PE] analyzing insert size distribution for orientation FR...
[0000][PE] (25, 50, 75) percentile: (361, 429, 517)
[0000][PE] low and high boundaries for computing mean and std.dev: (49, 829)
[0000][PE] mean and std.dev: (421.98, 105.04)
[0000][PE] low and high boundaries for proper pairs: (1, 985)
[0000][PE] skip orientation RF as there are not enough pairs
[0000][PE] skip orientation RR as there are not enough pairs
[0000] 3. Calling kt_for - worker_sam
	[0000][ M::mem_process_seqs] Processed 11064 reads in 6.077 CPU sec, 6.126 real sec
[0000] read_chunk: 10000000, work_chunk_size: 0, nseq: 0
[0000] Computation ends..
No. of OMP threads: 1
Processor is running @2645.199764 MHz
Runtime profile:

	Time taken for main_mem function: 6.91 sec

	IO times (sec) :
	Reading IO time (reads) avg: 0.01, (0.01, 0.01)
	Writing IO time (SAM) avg: 0.20, (0.20, 0.20)
	Reading IO time (Reference Genome) avg: 0.17, (0.17, 0.17)
	Index read time avg: 0.31, (0.31, 0.31)

	Overall time (sec) (Excluding Index reading time):
	PROCESS() (Total compute time + (read + SAM) IO time) : 6.35
	MEM_PROCESS_SEQ() (Total compute time (Kernel + SAM)), avg: 6.13, (6.13, 6.13)

	 SAM Processing time (sec):
	--WORKER_SAM avg: 2.25, (2.25, 2.25)

	Kernels' compute time (sec):
	Total kernel (smem+sal+bsw) time avg: 3.87, (3.87, 3.87)
		SMEM compute avg: 0.38, (0.38, 0.38)
		SAL compute avg: 0.32, (0.32, 0.32)
				MEM_SA avg: 0.15, (0.15, 0.15)

		BSW time, avg: 3.08, (3.08, 3.08)

Important parameter settings: 
	BATCH_SIZE: 512
	MAX_SEQ_LEN_REF: 256
	MAX_SEQ_LEN_QER: 128
	MAX_SEQ_LEN8: 128
	SEEDS_PER_READ: 500
	SIMD_WIDTH8 X: 32
	SIMD_WIDTH16 X: 16
	AVG_SEEDS_PER_READ: 64
## filter-stats: kept 1610; removed 9671
[1731] final BAM reads: 1610
=== [1731] done ===
=== [297] starting in candidate_regions_data/JUT-008_MUN-009/297.L292 ===
[297] contig count: 1  (297)
[297] hits.bam reads: 45592
[297] qname count:  23138
[297] pair.bam reads: 47632
[M::bam2fq_mainloop] discarded 0 singletons
[M::bam2fq_mainloop] processed 46276 reads
[297] FASTQ1 lines: 92552
[297] FASTQ2 lines: 92552
Looking to launch executable "/work/users/a/d/adaigle/.conda/envs/TEforest/bin/bwa-mem2.avx2", simd = .avx2
Launching executable "/work/users/a/d/adaigle/.conda/envs/TEforest/bin/bwa-mem2.avx2"
-----------------------------
Executing in AVX2 mode!!
-----------------------------
* SA compression enabled with xfactor: 8
* Ref file: fastp/ref_genome
* Entering FMI_search
* Index file found. Loading index from fastp/ref_genome.bwt.2bit.64
* Reference seq len for bi-index = 288895287
* sentinel-index: 149660069
* Count:
0,	1
1,	83687631
2,	144447644
3,	205207657
4,	288895287

* Reading other elements of the index from files fastp/ref_genome
* Index prefix: fastp/ref_genome
* Read 0 ALT contigs
* Done reading Index!!
* Reading reference genome..
* Binary seq file = fastp/ref_genome.0123
* Reference genome size: 288895286 bp
* Done reading reference genome !!

------------------------------------------
1. Memory pre-allocation for Chaining: 139.3584 MB
2. Memory pre-allocation for BSW: 239.6170 MB
3. Memory pre-allocation for BWT: 77.3142 MB
------------------------------------------
* Threads used (compute): 1
* No. of pipeline threads: 2

[0000] read_chunk: 10000000, work_chunk_size: 6984698, nseq: 46276
	[0000][ M::kt_pipeline] read 46276 sequences (6984698 bp)...
[0000] Calling mem_process_seqs.., task: 0
[0000] 1. Calling kt_for - worker_bwt
[0000] read_chunk: 10000000, work_chunk_size: 0, nseq: 0
[0000] 2. Calling kt_for - worker_aln
[0000] Inferring insert size distribution of PE reads from data, l_pac: 144447643, n: 46276
[0000][PE] # candidate unique pairs for (FF, FR, RF, RR): (0, 5232, 3, 0)
[0000][PE] skip orientation FF as there are not enough pairs
[0000][PE] analyzing insert size distribution for orientation FR...
[0000][PE] (25, 50, 75) percentile: (377, 446, 522)
[0000][PE] low and high boundaries for computing mean and std.dev: (87, 812)
[0000][PE] mean and std.dev: (451.85, 110.09)
[0000][PE] low and high boundaries for proper pairs: (1, 957)
[0000][PE] skip orientation RF as there are not enough pairs
[0000][PE] skip orientation RR as there are not enough pairs
[0000] 3. Calling kt_for - worker_sam
	[0000][ M::mem_process_seqs] Processed 46276 reads in 21.726 CPU sec, 21.955 real sec
[0000] read_chunk: 10000000, work_chunk_size: 0, nseq: 0
[0000] Computation ends..
No. of OMP threads: 1
Processor is running @2645.200665 MHz
Runtime profile:

	Time taken for main_mem function: 23.49 sec

	IO times (sec) :
	Reading IO time (reads) avg: 0.07, (0.07, 0.07)
	Writing IO time (SAM) avg: 0.89, (0.89, 0.89)
	Reading IO time (Reference Genome) avg: 0.17, (0.17, 0.17)
	Index read time avg: 0.31, (0.31, 0.31)

	Overall time (sec) (Excluding Index reading time):
	PROCESS() (Total compute time + (read + SAM) IO time) : 22.93
	MEM_PROCESS_SEQ() (Total compute time (Kernel + SAM)), avg: 21.95, (21.95, 21.95)

	 SAM Processing time (sec):
	--WORKER_SAM avg: 14.80, (14.80, 14.80)

	Kernels' compute time (sec):
	Total kernel (smem+sal+bsw) time avg: 7.15, (7.15, 7.15)
		SMEM compute avg: 1.51, (1.51, 1.51)
		SAL compute avg: 0.92, (0.92, 0.92)
				MEM_SA avg: 0.40, (0.40, 0.40)

		BSW time, avg: 4.26, (4.26, 4.26)

Important parameter settings: 
	BATCH_SIZE: 512
	MAX_SEQ_LEN_REF: 256
	MAX_SEQ_LEN_QER: 128
	MAX_SEQ_LEN8: 128
	SEEDS_PER_READ: 500
	SIMD_WIDTH8 X: 32
	SIMD_WIDTH16 X: 16
	AVG_SEEDS_PER_READ: 64
## filter-stats: kept 8441; removed 39292
[297] final BAM reads: 8441
=== [297] done ===
=== [Chimpo] starting in candidate_regions_data/JUT-008_MUN-009/Chimpo.SLzE ===
[Chimpo] contig count: 1  (Chimpo)
[Chimpo] hits.bam reads: 6044
[Chimpo] qname count:  3138
[Chimpo] pair.bam reads: 6502
[M::bam2fq_mainloop] discarded 0 singletons
[M::bam2fq_mainloop] processed 6276 reads
[Chimpo] FASTQ1 lines: 12552
[Chimpo] FASTQ2 lines: 12552
Looking to launch executable "/work/users/a/d/adaigle/.conda/envs/TEforest/bin/bwa-mem2.avx2", simd = .avx2
Launching executable "/work/users/a/d/adaigle/.conda/envs/TEforest/bin/bwa-mem2.avx2"
-----------------------------
Executing in AVX2 mode!!
-----------------------------
* SA compression enabled with xfactor: 8
* Ref file: fastp/ref_genome
* Entering FMI_search
* Index file found. Loading index from fastp/ref_genome.bwt.2bit.64
* Reference seq len for bi-index = 288895287
* sentinel-index: 149660069
* Count:
0,	1
1,	83687631
2,	144447644
3,	205207657
4,	288895287

* Reading other elements of the index from files fastp/ref_genome
* Index prefix: fastp/ref_genome
* Read 0 ALT contigs
* Done reading Index!!
* Reading reference genome..
* Binary seq file = fastp/ref_genome.0123
* Reference genome size: 288895286 bp
* Done reading reference genome !!

------------------------------------------
1. Memory pre-allocation for Chaining: 139.3584 MB
2. Memory pre-allocation for BSW: 239.6170 MB
3. Memory pre-allocation for BWT: 77.3142 MB
------------------------------------------
* Threads used (compute): 1
* No. of pipeline threads: 2

[0000] read_chunk: 10000000, work_chunk_size: 947392, nseq: 6276
	[0000][ M::kt_pipeline] read 6276 sequences (947392 bp)...
[0000] Calling mem_process_seqs.., task: 0
[0000] 1. Calling kt_for - worker_bwt
[0000] read_chunk: 10000000, work_chunk_size: 0, nseq: 0
[0000] 2. Calling kt_for - worker_aln
[0000] Inferring insert size distribution of PE reads from data, l_pac: 144447643, n: 6276
[0000][PE] # candidate unique pairs for (FF, FR, RF, RR): (0, 127, 0, 0)
[0000][PE] skip orientation FF as there are not enough pairs
[0000][PE] analyzing insert size distribution for orientation FR...
[0000][PE] (25, 50, 75) percentile: (394, 458, 556)
[0000][PE] low and high boundaries for computing mean and std.dev: (70, 880)
[0000][PE] mean and std.dev: (473.79, 112.96)
[0000][PE] low and high boundaries for proper pairs: (1, 1042)
[0000][PE] skip orientation RF as there are not enough pairs
[0000][PE] skip orientation RR as there are not enough pairs
[0000] 3. Calling kt_for - worker_sam
	[0000][ M::mem_process_seqs] Processed 6276 reads in 3.527 CPU sec, 3.552 real sec
[0000] read_chunk: 10000000, work_chunk_size: 0, nseq: 0
[0000] Computation ends..
No. of OMP threads: 1
Processor is running @2645.193324 MHz
Runtime profile:

	Time taken for main_mem function: 4.25 sec

	IO times (sec) :
	Reading IO time (reads) avg: 0.01, (0.01, 0.01)
	Writing IO time (SAM) avg: 0.11, (0.11, 0.11)
	Reading IO time (Reference Genome) avg: 0.18, (0.18, 0.18)
	Index read time avg: 0.31, (0.31, 0.31)

	Overall time (sec) (Excluding Index reading time):
	PROCESS() (Total compute time + (read + SAM) IO time) : 3.68
	MEM_PROCESS_SEQ() (Total compute time (Kernel + SAM)), avg: 3.55, (3.55, 3.55)

	 SAM Processing time (sec):
	--WORKER_SAM avg: 1.28, (1.28, 1.28)

	Kernels' compute time (sec):
	Total kernel (smem+sal+bsw) time avg: 2.27, (2.27, 2.27)
		SMEM compute avg: 0.20, (0.20, 0.20)
		SAL compute avg: 0.17, (0.17, 0.17)
				MEM_SA avg: 0.08, (0.08, 0.08)

		BSW time, avg: 1.86, (1.86, 1.86)

Important parameter settings: 
	BATCH_SIZE: 512
	MAX_SEQ_LEN_REF: 256
	MAX_SEQ_LEN_QER: 128
	MAX_SEQ_LEN8: 128
	SEEDS_PER_READ: 500
	SIMD_WIDTH8 X: 32
	SIMD_WIDTH16 X: 16
	AVG_SEEDS_PER_READ: 64
## filter-stats: kept 638; removed 5705
[Chimpo] final BAM reads: 638
=== [Chimpo] done ===
=== [Stalker3] starting in candidate_regions_data/JUT-008_MUN-009/Stalker3.cO5Z ===
[Stalker3] contig count: 1  (Stalker3)
[Stalker3] hits.bam reads: 10647
[Stalker3] qname count:  5760
[Stalker3] pair.bam reads: 12044
[M::bam2fq_mainloop] discarded 0 singletons
[M::bam2fq_mainloop] processed 11520 reads
[Stalker3] FASTQ1 lines: 23040
[Stalker3] FASTQ2 lines: 23040
Looking to launch executable "/work/users/a/d/adaigle/.conda/envs/TEforest/bin/bwa-mem2.avx2", simd = .avx2
Launching executable "/work/users/a/d/adaigle/.conda/envs/TEforest/bin/bwa-mem2.avx2"
-----------------------------
Executing in AVX2 mode!!
-----------------------------
* SA compression enabled with xfactor: 8
* Ref file: fastp/ref_genome
* Entering FMI_search
* Index file found. Loading index from fastp/ref_genome.bwt.2bit.64
* Reference seq len for bi-index = 288895287
* sentinel-index: 149660069
* Count:
0,	1
1,	83687631
2,	144447644
3,	205207657
4,	288895287

* Reading other elements of the index from files fastp/ref_genome
* Index prefix: fastp/ref_genome
* Read 0 ALT contigs
* Done reading Index!!
* Reading reference genome..
* Binary seq file = fastp/ref_genome.0123
* Reference genome size: 288895286 bp
* Done reading reference genome !!

------------------------------------------
1. Memory pre-allocation for Chaining: 139.3584 MB
2. Memory pre-allocation for BSW: 239.6170 MB
3. Memory pre-allocation for BWT: 77.3142 MB
------------------------------------------
* Threads used (compute): 1
* No. of pipeline threads: 2

[0000] read_chunk: 10000000, work_chunk_size: 1685020, nseq: 11520
	[0000][ M::kt_pipeline] read 11520 sequences (1685020 bp)...
[0000] Calling mem_process_seqs.., task: 0
[0000] 1. Calling kt_for - worker_bwt
[0000] read_chunk: 10000000, work_chunk_size: 0, nseq: 0
[0000] 2. Calling kt_for - worker_aln
[0000] Inferring insert size distribution of PE reads from data, l_pac: 144447643, n: 11520
[0000][PE] # candidate unique pairs for (FF, FR, RF, RR): (0, 63, 1, 0)
[0000][PE] skip orientation FF as there are not enough pairs
[0000][PE] analyzing insert size distribution for orientation FR...
[0000][PE] (25, 50, 75) percentile: (354, 422, 492)
[0000][PE] low and high boundaries for computing mean and std.dev: (78, 768)
[0000][PE] mean and std.dev: (402.53, 142.81)
[0000][PE] low and high boundaries for proper pairs: (1, 974)
[0000][PE] skip orientation RF as there are not enough pairs
[0000][PE] skip orientation RR as there are not enough pairs
[0000] 3. Calling kt_for - worker_sam
	[0000][ M::mem_process_seqs] Processed 11520 reads in 15.411 CPU sec, 15.541 real sec
[0000] read_chunk: 10000000, work_chunk_size: 0, nseq: 0
[0000] Computation ends..
No. of OMP threads: 1
Processor is running @2645.204030 MHz
Runtime profile:

	Time taken for main_mem function: 16.23 sec

	IO times (sec) :
	Reading IO time (reads) avg: 0.01, (0.01, 0.01)
	Writing IO time (SAM) avg: 0.24, (0.24, 0.24)
	Reading IO time (Reference Genome) avg: 0.05, (0.05, 0.05)
	Index read time avg: 0.30, (0.30, 0.30)

	Overall time (sec) (Excluding Index reading time):
	PROCESS() (Total compute time + (read + SAM) IO time) : 15.82
	MEM_PROCESS_SEQ() (Total compute time (Kernel + SAM)), avg: 15.54, (15.54, 15.54)

	 SAM Processing time (sec):
	--WORKER_SAM avg: 3.51, (3.51, 3.51)

	Kernels' compute time (sec):
	Total kernel (smem+sal+bsw) time avg: 12.03, (12.03, 12.03)
		SMEM compute avg: 1.05, (1.05, 1.05)
		SAL compute avg: 1.02, (1.02, 1.02)
				MEM_SA avg: 0.40, (0.40, 0.40)

		BSW time, avg: 8.91, (8.91, 8.91)

Important parameter settings: 
	BATCH_SIZE: 512
	MAX_SEQ_LEN_REF: 256
	MAX_SEQ_LEN_QER: 128
	MAX_SEQ_LEN8: 128
	SEEDS_PER_READ: 500
	SIMD_WIDTH8 X: 32
	SIMD_WIDTH16 X: 16
	AVG_SEEDS_PER_READ: 64
## filter-stats: kept 2938; removed 8755
[Stalker3] final BAM reads: 2938
=== [Stalker3] done ===
=== [Copia2] starting in candidate_regions_data/JUT-008_MUN-009/Copia2.FHsA ===
[Copia2] contig count: 1  (Copia2)
[Copia2] hits.bam reads: 16091
[Copia2] qname count:  8769
[Copia2] pair.bam reads: 19140
[M::bam2fq_mainloop] discarded 0 singletons
[M::bam2fq_mainloop] processed 17538 reads
[Copia2] FASTQ1 lines: 35076
[Copia2] FASTQ2 lines: 35076
Looking to launch executable "/work/users/a/d/adaigle/.conda/envs/TEforest/bin/bwa-mem2.avx2", simd = .avx2
Launching executable "/work/users/a/d/adaigle/.conda/envs/TEforest/bin/bwa-mem2.avx2"
-----------------------------
Executing in AVX2 mode!!
-----------------------------
* SA compression enabled with xfactor: 8
* Ref file: fastp/ref_genome
* Entering FMI_search
* Index file found. Loading index from fastp/ref_genome.bwt.2bit.64
* Reference seq len for bi-index = 288895287
* sentinel-index: 149660069
* Count:
0,	1
1,	83687631
2,	144447644
3,	205207657
4,	288895287

* Reading other elements of the index from files fastp/ref_genome
* Index prefix: fastp/ref_genome
* Read 0 ALT contigs
* Done reading Index!!
* Reading reference genome..
* Binary seq file = fastp/ref_genome.0123
* Reference genome size: 288895286 bp
* Done reading reference genome !!

------------------------------------------
1. Memory pre-allocation for Chaining: 139.3584 MB
2. Memory pre-allocation for BSW: 239.6170 MB
3. Memory pre-allocation for BWT: 77.3142 MB
------------------------------------------
* Threads used (compute): 1
* No. of pipeline threads: 2

[0000] read_chunk: 10000000, work_chunk_size: 2647588, nseq: 17538
	[0000][ M::kt_pipeline] read 17538 sequences (2647588 bp)...
[0000] read_chunk: 10000000, work_chunk_size: 0, nseq: 0
[0000] Calling mem_process_seqs.., task: 0
[0000] 1. Calling kt_for - worker_bwt
[0000] 2. Calling kt_for - worker_aln
[0000] Inferring insert size distribution of PE reads from data, l_pac: 144447643, n: 17538
[0000][PE] # candidate unique pairs for (FF, FR, RF, RR): (0, 299, 0, 0)
[0000][PE] skip orientation FF as there are not enough pairs
[0000][PE] analyzing insert size distribution for orientation FR...
[0000][PE] (25, 50, 75) percentile: (400, 458, 534)
[0000][PE] low and high boundaries for computing mean and std.dev: (132, 802)
[0000][PE] mean and std.dev: (460.68, 105.79)
[0000][PE] low and high boundaries for proper pairs: (1, 936)
[0000][PE] skip orientation RF as there are not enough pairs
[0000][PE] skip orientation RR as there are not enough pairs
[0000] 3. Calling kt_for - worker_sam
	[0000][ M::mem_process_seqs] Processed 17538 reads in 8.394 CPU sec, 8.455 real sec
[0000] read_chunk: 10000000, work_chunk_size: 0, nseq: 0
[0000] Computation ends..
No. of OMP threads: 1
Processor is running @2645.209410 MHz
Runtime profile:

	Time taken for main_mem function: 9.30 sec

	IO times (sec) :
	Reading IO time (reads) avg: 0.02, (0.02, 0.02)
	Writing IO time (SAM) avg: 0.32, (0.32, 0.32)
	Reading IO time (Reference Genome) avg: 0.15, (0.15, 0.15)
	Index read time avg: 0.27, (0.27, 0.27)

	Overall time (sec) (Excluding Index reading time):
	PROCESS() (Total compute time + (read + SAM) IO time) : 8.80
	MEM_PROCESS_SEQ() (Total compute time (Kernel + SAM)), avg: 8.45, (8.45, 8.45)

	 SAM Processing time (sec):
	--WORKER_SAM avg: 3.62, (3.62, 3.62)

	Kernels' compute time (sec):
	Total kernel (smem+sal+bsw) time avg: 4.83, (4.83, 4.83)
		SMEM compute avg: 0.66, (0.66, 0.66)
		SAL compute avg: 0.44, (0.44, 0.44)
				MEM_SA avg: 0.20, (0.20, 0.20)

		BSW time, avg: 3.63, (3.63, 3.63)

Important parameter settings: 
	BATCH_SIZE: 512
	MAX_SEQ_LEN_REF: 256
	MAX_SEQ_LEN_QER: 128
	MAX_SEQ_LEN8: 128
	SEEDS_PER_READ: 500
	SIMD_WIDTH8 X: 32
	SIMD_WIDTH16 X: 16
	AVG_SEEDS_PER_READ: 64
## filter-stats: kept 1997; removed 15733
[Copia2] final BAM reads: 1997
=== [Copia2] done ===
=== [gypsy12] starting in candidate_regions_data/JUT-008_MUN-009/gypsy12.of84 ===
[gypsy12] contig count: 1  (gypsy12)
[gypsy12] hits.bam reads: 18456
[gypsy12] qname count:  9531
[gypsy12] pair.bam reads: 19468
[M::bam2fq_mainloop] discarded 0 singletons
[M::bam2fq_mainloop] processed 19062 reads
[gypsy12] FASTQ1 lines: 38124
[gypsy12] FASTQ2 lines: 38124
Looking to launch executable "/work/users/a/d/adaigle/.conda/envs/TEforest/bin/bwa-mem2.avx2", simd = .avx2
Launching executable "/work/users/a/d/adaigle/.conda/envs/TEforest/bin/bwa-mem2.avx2"
-----------------------------
Executing in AVX2 mode!!
-----------------------------
* SA compression enabled with xfactor: 8
* Ref file: fastp/ref_genome
* Entering FMI_search
* Index file found. Loading index from fastp/ref_genome.bwt.2bit.64
* Reference seq len for bi-index = 288895287
* sentinel-index: 149660069
* Count:
0,	1
1,	83687631
2,	144447644
3,	205207657
4,	288895287

* Reading other elements of the index from files fastp/ref_genome
* Index prefix: fastp/ref_genome
* Read 0 ALT contigs
* Done reading Index!!
* Reading reference genome..
* Binary seq file = fastp/ref_genome.0123
* Reference genome size: 288895286 bp
* Done reading reference genome !!

------------------------------------------
1. Memory pre-allocation for Chaining: 139.3584 MB
2. Memory pre-allocation for BSW: 239.6170 MB
3. Memory pre-allocation for BWT: 77.3142 MB
------------------------------------------
* Threads used (compute): 1
* No. of pipeline threads: 2

[0000] read_chunk: 10000000, work_chunk_size: 2877750, nseq: 19062
	[0000][ M::kt_pipeline] read 19062 sequences (2877750 bp)...
[0000] Calling mem_process_seqs.., task: 0
[0000] 1. Calling kt_for - worker_bwt
[0000] read_chunk: 10000000, work_chunk_size: 0, nseq: 0
[0000] 2. Calling kt_for - worker_aln
[0000] Inferring insert size distribution of PE reads from data, l_pac: 144447643, n: 19062
[0000][PE] # candidate unique pairs for (FF, FR, RF, RR): (0, 1841, 0, 0)
[0000][PE] skip orientation FF as there are not enough pairs
[0000][PE] analyzing insert size distribution for orientation FR...
[0000][PE] (25, 50, 75) percentile: (381, 447, 523)
[0000][PE] low and high boundaries for computing mean and std.dev: (97, 807)
[0000][PE] mean and std.dev: (452.80, 110.35)
[0000][PE] low and high boundaries for proper pairs: (1, 949)
[0000][PE] skip orientation RF as there are not enough pairs
[0000][PE] skip orientation RR as there are not enough pairs
[0000] 3. Calling kt_for - worker_sam
	[0000][ M::mem_process_seqs] Processed 19062 reads in 5.976 CPU sec, 6.026 real sec
[0000] read_chunk: 10000000, work_chunk_size: 0, nseq: 0
[0000] Computation ends..
No. of OMP threads: 1
Processor is running @2645.153627 MHz
Runtime profile:

	Time taken for main_mem function: 6.95 sec

	IO times (sec) :
	Reading IO time (reads) avg: 0.02, (0.02, 0.02)
	Writing IO time (SAM) avg: 0.35, (0.35, 0.35)
	Reading IO time (Reference Genome) avg: 0.16, (0.16, 0.16)
	Index read time avg: 0.30, (0.30, 0.30)

	Overall time (sec) (Excluding Index reading time):
	PROCESS() (Total compute time + (read + SAM) IO time) : 6.41
	MEM_PROCESS_SEQ() (Total compute time (Kernel + SAM)), avg: 6.03, (6.03, 6.03)

	 SAM Processing time (sec):
	--WORKER_SAM avg: 2.37, (2.37, 2.37)

	Kernels' compute time (sec):
	Total kernel (smem+sal+bsw) time avg: 3.65, (3.65, 3.65)
		SMEM compute avg: 0.78, (0.78, 0.78)
		SAL compute avg: 0.39, (0.39, 0.39)
				MEM_SA avg: 0.20, (0.20, 0.20)

		BSW time, avg: 2.41, (2.41, 2.41)

Important parameter settings: 
	BATCH_SIZE: 512
	MAX_SEQ_LEN_REF: 256
	MAX_SEQ_LEN_QER: 128
	MAX_SEQ_LEN8: 128
	SEEDS_PER_READ: 500
	SIMD_WIDTH8 X: 32
	SIMD_WIDTH16 X: 16
	AVG_SEEDS_PER_READ: 64
## filter-stats: kept 1954; removed 17313
[gypsy12] final BAM reads: 1954
=== [gypsy12] done ===
=== [G2] starting in candidate_regions_data/JUT-008_MUN-009/G2.Rz5q ===
[G2] contig count: 1  (G2)
[G2] hits.bam reads: 30423
[G2] qname count:  15409
[G2] pair.bam reads: 31324
[M::bam2fq_mainloop] discarded 0 singletons
[M::bam2fq_mainloop] processed 30818 reads
[G2] FASTQ1 lines: 61636
[G2] FASTQ2 lines: 61636
Looking to launch executable "/work/users/a/d/adaigle/.conda/envs/TEforest/bin/bwa-mem2.avx2", simd = .avx2
Launching executable "/work/users/a/d/adaigle/.conda/envs/TEforest/bin/bwa-mem2.avx2"
-----------------------------
Executing in AVX2 mode!!
-----------------------------
* SA compression enabled with xfactor: 8
* Ref file: fastp/ref_genome
* Entering FMI_search
* Index file found. Loading index from fastp/ref_genome.bwt.2bit.64
* Reference seq len for bi-index = 288895287
* sentinel-index: 149660069
* Count:
0,	1
1,	83687631
2,	144447644
3,	205207657
4,	288895287

* Reading other elements of the index from files fastp/ref_genome
* Index prefix: fastp/ref_genome
* Read 0 ALT contigs
* Done reading Index!!
* Reading reference genome..
* Binary seq file = fastp/ref_genome.0123
* Reference genome size: 288895286 bp
* Done reading reference genome !!

------------------------------------------
1. Memory pre-allocation for Chaining: 139.3584 MB
2. Memory pre-allocation for BSW: 239.6170 MB
3. Memory pre-allocation for BWT: 77.3142 MB
------------------------------------------
* Threads used (compute): 1
* No. of pipeline threads: 2

[0000] read_chunk: 10000000, work_chunk_size: 4392568, nseq: 30818
	[0000][ M::kt_pipeline] read 30818 sequences (4392568 bp)...
[0000] Calling mem_process_seqs.., task: 0
[0000] 1. Calling kt_for - worker_bwt
[0000] read_chunk: 10000000, work_chunk_size: 0, nseq: 0
[0000] 2. Calling kt_for - worker_aln
[0000] Inferring insert size distribution of PE reads from data, l_pac: 144447643, n: 30818
[0000][PE] # candidate unique pairs for (FF, FR, RF, RR): (0, 463, 0, 0)
[0000][PE] skip orientation FF as there are not enough pairs
[0000][PE] analyzing insert size distribution for orientation FR...
[0000][PE] (25, 50, 75) percentile: (379, 447, 528)
[0000][PE] low and high boundaries for computing mean and std.dev: (81, 826)
[0000][PE] mean and std.dev: (450.38, 115.03)
[0000][PE] low and high boundaries for proper pairs: (1, 975)
[0000][PE] skip orientation RF as there are not enough pairs
[0000][PE] skip orientation RR as there are not enough pairs
[0000] 3. Calling kt_for - worker_sam
	[0000][ M::mem_process_seqs] Processed 30818 reads in 10.249 CPU sec, 10.327 real sec
[0000] read_chunk: 10000000, work_chunk_size: 0, nseq: 0
[0000] Computation ends..
No. of OMP threads: 1
Processor is running @2645.199233 MHz
Runtime profile:

	Time taken for main_mem function: 11.39 sec

	IO times (sec) :
	Reading IO time (reads) avg: 0.03, (0.03, 0.03)
	Writing IO time (SAM) avg: 0.49, (0.49, 0.49)
	Reading IO time (Reference Genome) avg: 0.15, (0.15, 0.15)
	Index read time avg: 0.31, (0.31, 0.31)

	Overall time (sec) (Excluding Index reading time):
	PROCESS() (Total compute time + (read + SAM) IO time) : 10.86
	MEM_PROCESS_SEQ() (Total compute time (Kernel + SAM)), avg: 10.33, (10.33, 10.33)

	 SAM Processing time (sec):
	--WORKER_SAM avg: 5.62, (5.62, 5.62)

	Kernels' compute time (sec):
	Total kernel (smem+sal+bsw) time avg: 4.71, (4.71, 4.71)
		SMEM compute avg: 0.79, (0.79, 0.79)
		SAL compute avg: 0.55, (0.55, 0.55)
				MEM_SA avg: 0.22, (0.22, 0.22)

		BSW time, avg: 3.21, (3.21, 3.21)

Important parameter settings: 
	BATCH_SIZE: 512
	MAX_SEQ_LEN_REF: 256
	MAX_SEQ_LEN_QER: 128
	MAX_SEQ_LEN8: 128
	SEEDS_PER_READ: 500
	SIMD_WIDTH8 X: 32
	SIMD_WIDTH16 X: 16
	AVG_SEEDS_PER_READ: 64
## filter-stats: kept 1780; removed 29236
[G2] final BAM reads: 1780
=== [G2] done ===
=== [Stalker4] starting in candidate_regions_data/JUT-008_MUN-009/Stalker4.rhmk ===
[Stalker4] contig count: 1  (Stalker4)
[Stalker4] hits.bam reads: 37411
[Stalker4] qname count:  20040
[Stalker4] pair.bam reads: 41980
[M::bam2fq_mainloop] discarded 0 singletons
[M::bam2fq_mainloop] processed 40080 reads
[Stalker4] FASTQ1 lines: 80160
[Stalker4] FASTQ2 lines: 80160
Looking to launch executable "/work/users/a/d/adaigle/.conda/envs/TEforest/bin/bwa-mem2.avx2", simd = .avx2
Launching executable "/work/users/a/d/adaigle/.conda/envs/TEforest/bin/bwa-mem2.avx2"
-----------------------------
Executing in AVX2 mode!!
-----------------------------
* SA compression enabled with xfactor: 8
* Ref file: fastp/ref_genome
* Entering FMI_search
* Index file found. Loading index from fastp/ref_genome.bwt.2bit.64
* Reference seq len for bi-index = 288895287
* sentinel-index: 149660069
* Count:
0,	1
1,	83687631
2,	144447644
3,	205207657
4,	288895287

* Reading other elements of the index from files fastp/ref_genome
* Index prefix: fastp/ref_genome
* Read 0 ALT contigs
* Done reading Index!!
* Reading reference genome..
* Binary seq file = fastp/ref_genome.0123
* Reference genome size: 288895286 bp
* Done reading reference genome !!

------------------------------------------
1. Memory pre-allocation for Chaining: 139.3584 MB
2. Memory pre-allocation for BSW: 239.6170 MB
3. Memory pre-allocation for BWT: 77.3142 MB
------------------------------------------
* Threads used (compute): 1
* No. of pipeline threads: 2

[0000] read_chunk: 10000000, work_chunk_size: 6050812, nseq: 40080
	[0000][ M::kt_pipeline] read 40080 sequences (6050812 bp)...
[0000] Calling mem_process_seqs.., task: 0
[0000] 1. Calling kt_for - worker_bwt
[0000] read_chunk: 10000000, work_chunk_size: 0, nseq: 0
[0000] 2. Calling kt_for - worker_aln
[0000] Inferring insert size distribution of PE reads from data, l_pac: 144447643, n: 40080
[0000][PE] # candidate unique pairs for (FF, FR, RF, RR): (0, 1548, 1, 1)
[0000][PE] skip orientation FF as there are not enough pairs
[0000][PE] analyzing insert size distribution for orientation FR...
[0000][PE] (25, 50, 75) percentile: (382, 442, 523)
[0000][PE] low and high boundaries for computing mean and std.dev: (100, 805)
[0000][PE] mean and std.dev: (449.43, 112.00)
[0000][PE] low and high boundaries for proper pairs: (1, 946)
[0000][PE] skip orientation RF as there are not enough pairs
[0000][PE] skip orientation RR as there are not enough pairs
[0000] 3. Calling kt_for - worker_sam
	[0000][ M::mem_process_seqs] Processed 40080 reads in 25.623 CPU sec, 25.796 real sec
[0000] read_chunk: 10000000, work_chunk_size: 0, nseq: 0
[0000] Computation ends..
No. of OMP threads: 1
Processor is running @2645.196212 MHz
Runtime profile:

	Time taken for main_mem function: 27.08 sec

	IO times (sec) :
	Reading IO time (reads) avg: 0.05, (0.05, 0.05)
	Writing IO time (SAM) avg: 0.67, (0.67, 0.67)
	Reading IO time (Reference Genome) avg: 0.17, (0.17, 0.17)
	Index read time avg: 0.28, (0.28, 0.28)

	Overall time (sec) (Excluding Index reading time):
	PROCESS() (Total compute time + (read + SAM) IO time) : 26.55
	MEM_PROCESS_SEQ() (Total compute time (Kernel + SAM)), avg: 25.79, (25.79, 25.79)

	 SAM Processing time (sec):
	--WORKER_SAM avg: 18.39, (18.39, 18.39)

	Kernels' compute time (sec):
	Total kernel (smem+sal+bsw) time avg: 7.40, (7.40, 7.40)
		SMEM compute avg: 1.54, (1.54, 1.54)
		SAL compute avg: 0.91, (0.91, 0.91)
				MEM_SA avg: 0.39, (0.39, 0.39)

		BSW time, avg: 4.63, (4.63, 4.63)

Important parameter settings: 
	BATCH_SIZE: 512
	MAX_SEQ_LEN_REF: 256
	MAX_SEQ_LEN_QER: 128
	MAX_SEQ_LEN8: 128
	SEEDS_PER_READ: 500
	SIMD_WIDTH8 X: 32
	SIMD_WIDTH16 X: 16
	AVG_SEEDS_PER_READ: 64
## filter-stats: kept 6646; removed 34444
[Stalker4] final BAM reads: 6646
=== [Stalker4] done ===
=== [gypsy4] starting in candidate_regions_data/JUT-008_MUN-009/gypsy4.IoPW ===
[gypsy4] contig count: 1  (gypsy4)
[gypsy4] hits.bam reads: 24904
[gypsy4] qname count:  12744
[gypsy4] pair.bam reads: 26733
[M::bam2fq_mainloop] discarded 0 singletons
[M::bam2fq_mainloop] processed 25488 reads
[gypsy4] FASTQ1 lines: 50976
[gypsy4] FASTQ2 lines: 50976
Looking to launch executable "/work/users/a/d/adaigle/.conda/envs/TEforest/bin/bwa-mem2.avx2", simd = .avx2
Launching executable "/work/users/a/d/adaigle/.conda/envs/TEforest/bin/bwa-mem2.avx2"
-----------------------------
Executing in AVX2 mode!!
-----------------------------
* SA compression enabled with xfactor: 8
* Ref file: fastp/ref_genome
* Entering FMI_search
* Index file found. Loading index from fastp/ref_genome.bwt.2bit.64
* Reference seq len for bi-index = 288895287
* sentinel-index: 149660069
* Count:
0,	1
1,	83687631
2,	144447644
3,	205207657
4,	288895287

* Reading other elements of the index from files fastp/ref_genome
* Index prefix: fastp/ref_genome
* Read 0 ALT contigs
* Done reading Index!!
* Reading reference genome..
* Binary seq file = fastp/ref_genome.0123
* Reference genome size: 288895286 bp
* Done reading reference genome !!

------------------------------------------
1. Memory pre-allocation for Chaining: 139.3584 MB
2. Memory pre-allocation for BSW: 239.6170 MB
3. Memory pre-allocation for BWT: 77.3142 MB
------------------------------------------
* Threads used (compute): 1
* No. of pipeline threads: 2

[0000] read_chunk: 10000000, work_chunk_size: 3847750, nseq: 25488
	[0000][ M::kt_pipeline] read 25488 sequences (3847750 bp)...
[0000] Calling mem_process_seqs.., task: 0
[0000] 1. Calling kt_for - worker_bwt
[0000] read_chunk: 10000000, work_chunk_size: 0, nseq: 0
[0000] 2. Calling kt_for - worker_aln
[0000] Inferring insert size distribution of PE reads from data, l_pac: 144447643, n: 25488
[0000][PE] # candidate unique pairs for (FF, FR, RF, RR): (0, 310, 0, 0)
[0000][PE] skip orientation FF as there are not enough pairs
[0000][PE] analyzing insert size distribution for orientation FR...
[0000][PE] (25, 50, 75) percentile: (380, 458, 541)
[0000][PE] low and high boundaries for computing mean and std.dev: (58, 863)
[0000][PE] mean and std.dev: (457.36, 125.90)
[0000][PE] low and high boundaries for proper pairs: (1, 1024)
[0000][PE] skip orientation RF as there are not enough pairs
[0000][PE] skip orientation RR as there are not enough pairs
[0000] 3. Calling kt_for - worker_sam
	[0000][ M::mem_process_seqs] Processed 25488 reads in 12.745 CPU sec, 12.836 real sec
[0000] read_chunk: 10000000, work_chunk_size: 0, nseq: 0
[0000] Computation ends..
No. of OMP threads: 1
Processor is running @2645.194252 MHz
Runtime profile:

	Time taken for main_mem function: 13.80 sec

	IO times (sec) :
	Reading IO time (reads) avg: 0.02, (0.02, 0.02)
	Writing IO time (SAM) avg: 0.41, (0.41, 0.41)
	Reading IO time (Reference Genome) avg: 0.16, (0.16, 0.16)
	Index read time avg: 0.29, (0.29, 0.29)

	Overall time (sec) (Excluding Index reading time):
	PROCESS() (Total compute time + (read + SAM) IO time) : 13.29
	MEM_PROCESS_SEQ() (Total compute time (Kernel + SAM)), avg: 12.84, (12.84, 12.84)

	 SAM Processing time (sec):
	--WORKER_SAM avg: 4.72, (4.72, 4.72)

	Kernels' compute time (sec):
	Total kernel (smem+sal+bsw) time avg: 8.12, (8.12, 8.12)
		SMEM compute avg: 0.95, (0.95, 0.95)
		SAL compute avg: 0.63, (0.63, 0.63)
				MEM_SA avg: 0.29, (0.29, 0.29)

		BSW time, avg: 6.40, (6.40, 6.40)

Important parameter settings: 
	BATCH_SIZE: 512
	MAX_SEQ_LEN_REF: 256
	MAX_SEQ_LEN_QER: 128
	MAX_SEQ_LEN8: 128
	SEEDS_PER_READ: 500
	SIMD_WIDTH8 X: 32
	SIMD_WIDTH16 X: 16
	AVG_SEEDS_PER_READ: 64
## filter-stats: kept 2591; removed 23210
[gypsy4] final BAM reads: 2591
=== [gypsy4] done ===
=== [Mariner_CA] starting in candidate_regions_data/JUT-008_MUN-009/Mariner_CA.Jg6D ===
[Mariner_CA] contig count: 1  (Mariner_CA)
[Mariner_CA] hits.bam reads: 850
[Mariner_CA] qname count:  454
[Mariner_CA] pair.bam reads: 933
[M::bam2fq_mainloop] discarded 0 singletons
[M::bam2fq_mainloop] processed 908 reads
[Mariner_CA] FASTQ1 lines: 1816
[Mariner_CA] FASTQ2 lines: 1816
Looking to launch executable "/work/users/a/d/adaigle/.conda/envs/TEforest/bin/bwa-mem2.avx2", simd = .avx2
Launching executable "/work/users/a/d/adaigle/.conda/envs/TEforest/bin/bwa-mem2.avx2"
-----------------------------
Executing in AVX2 mode!!
-----------------------------
* SA compression enabled with xfactor: 8
* Ref file: fastp/ref_genome
* Entering FMI_search
* Index file found. Loading index from fastp/ref_genome.bwt.2bit.64
* Reference seq len for bi-index = 288895287
* sentinel-index: 149660069
* Count:
0,	1
1,	83687631
2,	144447644
3,	205207657
4,	288895287

* Reading other elements of the index from files fastp/ref_genome
* Index prefix: fastp/ref_genome
* Read 0 ALT contigs
* Done reading Index!!
* Reading reference genome..
* Binary seq file = fastp/ref_genome.0123
* Reference genome size: 288895286 bp
* Done reading reference genome !!

------------------------------------------
1. Memory pre-allocation for Chaining: 139.3584 MB
2. Memory pre-allocation for BSW: 239.6170 MB
3. Memory pre-allocation for BWT: 77.3142 MB
------------------------------------------
* Threads used (compute): 1
* No. of pipeline threads: 2

[0000] read_chunk: 10000000, work_chunk_size: 137108, nseq: 908
	[0000][ M::kt_pipeline] read 908 sequences (137108 bp)...
[0000] Calling mem_process_seqs.., task: 0
[0000] 1. Calling kt_for - worker_bwt
[0000] read_chunk: 10000000, work_chunk_size: 0, nseq: 0
[0000] 2. Calling kt_for - worker_aln
[0000] Inferring insert size distribution of PE reads from data, l_pac: 144447643, n: 908
[0000][PE] # candidate unique pairs for (FF, FR, RF, RR): (0, 211, 9, 0)
[0000][PE] skip orientation FF as there are not enough pairs
[0000][PE] analyzing insert size distribution for orientation FR...
[0000][PE] (25, 50, 75) percentile: (383, 442, 533)
[0000][PE] low and high boundaries for computing mean and std.dev: (83, 833)
[0000][PE] mean and std.dev: (457.13, 110.51)
[0000][PE] low and high boundaries for proper pairs: (1, 983)
[0000][PE] skip orientation RF as there are not enough pairs
[0000][PE] skip orientation RR as there are not enough pairs
[0000] 3. Calling kt_for - worker_sam
	[0000][ M::mem_process_seqs] Processed 908 reads in 0.154 CPU sec, 0.157 real sec
[0000] read_chunk: 10000000, work_chunk_size: 0, nseq: 0
[0000] Computation ends..
No. of OMP threads: 1
Processor is running @2645.196928 MHz
Runtime profile:

	Time taken for main_mem function: 0.72 sec

	IO times (sec) :
	Reading IO time (reads) avg: 0.00, (0.00, 0.00)
	Writing IO time (SAM) avg: 0.01, (0.01, 0.01)
	Reading IO time (Reference Genome) avg: 0.17, (0.17, 0.17)
	Index read time avg: 0.30, (0.30, 0.30)

	Overall time (sec) (Excluding Index reading time):
	PROCESS() (Total compute time + (read + SAM) IO time) : 0.17
	MEM_PROCESS_SEQ() (Total compute time (Kernel + SAM)), avg: 0.16, (0.16, 0.16)

	 SAM Processing time (sec):
	--WORKER_SAM avg: 0.06, (0.06, 0.06)

	Kernels' compute time (sec):
	Total kernel (smem+sal+bsw) time avg: 0.10, (0.10, 0.10)
		SMEM compute avg: 0.03, (0.03, 0.03)
		SAL compute avg: 0.01, (0.01, 0.01)
				MEM_SA avg: 0.00, (0.00, 0.00)

		BSW time, avg: 0.06, (0.06, 0.06)

Important parameter settings: 
	BATCH_SIZE: 512
	MAX_SEQ_LEN_REF: 256
	MAX_SEQ_LEN_QER: 128
	MAX_SEQ_LEN8: 128
	SEEDS_PER_READ: 500
	SIMD_WIDTH8 X: 32
	SIMD_WIDTH16 X: 16
	AVG_SEEDS_PER_READ: 64
## filter-stats: kept 87; removed 830
[Mariner_CA] final BAM reads: 87
=== [Mariner_CA] done ===
=== [Copia1] starting in candidate_regions_data/JUT-008_MUN-009/Copia1.4tjT ===
[Copia1] contig count: 1  (Copia1)
[Copia1] hits.bam reads: 9577
[Copia1] qname count:  5105
[Copia1] pair.bam reads: 10655
[M::bam2fq_mainloop] discarded 0 singletons
[M::bam2fq_mainloop] processed 10210 reads
[Copia1] FASTQ1 lines: 20420
[Copia1] FASTQ2 lines: 20420
Looking to launch executable "/work/users/a/d/adaigle/.conda/envs/TEforest/bin/bwa-mem2.avx2", simd = .avx2
Launching executable "/work/users/a/d/adaigle/.conda/envs/TEforest/bin/bwa-mem2.avx2"
-----------------------------
Executing in AVX2 mode!!
-----------------------------
* SA compression enabled with xfactor: 8
* Ref file: fastp/ref_genome
* Entering FMI_search
* Index file found. Loading index from fastp/ref_genome.bwt.2bit.64
* Reference seq len for bi-index = 288895287
* sentinel-index: 149660069
* Count:
0,	1
1,	83687631
2,	144447644
3,	205207657
4,	288895287

* Reading other elements of the index from files fastp/ref_genome
* Index prefix: fastp/ref_genome
* Read 0 ALT contigs
* Done reading Index!!
* Reading reference genome..
* Binary seq file = fastp/ref_genome.0123
* Reference genome size: 288895286 bp
* Done reading reference genome !!

------------------------------------------
1. Memory pre-allocation for Chaining: 139.3584 MB
2. Memory pre-allocation for BSW: 239.6170 MB
3. Memory pre-allocation for BWT: 77.3142 MB
------------------------------------------
* Threads used (compute): 1
* No. of pipeline threads: 2

[0000] read_chunk: 10000000, work_chunk_size: 1539502, nseq: 10210
	[0000][ M::kt_pipeline] read 10210 sequences (1539502 bp)...
[0000] Calling mem_process_seqs.., task: 0
[0000] 1. Calling kt_for - worker_bwt
[0000] read_chunk: 10000000, work_chunk_size: 0, nseq: 0
[0000] 2. Calling kt_for - worker_aln
[0000] Inferring insert size distribution of PE reads from data, l_pac: 144447643, n: 10210
[0000][PE] # candidate unique pairs for (FF, FR, RF, RR): (0, 159, 0, 0)
[0000][PE] skip orientation FF as there are not enough pairs
[0000][PE] analyzing insert size distribution for orientation FR...
[0000][PE] (25, 50, 75) percentile: (266, 403, 497)
[0000][PE] low and high boundaries for computing mean and std.dev: (1, 959)
[0000][PE] mean and std.dev: (389.17, 153.28)
[0000][PE] low and high boundaries for proper pairs: (1, 1190)
[0000][PE] skip orientation RF as there are not enough pairs
[0000][PE] skip orientation RR as there are not enough pairs
[0000] 3. Calling kt_for - worker_sam
	[0000][ M::mem_process_seqs] Processed 10210 reads in 4.446 CPU sec, 4.479 real sec
[0000] read_chunk: 10000000, work_chunk_size: 0, nseq: 0
[0000] Computation ends..
No. of OMP threads: 1
Processor is running @2645.194887 MHz
Runtime profile:

	Time taken for main_mem function: 5.18 sec

	IO times (sec) :
	Reading IO time (reads) avg: 0.01, (0.01, 0.01)
	Writing IO time (SAM) avg: 0.16, (0.16, 0.16)
	Reading IO time (Reference Genome) avg: 0.16, (0.16, 0.16)
	Index read time avg: 0.29, (0.29, 0.29)

	Overall time (sec) (Excluding Index reading time):
	PROCESS() (Total compute time + (read + SAM) IO time) : 4.65
	MEM_PROCESS_SEQ() (Total compute time (Kernel + SAM)), avg: 4.48, (4.48, 4.48)

	 SAM Processing time (sec):
	--WORKER_SAM avg: 1.29, (1.29, 1.29)

	Kernels' compute time (sec):
	Total kernel (smem+sal+bsw) time avg: 3.19, (3.19, 3.19)
		SMEM compute avg: 0.33, (0.33, 0.33)
		SAL compute avg: 0.22, (0.22, 0.22)
				MEM_SA avg: 0.11, (0.11, 0.11)

		BSW time, avg: 2.58, (2.58, 2.58)

Important parameter settings: 
	BATCH_SIZE: 512
	MAX_SEQ_LEN_REF: 256
	MAX_SEQ_LEN_QER: 128
	MAX_SEQ_LEN8: 128
	SEEDS_PER_READ: 500
	SIMD_WIDTH8 X: 32
	SIMD_WIDTH16 X: 16
	AVG_SEEDS_PER_READ: 64
## filter-stats: kept 1906; removed 8637
[Copia1] final BAM reads: 1906
=== [Copia1] done ===
=== [NewFam14] starting in candidate_regions_data/JUT-008_MUN-009/NewFam14.viNx ===
[NewFam14] contig count: 1  (NewFam14)
[NewFam14] hits.bam reads: 1153
[NewFam14] qname count:  585
[NewFam14] pair.bam reads: 1172
[M::bam2fq_mainloop] discarded 0 singletons
[M::bam2fq_mainloop] processed 1170 reads
[NewFam14] FASTQ1 lines: 2340
[NewFam14] FASTQ2 lines: 2340
Looking to launch executable "/work/users/a/d/adaigle/.conda/envs/TEforest/bin/bwa-mem2.avx2", simd = .avx2
Launching executable "/work/users/a/d/adaigle/.conda/envs/TEforest/bin/bwa-mem2.avx2"
-----------------------------
Executing in AVX2 mode!!
-----------------------------
* SA compression enabled with xfactor: 8
* Ref file: fastp/ref_genome
* Entering FMI_search
* Index file found. Loading index from fastp/ref_genome.bwt.2bit.64
* Reference seq len for bi-index = 288895287
* sentinel-index: 149660069
* Count:
0,	1
1,	83687631
2,	144447644
3,	205207657
4,	288895287

* Reading other elements of the index from files fastp/ref_genome
* Index prefix: fastp/ref_genome
* Read 0 ALT contigs
* Done reading Index!!
* Reading reference genome..
* Binary seq file = fastp/ref_genome.0123
* Reference genome size: 288895286 bp
* Done reading reference genome !!

------------------------------------------
1. Memory pre-allocation for Chaining: 139.3584 MB
2. Memory pre-allocation for BSW: 239.6170 MB
3. Memory pre-allocation for BWT: 77.3142 MB
------------------------------------------
* Threads used (compute): 1
* No. of pipeline threads: 2

[0000] read_chunk: 10000000, work_chunk_size: 176612, nseq: 1170
	[0000][ M::kt_pipeline] read 1170 sequences (176612 bp)...
[0000] Calling mem_process_seqs.., task: 0
[0000] 1. Calling kt_for - worker_bwt
[0000] read_chunk: 10000000, work_chunk_size: 0, nseq: 0
[0000] 2. Calling kt_for - worker_aln
[0000] Inferring insert size distribution of PE reads from data, l_pac: 144447643, n: 1170
[0000][PE] # candidate unique pairs for (FF, FR, RF, RR): (0, 32, 0, 0)
[0000][PE] skip orientation FF as there are not enough pairs
[0000][PE] analyzing insert size distribution for orientation FR...
[0000][PE] (25, 50, 75) percentile: (370, 426, 514)
[0000][PE] low and high boundaries for computing mean and std.dev: (82, 802)
[0000][PE] mean and std.dev: (423.19, 95.77)
[0000][PE] low and high boundaries for proper pairs: (1, 946)
[0000][PE] skip orientation RF as there are not enough pairs
[0000][PE] skip orientation RR as there are not enough pairs
[0000] 3. Calling kt_for - worker_sam
	[0000][ M::mem_process_seqs] Processed 1170 reads in 0.357 CPU sec, 0.360 real sec
[0000] read_chunk: 10000000, work_chunk_size: 0, nseq: 0
[0000] Computation ends..
No. of OMP threads: 1
Processor is running @2645.193350 MHz
Runtime profile:

	Time taken for main_mem function: 0.54 sec

	IO times (sec) :
	Reading IO time (reads) avg: 0.00, (0.00, 0.00)
	Writing IO time (SAM) avg: 0.02, (0.02, 0.02)
	Reading IO time (Reference Genome) avg: 0.06, (0.06, 0.06)
	Index read time avg: 0.10, (0.10, 0.10)

	Overall time (sec) (Excluding Index reading time):
	PROCESS() (Total compute time + (read + SAM) IO time) : 0.39
	MEM_PROCESS_SEQ() (Total compute time (Kernel + SAM)), avg: 0.36, (0.36, 0.36)

	 SAM Processing time (sec):
	--WORKER_SAM avg: 0.18, (0.18, 0.18)

	Kernels' compute time (sec):
	Total kernel (smem+sal+bsw) time avg: 0.18, (0.18, 0.18)
		SMEM compute avg: 0.03, (0.03, 0.03)
		SAL compute avg: 0.02, (0.02, 0.02)
				MEM_SA avg: 0.01, (0.01, 0.01)

		BSW time, avg: 0.13, (0.13, 0.13)

Important parameter settings: 
	BATCH_SIZE: 512
	MAX_SEQ_LEN_REF: 256
	MAX_SEQ_LEN_QER: 128
	MAX_SEQ_LEN8: 128
	SEEDS_PER_READ: 500
	SIMD_WIDTH8 X: 32
	SIMD_WIDTH16 X: 16
	AVG_SEEDS_PER_READ: 64
## filter-stats: kept 70; removed 1103
[NewFam14] final BAM reads: 70
=== [NewFam14] done ===
=== [NewFam06] starting in candidate_regions_data/JUT-008_MUN-009/NewFam06.LsEI ===
[NewFam06] contig count: 1  (NewFam06)
[NewFam06] hits.bam reads: 820
[NewFam06] qname count:  410
[NewFam06] pair.bam reads: 820
[M::bam2fq_mainloop] discarded 0 singletons
[M::bam2fq_mainloop] processed 820 reads
[NewFam06] FASTQ1 lines: 1640
[NewFam06] FASTQ2 lines: 1640
Looking to launch executable "/work/users/a/d/adaigle/.conda/envs/TEforest/bin/bwa-mem2.avx2", simd = .avx2
Launching executable "/work/users/a/d/adaigle/.conda/envs/TEforest/bin/bwa-mem2.avx2"
-----------------------------
Executing in AVX2 mode!!
-----------------------------
* SA compression enabled with xfactor: 8
* Ref file: fastp/ref_genome
* Entering FMI_search
* Index file found. Loading index from fastp/ref_genome.bwt.2bit.64
* Reference seq len for bi-index = 288895287
* sentinel-index: 149660069
* Count:
0,	1
1,	83687631
2,	144447644
3,	205207657
4,	288895287

* Reading other elements of the index from files fastp/ref_genome
* Index prefix: fastp/ref_genome
* Read 0 ALT contigs
* Done reading Index!!
* Reading reference genome..
* Binary seq file = fastp/ref_genome.0123
* Reference genome size: 288895286 bp
* Done reading reference genome !!

------------------------------------------
1. Memory pre-allocation for Chaining: 139.3584 MB
2. Memory pre-allocation for BSW: 239.6170 MB
3. Memory pre-allocation for BWT: 77.3142 MB
------------------------------------------
* Threads used (compute): 1
* No. of pipeline threads: 2

[0000] read_chunk: 10000000, work_chunk_size: 110584, nseq: 820
	[0000][ M::kt_pipeline] read 820 sequences (110584 bp)...
[0000] Calling mem_process_seqs.., task: 0
[0000] 1. Calling kt_for - worker_bwt
[0000] read_chunk: 10000000, work_chunk_size: 0, nseq: 0
[0000] 2. Calling kt_for - worker_aln
[0000] Inferring insert size distribution of PE reads from data, l_pac: 144447643, n: 820
[0000][PE] # candidate unique pairs for (FF, FR, RF, RR): (0, 19, 0, 0)
[0000][PE] skip orientation FF as there are not enough pairs
[0000][PE] analyzing insert size distribution for orientation FR...
[0000][PE] (25, 50, 75) percentile: (378, 432, 491)
[0000][PE] low and high boundaries for computing mean and std.dev: (152, 717)
[0000][PE] mean and std.dev: (429.84, 68.16)
[0000][PE] low and high boundaries for proper pairs: (39, 830)
[0000][PE] skip orientation RF as there are not enough pairs
[0000][PE] skip orientation RR as there are not enough pairs
[0000] 3. Calling kt_for - worker_sam
	[0000][ M::mem_process_seqs] Processed 820 reads in 0.274 CPU sec, 0.277 real sec
[0000] read_chunk: 10000000, work_chunk_size: 0, nseq: 0
[0000] Computation ends..
No. of OMP threads: 1
Processor is running @2645.194781 MHz
Runtime profile:

	Time taken for main_mem function: 0.43 sec

	IO times (sec) :
	Reading IO time (reads) avg: 0.00, (0.00, 0.00)
	Writing IO time (SAM) avg: 0.01, (0.01, 0.01)
	Reading IO time (Reference Genome) avg: 0.05, (0.05, 0.05)
	Index read time avg: 0.08, (0.08, 0.08)

	Overall time (sec) (Excluding Index reading time):
	PROCESS() (Total compute time + (read + SAM) IO time) : 0.29
	MEM_PROCESS_SEQ() (Total compute time (Kernel + SAM)), avg: 0.28, (0.28, 0.28)

	 SAM Processing time (sec):
	--WORKER_SAM avg: 0.04, (0.04, 0.04)

	Kernels' compute time (sec):
	Total kernel (smem+sal+bsw) time avg: 0.23, (0.23, 0.23)
		SMEM compute avg: 0.02, (0.02, 0.02)
		SAL compute avg: 0.02, (0.02, 0.02)
				MEM_SA avg: 0.01, (0.01, 0.01)

		BSW time, avg: 0.19, (0.19, 0.19)

Important parameter settings: 
	BATCH_SIZE: 512
	MAX_SEQ_LEN_REF: 256
	MAX_SEQ_LEN_QER: 128
	MAX_SEQ_LEN8: 128
	SEEDS_PER_READ: 500
	SIMD_WIDTH8 X: 32
	SIMD_WIDTH16 X: 16
	AVG_SEEDS_PER_READ: 64
## filter-stats: kept 48; removed 772
[NewFam06] final BAM reads: 48
=== [NewFam06] done ===
=== [Invader1] starting in candidate_regions_data/JUT-008_MUN-009/Invader1.Xtvg ===
[Invader1] contig count: 1  (Invader1)
[Invader1] hits.bam reads: 18341
[Invader1] qname count:  10078
[Invader1] pair.bam reads: 21514
[M::bam2fq_mainloop] discarded 0 singletons
[M::bam2fq_mainloop] processed 20156 reads
[Invader1] FASTQ1 lines: 40312
[Invader1] FASTQ2 lines: 40312
Looking to launch executable "/work/users/a/d/adaigle/.conda/envs/TEforest/bin/bwa-mem2.avx2", simd = .avx2
Launching executable "/work/users/a/d/adaigle/.conda/envs/TEforest/bin/bwa-mem2.avx2"
-----------------------------
Executing in AVX2 mode!!
-----------------------------
* SA compression enabled with xfactor: 8
* Ref file: fastp/ref_genome
* Entering FMI_search
* Index file found. Loading index from fastp/ref_genome.bwt.2bit.64
* Reference seq len for bi-index = 288895287
* sentinel-index: 149660069
* Count:
0,	1
1,	83687631
2,	144447644
3,	205207657
4,	288895287

* Reading other elements of the index from files fastp/ref_genome
* Index prefix: fastp/ref_genome
* Read 0 ALT contigs
* Done reading Index!!
* Reading reference genome..
* Binary seq file = fastp/ref_genome.0123
* Reference genome size: 288895286 bp
* Done reading reference genome !!

------------------------------------------
1. Memory pre-allocation for Chaining: 139.3584 MB
2. Memory pre-allocation for BSW: 239.6170 MB
3. Memory pre-allocation for BWT: 77.3142 MB
------------------------------------------
* Threads used (compute): 1
* No. of pipeline threads: 2

[0000] read_chunk: 10000000, work_chunk_size: 3042624, nseq: 20156
	[0000][ M::kt_pipeline] read 20156 sequences (3042624 bp)...
[0000] Calling mem_process_seqs.., task: 0
[0000] 1. Calling kt_for - worker_bwt
[0000] read_chunk: 10000000, work_chunk_size: 0, nseq: 0
[0000] 2. Calling kt_for - worker_aln
[0000] Inferring insert size distribution of PE reads from data, l_pac: 144447643, n: 20156
[0000][PE] # candidate unique pairs for (FF, FR, RF, RR): (0, 916, 0, 0)
[0000][PE] skip orientation FF as there are not enough pairs
[0000][PE] analyzing insert size distribution for orientation FR...
[0000][PE] (25, 50, 75) percentile: (388, 452, 537)
[0000][PE] low and high boundaries for computing mean and std.dev: (90, 835)
[0000][PE] mean and std.dev: (461.87, 111.33)
[0000][PE] low and high boundaries for proper pairs: (1, 984)
[0000][PE] skip orientation RF as there are not enough pairs
[0000][PE] skip orientation RR as there are not enough pairs
[0000] 3. Calling kt_for - worker_sam
	[0000][ M::mem_process_seqs] Processed 20156 reads in 5.505 CPU sec, 5.543 real sec
[0000] read_chunk: 10000000, work_chunk_size: 0, nseq: 0
[0000] Computation ends..
No. of OMP threads: 1
Processor is running @2645.207448 MHz
Runtime profile:

	Time taken for main_mem function: 5.97 sec

	IO times (sec) :
	Reading IO time (reads) avg: 0.02, (0.02, 0.02)
	Writing IO time (SAM) avg: 0.27, (0.27, 0.27)
	Reading IO time (Reference Genome) avg: 0.05, (0.05, 0.05)
	Index read time avg: 0.08, (0.08, 0.08)

	Overall time (sec) (Excluding Index reading time):
	PROCESS() (Total compute time + (read + SAM) IO time) : 5.83
	MEM_PROCESS_SEQ() (Total compute time (Kernel + SAM)), avg: 5.54, (5.54, 5.54)

	 SAM Processing time (sec):
	--WORKER_SAM avg: 2.17, (2.17, 2.17)

	Kernels' compute time (sec):
	Total kernel (smem+sal+bsw) time avg: 3.37, (3.37, 3.37)
		SMEM compute avg: 0.58, (0.58, 0.58)
		SAL compute avg: 0.39, (0.39, 0.39)
				MEM_SA avg: 0.19, (0.19, 0.19)

		BSW time, avg: 2.33, (2.33, 2.33)

Important parameter settings: 
	BATCH_SIZE: 512
	MAX_SEQ_LEN_REF: 256
	MAX_SEQ_LEN_QER: 128
	MAX_SEQ_LEN8: 128
	SEEDS_PER_READ: 500
	SIMD_WIDTH8 X: 32
	SIMD_WIDTH16 X: 16
	AVG_SEEDS_PER_READ: 64
## filter-stats: kept 2843; removed 17720
[Invader1] final BAM reads: 2843
=== [Invader1] done ===
=== [Micropia] starting in candidate_regions_data/JUT-008_MUN-009/Micropia.P6Ar ===
[Micropia] contig count: 1  (Micropia)
[Micropia] hits.bam reads: 15520
[Micropia] qname count:  8248
[Micropia] pair.bam reads: 17240
[M::bam2fq_mainloop] discarded 0 singletons
[M::bam2fq_mainloop] processed 16496 reads
[Micropia] FASTQ1 lines: 32992
[Micropia] FASTQ2 lines: 32992
Looking to launch executable "/work/users/a/d/adaigle/.conda/envs/TEforest/bin/bwa-mem2.avx2", simd = .avx2
Launching executable "/work/users/a/d/adaigle/.conda/envs/TEforest/bin/bwa-mem2.avx2"
-----------------------------
Executing in AVX2 mode!!
-----------------------------
* SA compression enabled with xfactor: 8
* Ref file: fastp/ref_genome
* Entering FMI_search
* Index file found. Loading index from fastp/ref_genome.bwt.2bit.64
* Reference seq len for bi-index = 288895287
* sentinel-index: 149660069
* Count:
0,	1
1,	83687631
2,	144447644
3,	205207657
4,	288895287

* Reading other elements of the index from files fastp/ref_genome
* Index prefix: fastp/ref_genome
* Read 0 ALT contigs
* Done reading Index!!
* Reading reference genome..
* Binary seq file = fastp/ref_genome.0123
* Reference genome size: 288895286 bp
* Done reading reference genome !!

------------------------------------------
1. Memory pre-allocation for Chaining: 139.3584 MB
2. Memory pre-allocation for BSW: 239.6170 MB
3. Memory pre-allocation for BWT: 77.3142 MB
------------------------------------------
* Threads used (compute): 1
* No. of pipeline threads: 2

[0000] read_chunk: 10000000, work_chunk_size: 2490456, nseq: 16496
	[0000][ M::kt_pipeline] read 16496 sequences (2490456 bp)...
[0000] Calling mem_process_seqs.., task: 0
[0000] 1. Calling kt_for - worker_bwt
[0000] read_chunk: 10000000, work_chunk_size: 0, nseq: 0
[0000] 2. Calling kt_for - worker_aln
[0000] Inferring insert size distribution of PE reads from data, l_pac: 144447643, n: 16496
[0000][PE] # candidate unique pairs for (FF, FR, RF, RR): (0, 485, 8, 0)
[0000][PE] skip orientation FF as there are not enough pairs
[0000][PE] analyzing insert size distribution for orientation FR...
[0000][PE] (25, 50, 75) percentile: (367, 441, 516)
[0000][PE] low and high boundaries for computing mean and std.dev: (69, 814)
[0000][PE] mean and std.dev: (446.05, 112.84)
[0000][PE] low and high boundaries for proper pairs: (1, 963)
[0000][PE] skip orientation RF as there are not enough pairs
[0000][PE] skip orientation RR as there are not enough pairs
[0000] 3. Calling kt_for - worker_sam
	[0000][ M::mem_process_seqs] Processed 16496 reads in 6.275 CPU sec, 6.325 real sec
[0000] read_chunk: 10000000, work_chunk_size: 0, nseq: 0
[0000] Computation ends..
No. of OMP threads: 1
Processor is running @2645.200002 MHz
Runtime profile:

	Time taken for main_mem function: 7.16 sec

	IO times (sec) :
	Reading IO time (reads) avg: 0.02, (0.02, 0.02)
	Writing IO time (SAM) avg: 0.27, (0.27, 0.27)
	Reading IO time (Reference Genome) avg: 0.17, (0.17, 0.17)
	Index read time avg: 0.30, (0.30, 0.30)

	Overall time (sec) (Excluding Index reading time):
	PROCESS() (Total compute time + (read + SAM) IO time) : 6.62
	MEM_PROCESS_SEQ() (Total compute time (Kernel + SAM)), avg: 6.33, (6.33, 6.33)

	 SAM Processing time (sec):
	--WORKER_SAM avg: 3.11, (3.11, 3.11)

	Kernels' compute time (sec):
	Total kernel (smem+sal+bsw) time avg: 3.21, (3.21, 3.21)
		SMEM compute avg: 0.50, (0.50, 0.50)
		SAL compute avg: 0.33, (0.33, 0.33)
				MEM_SA avg: 0.15, (0.15, 0.15)

		BSW time, avg: 2.30, (2.30, 2.30)

Important parameter settings: 
	BATCH_SIZE: 512
	MAX_SEQ_LEN_REF: 256
	MAX_SEQ_LEN_QER: 128
	MAX_SEQ_LEN8: 128
	SEEDS_PER_READ: 500
	SIMD_WIDTH8 X: 32
	SIMD_WIDTH16 X: 16
	AVG_SEEDS_PER_READ: 64
## filter-stats: kept 3212; removed 13583
[Micropia] final BAM reads: 3212
=== [Micropia] done ===
=== [Pifo] starting in candidate_regions_data/JUT-008_MUN-009/Pifo.XHjC ===
[Pifo] contig count: 1  (Pifo)
[Pifo] hits.bam reads: 877
[Pifo] qname count:  446
[Pifo] pair.bam reads: 893
[M::bam2fq_mainloop] discarded 0 singletons
[M::bam2fq_mainloop] processed 892 reads
[Pifo] FASTQ1 lines: 1784
[Pifo] FASTQ2 lines: 1784
Looking to launch executable "/work/users/a/d/adaigle/.conda/envs/TEforest/bin/bwa-mem2.avx2", simd = .avx2
Launching executable "/work/users/a/d/adaigle/.conda/envs/TEforest/bin/bwa-mem2.avx2"
-----------------------------
Executing in AVX2 mode!!
-----------------------------
* SA compression enabled with xfactor: 8
* Ref file: fastp/ref_genome
* Entering FMI_search
* Index file found. Loading index from fastp/ref_genome.bwt.2bit.64
* Reference seq len for bi-index = 288895287
* sentinel-index: 149660069
* Count:
0,	1
1,	83687631
2,	144447644
3,	205207657
4,	288895287

* Reading other elements of the index from files fastp/ref_genome
* Index prefix: fastp/ref_genome
* Read 0 ALT contigs
* Done reading Index!!
* Reading reference genome..
* Binary seq file = fastp/ref_genome.0123
* Reference genome size: 288895286 bp
* Done reading reference genome !!

------------------------------------------
1. Memory pre-allocation for Chaining: 139.3584 MB
2. Memory pre-allocation for BSW: 239.6170 MB
3. Memory pre-allocation for BWT: 77.3142 MB
------------------------------------------
* Threads used (compute): 1
* No. of pipeline threads: 2

[0000] read_chunk: 10000000, work_chunk_size: 133932, nseq: 892
	[0000][ M::kt_pipeline] read 892 sequences (133932 bp)...
[0000] Calling mem_process_seqs.., task: 0
[0000] 1. Calling kt_for - worker_bwt
[0000] read_chunk: 10000000, work_chunk_size: 0, nseq: 0
[0000] 2. Calling kt_for - worker_aln
[0000] Inferring insert size distribution of PE reads from data, l_pac: 144447643, n: 892
[0000][PE] # candidate unique pairs for (FF, FR, RF, RR): (0, 4, 0, 0)
[0000][PE] skip orientation FF as there are not enough pairs
[0000][PE] skip orientation FR as there are not enough pairs
[0000][PE] skip orientation RF as there are not enough pairs
[0000][PE] skip orientation RR as there are not enough pairs
[0000] 3. Calling kt_for - worker_sam
	[0000][ M::mem_process_seqs] Processed 892 reads in 0.220 CPU sec, 0.221 real sec
[0000] read_chunk: 10000000, work_chunk_size: 0, nseq: 0
[0000] Computation ends..
No. of OMP threads: 1
Processor is running @2645.204719 MHz
Runtime profile:

	Time taken for main_mem function: 0.71 sec

	IO times (sec) :
	Reading IO time (reads) avg: 0.00, (0.00, 0.00)
	Writing IO time (SAM) avg: 0.01, (0.01, 0.01)
	Reading IO time (Reference Genome) avg: 0.15, (0.15, 0.15)
	Index read time avg: 0.26, (0.26, 0.26)

	Overall time (sec) (Excluding Index reading time):
	PROCESS() (Total compute time + (read + SAM) IO time) : 0.24
	MEM_PROCESS_SEQ() (Total compute time (Kernel + SAM)), avg: 0.22, (0.22, 0.22)

	 SAM Processing time (sec):
	--WORKER_SAM avg: 0.10, (0.10, 0.10)

	Kernels' compute time (sec):
	Total kernel (smem+sal+bsw) time avg: 0.13, (0.13, 0.13)
		SMEM compute avg: 0.03, (0.03, 0.03)
		SAL compute avg: 0.02, (0.02, 0.02)
				MEM_SA avg: 0.01, (0.01, 0.01)

		BSW time, avg: 0.08, (0.08, 0.08)

Important parameter settings: 
	BATCH_SIZE: 512
	MAX_SEQ_LEN_REF: 256
	MAX_SEQ_LEN_QER: 128
	MAX_SEQ_LEN8: 128
	SEEDS_PER_READ: 500
	SIMD_WIDTH8 X: 32
	SIMD_WIDTH16 X: 16
	AVG_SEEDS_PER_READ: 64
## filter-stats: kept 914; removed 0
[Pifo] final BAM reads: 914
=== [Pifo] done ===
=== [Bari1] starting in candidate_regions_data/JUT-008_MUN-009/Bari1.eWlA ===
[Bari1] contig count: 1  (Bari1)
[Bari1] hits.bam reads: 12127
[Bari1] qname count:  5804
[Bari1] pair.bam reads: 12244
[M::bam2fq_mainloop] discarded 0 singletons
[M::bam2fq_mainloop] processed 11608 reads
[Bari1] FASTQ1 lines: 23216
[Bari1] FASTQ2 lines: 23216
Looking to launch executable "/work/users/a/d/adaigle/.conda/envs/TEforest/bin/bwa-mem2.avx2", simd = .avx2
Launching executable "/work/users/a/d/adaigle/.conda/envs/TEforest/bin/bwa-mem2.avx2"
-----------------------------
Executing in AVX2 mode!!
-----------------------------
* SA compression enabled with xfactor: 8
* Ref file: fastp/ref_genome
* Entering FMI_search
* Index file found. Loading index from fastp/ref_genome.bwt.2bit.64
* Reference seq len for bi-index = 288895287
* sentinel-index: 149660069
* Count:
0,	1
1,	83687631
2,	144447644
3,	205207657
4,	288895287

* Reading other elements of the index from files fastp/ref_genome
* Index prefix: fastp/ref_genome
* Read 0 ALT contigs
* Done reading Index!!
* Reading reference genome..
* Binary seq file = fastp/ref_genome.0123
* Reference genome size: 288895286 bp
* Done reading reference genome !!

------------------------------------------
1. Memory pre-allocation for Chaining: 139.3584 MB
2. Memory pre-allocation for BSW: 239.6170 MB
3. Memory pre-allocation for BWT: 77.3142 MB
------------------------------------------
* Threads used (compute): 1
* No. of pipeline threads: 2

[0000] read_chunk: 10000000, work_chunk_size: 1752732, nseq: 11608
	[0000][ M::kt_pipeline] read 11608 sequences (1752732 bp)...
[0000] Calling mem_process_seqs.., task: 0
[0000] 1. Calling kt_for - worker_bwt
[0000] read_chunk: 10000000, work_chunk_size: 0, nseq: 0
[0000] 2. Calling kt_for - worker_aln
[0000] Inferring insert size distribution of PE reads from data, l_pac: 144447643, n: 11608
[0000][PE] # candidate unique pairs for (FF, FR, RF, RR): (0, 50, 0, 0)
[0000][PE] skip orientation FF as there are not enough pairs
[0000][PE] analyzing insert size distribution for orientation FR...
[0000][PE] (25, 50, 75) percentile: (333, 403, 478)
[0000][PE] low and high boundaries for computing mean and std.dev: (43, 768)
[0000][PE] mean and std.dev: (390.54, 110.39)
[0000][PE] low and high boundaries for proper pairs: (1, 913)
[0000][PE] skip orientation RF as there are not enough pairs
[0000][PE] skip orientation RR as there are not enough pairs
[0000] 3. Calling kt_for - worker_sam
	[0000][ M::mem_process_seqs] Processed 11608 reads in 7.943 CPU sec, 8.000 real sec
[0000] read_chunk: 10000000, work_chunk_size: 0, nseq: 0
[0000] Computation ends..
No. of OMP threads: 1
Processor is running @2645.199816 MHz
Runtime profile:

	Time taken for main_mem function: 8.68 sec

	IO times (sec) :
	Reading IO time (reads) avg: 0.01, (0.01, 0.01)
	Writing IO time (SAM) avg: 0.15, (0.15, 0.15)
	Reading IO time (Reference Genome) avg: 0.15, (0.15, 0.15)
	Index read time avg: 0.27, (0.27, 0.27)

	Overall time (sec) (Excluding Index reading time):
	PROCESS() (Total compute time + (read + SAM) IO time) : 8.18
	MEM_PROCESS_SEQ() (Total compute time (Kernel + SAM)), avg: 8.00, (8.00, 8.00)

	 SAM Processing time (sec):
	--WORKER_SAM avg: 5.98, (5.98, 5.98)

	Kernels' compute time (sec):
	Total kernel (smem+sal+bsw) time avg: 2.01, (2.01, 2.01)
		SMEM compute avg: 0.24, (0.24, 0.24)
		SAL compute avg: 0.30, (0.30, 0.30)
				MEM_SA avg: 0.11, (0.11, 0.11)

		BSW time, avg: 1.22, (1.22, 1.22)

Important parameter settings: 
	BATCH_SIZE: 512
	MAX_SEQ_LEN_REF: 256
	MAX_SEQ_LEN_QER: 128
	MAX_SEQ_LEN8: 128
	SEEDS_PER_READ: 500
	SIMD_WIDTH8 X: 32
	SIMD_WIDTH16 X: 16
	AVG_SEEDS_PER_READ: 64
## filter-stats: kept 1180; removed 10603
[Bari1] final BAM reads: 1180
=== [Bari1] done ===
=== [Gypsy_6_Dse] starting in candidate_regions_data/JUT-008_MUN-009/Gypsy_6_Dse.dOkt ===
[Gypsy_6_Dse] contig count: 1  (Gypsy_6_Dse)
[Gypsy_6_Dse] hits.bam reads: 9723
[Gypsy_6_Dse] qname count:  5081
[Gypsy_6_Dse] pair.bam reads: 10504
[M::bam2fq_mainloop] discarded 0 singletons
[M::bam2fq_mainloop] processed 10162 reads
[Gypsy_6_Dse] FASTQ1 lines: 20324
[Gypsy_6_Dse] FASTQ2 lines: 20324
Looking to launch executable "/work/users/a/d/adaigle/.conda/envs/TEforest/bin/bwa-mem2.avx2", simd = .avx2
Launching executable "/work/users/a/d/adaigle/.conda/envs/TEforest/bin/bwa-mem2.avx2"
-----------------------------
Executing in AVX2 mode!!
-----------------------------
* SA compression enabled with xfactor: 8
* Ref file: fastp/ref_genome
* Entering FMI_search
* Index file found. Loading index from fastp/ref_genome.bwt.2bit.64
* Reference seq len for bi-index = 288895287
* sentinel-index: 149660069
* Count:
0,	1
1,	83687631
2,	144447644
3,	205207657
4,	288895287

* Reading other elements of the index from files fastp/ref_genome
* Index prefix: fastp/ref_genome
* Read 0 ALT contigs
* Done reading Index!!
* Reading reference genome..
* Binary seq file = fastp/ref_genome.0123
* Reference genome size: 288895286 bp
* Done reading reference genome !!

------------------------------------------
1. Memory pre-allocation for Chaining: 139.3584 MB
2. Memory pre-allocation for BSW: 239.6170 MB
3. Memory pre-allocation for BWT: 77.3142 MB
------------------------------------------
* Threads used (compute): 1
* No. of pipeline threads: 2

[0000] read_chunk: 10000000, work_chunk_size: 1534282, nseq: 10162
	[0000][ M::kt_pipeline] read 10162 sequences (1534282 bp)...
[0000] Calling mem_process_seqs.., task: 0
[0000] 1. Calling kt_for - worker_bwt
[0000] read_chunk: 10000000, work_chunk_size: 0, nseq: 0
[0000] 2. Calling kt_for - worker_aln
[0000] Inferring insert size distribution of PE reads from data, l_pac: 144447643, n: 10162
[0000][PE] # candidate unique pairs for (FF, FR, RF, RR): (0, 336, 0, 0)
[0000][PE] skip orientation FF as there are not enough pairs
[0000][PE] analyzing insert size distribution for orientation FR...
[0000][PE] (25, 50, 75) percentile: (376, 444, 523)
[0000][PE] low and high boundaries for computing mean and std.dev: (82, 817)
[0000][PE] mean and std.dev: (453.97, 118.40)
[0000][PE] low and high boundaries for proper pairs: (1, 964)
[0000][PE] skip orientation RF as there are not enough pairs
[0000][PE] skip orientation RR as there are not enough pairs
[0000] 3. Calling kt_for - worker_sam
	[0000][ M::mem_process_seqs] Processed 10162 reads in 2.902 CPU sec, 2.923 real sec
[0000] read_chunk: 10000000, work_chunk_size: 0, nseq: 0
[0000] Computation ends..
No. of OMP threads: 1
Processor is running @2645.200611 MHz
Runtime profile:

	Time taken for main_mem function: 3.19 sec

	IO times (sec) :
	Reading IO time (reads) avg: 0.01, (0.01, 0.01)
	Writing IO time (SAM) avg: 0.12, (0.12, 0.12)
	Reading IO time (Reference Genome) avg: 0.05, (0.05, 0.05)
	Index read time avg: 0.08, (0.08, 0.08)

	Overall time (sec) (Excluding Index reading time):
	PROCESS() (Total compute time + (read + SAM) IO time) : 3.06
	MEM_PROCESS_SEQ() (Total compute time (Kernel + SAM)), avg: 2.92, (2.92, 2.92)

	 SAM Processing time (sec):
	--WORKER_SAM avg: 1.47, (1.47, 1.47)

	Kernels' compute time (sec):
	Total kernel (smem+sal+bsw) time avg: 1.45, (1.45, 1.45)
		SMEM compute avg: 0.24, (0.24, 0.24)
		SAL compute avg: 0.15, (0.15, 0.15)
				MEM_SA avg: 0.06, (0.06, 0.06)

		BSW time, avg: 1.03, (1.03, 1.03)

Important parameter settings: 
	BATCH_SIZE: 512
	MAX_SEQ_LEN_REF: 256
	MAX_SEQ_LEN_QER: 128
	MAX_SEQ_LEN8: 128
	SEEDS_PER_READ: 500
	SIMD_WIDTH8 X: 32
	SIMD_WIDTH16 X: 16
	AVG_SEEDS_PER_READ: 64
## filter-stats: kept 649; removed 9571
[Gypsy_6_Dse] final BAM reads: 649
=== [Gypsy_6_Dse] done ===
=== [INE_1] starting in candidate_regions_data/JUT-008_MUN-009/INE_1.7Ski ===
[INE_1] contig count: 1  (INE_1)
[INE_1] hits.bam reads: 70374
[INE_1] qname count:  36131
[INE_1] pair.bam reads: 73248
[M::bam2fq_mainloop] discarded 0 singletons
[M::bam2fq_mainloop] processed 72262 reads
[INE_1] FASTQ1 lines: 144524
[INE_1] FASTQ2 lines: 144524
Looking to launch executable "/work/users/a/d/adaigle/.conda/envs/TEforest/bin/bwa-mem2.avx2", simd = .avx2
Launching executable "/work/users/a/d/adaigle/.conda/envs/TEforest/bin/bwa-mem2.avx2"
-----------------------------
Executing in AVX2 mode!!
-----------------------------
* SA compression enabled with xfactor: 8
* Ref file: fastp/ref_genome
* Entering FMI_search
* Index file found. Loading index from fastp/ref_genome.bwt.2bit.64
* Reference seq len for bi-index = 288895287
* sentinel-index: 149660069
* Count:
0,	1
1,	83687631
2,	144447644
3,	205207657
4,	288895287

* Reading other elements of the index from files fastp/ref_genome
* Index prefix: fastp/ref_genome
* Read 0 ALT contigs
* Done reading Index!!
* Reading reference genome..
* Binary seq file = fastp/ref_genome.0123
* Reference genome size: 288895286 bp
* Done reading reference genome !!

------------------------------------------
1. Memory pre-allocation for Chaining: 139.3584 MB
2. Memory pre-allocation for BSW: 239.6170 MB
3. Memory pre-allocation for BWT: 77.3142 MB
------------------------------------------
* Threads used (compute): 1
* No. of pipeline threads: 2

[0000] read_chunk: 10000000, work_chunk_size: 10000246, nseq: 66250
	[0000][ M::kt_pipeline] read 66250 sequences (10000246 bp)...
[0000] Reallocating initial memory allocations!!
[0000] Calling mem_process_seqs.., task: 0
[0000] 1. Calling kt_for - worker_bwt
[0000] read_chunk: 10000000, work_chunk_size: 907528, nseq: 6012
	[0000][ M::kt_pipeline] read 6012 sequences (907528 bp)...
[0000] 2. Calling kt_for - worker_aln
[0000] Inferring insert size distribution of PE reads from data, l_pac: 144447643, n: 66250
[0000][PE] # candidate unique pairs for (FF, FR, RF, RR): (1, 27518, 17, 0)
[0000][PE] skip orientation FF as there are not enough pairs
[0000][PE] analyzing insert size distribution for orientation FR...
[0000][PE] (25, 50, 75) percentile: (381, 447, 524)
[0000][PE] low and high boundaries for computing mean and std.dev: (95, 810)
[0000][PE] mean and std.dev: (454.87, 109.46)
[0000][PE] low and high boundaries for proper pairs: (1, 953)
[0000][PE] analyzing insert size distribution for orientation RF...
[0000][PE] (25, 50, 75) percentile: (989, 1115, 1498)
[0000][PE] low and high boundaries for computing mean and std.dev: (1, 2516)
[0000][PE] mean and std.dev: (1144.43, 207.78)
[0000][PE] low and high boundaries for proper pairs: (1, 3025)
[0000][PE] skip orientation RR as there are not enough pairs
[0000][PE] skip orientation RF
[0000] 3. Calling kt_for - worker_sam
	[0000][ M::mem_process_seqs] Processed 66250 reads in 7.095 CPU sec, 7.136 real sec
[0000] Calling mem_process_seqs.., task: 1
[0000] 1. Calling kt_for - worker_bwt
[0000] 2. Calling kt_for - worker_aln
[0000] Inferring insert size distribution of PE reads from data, l_pac: 144447643, n: 6012
[0000][PE] # candidate unique pairs for (FF, FR, RF, RR): (0, 2547, 2, 0)
[0000][PE] skip orientation FF as there are not enough pairs
[0000][PE] analyzing insert size distribution for orientation FR...
[0000][PE] (25, 50, 75) percentile: (392, 463, 542)
[0000][PE] low and high boundaries for computing mean and std.dev: (92, 842)
[0000][PE] mean and std.dev: (468.66, 112.97)
[0000][PE] low and high boundaries for proper pairs: (1, 992)
[0000][PE] skip orientation RF as there are not enough pairs
[0000][PE] skip orientation RR as there are not enough pairs
[0000] 3. Calling kt_for - worker_sam
	[0000][ M::mem_process_seqs] Processed 6012 reads in 0.789 CPU sec, 0.746 real sec
[0000] read_chunk: 10000000, work_chunk_size: 0, nseq: 0
[0000] read_chunk: 10000000, work_chunk_size: 0, nseq: 0
[0000] Computation ends..
No. of OMP threads: 1
Processor is running @2645.201009 MHz
Runtime profile:

	Time taken for main_mem function: 8.76 sec

	IO times (sec) :
	Reading IO time (reads) avg: 0.07, (0.07, 0.07)
	Writing IO time (SAM) avg: 1.03, (1.03, 1.03)
	Reading IO time (Reference Genome) avg: 0.17, (0.17, 0.17)
	Index read time avg: 0.29, (0.29, 0.29)

	Overall time (sec) (Excluding Index reading time):
	PROCESS() (Total compute time + (read + SAM) IO time) : 8.24
	MEM_PROCESS_SEQ() (Total compute time (Kernel + SAM)), avg: 7.88, (7.88, 7.88)

	 SAM Processing time (sec):
	--WORKER_SAM avg: 1.99, (1.99, 1.99)

	Kernels' compute time (sec):
	Total kernel (smem+sal+bsw) time avg: 5.88, (5.88, 5.88)
		SMEM compute avg: 2.94, (2.94, 2.94)
		SAL compute avg: 0.84, (0.84, 0.84)
				MEM_SA avg: 0.49, (0.49, 0.49)

		BSW time, avg: 1.96, (1.96, 1.96)

Important parameter settings: 
	BATCH_SIZE: 512
	MAX_SEQ_LEN_REF: 256
	MAX_SEQ_LEN_QER: 128
	MAX_SEQ_LEN8: 128
	SEEDS_PER_READ: 500
	SIMD_WIDTH8 X: 32
	SIMD_WIDTH16 X: 16
	AVG_SEEDS_PER_READ: 64
## filter-stats: kept 6066; removed 67232
[INE_1] final BAM reads: 6066
=== [INE_1] done ===
=== [Gypsy_4_Dsim] starting in candidate_regions_data/JUT-008_MUN-009/Gypsy_4_Dsim.DcWr ===
[Gypsy_4_Dsim] contig count: 1  (Gypsy_4_Dsim)
[Gypsy_4_Dsim] hits.bam reads: 2527
[Gypsy_4_Dsim] qname count:  1314
[Gypsy_4_Dsim] pair.bam reads: 2655
[M::bam2fq_mainloop] discarded 0 singletons
[M::bam2fq_mainloop] processed 2628 reads
[Gypsy_4_Dsim] FASTQ1 lines: 5256
[Gypsy_4_Dsim] FASTQ2 lines: 5256
Looking to launch executable "/work/users/a/d/adaigle/.conda/envs/TEforest/bin/bwa-mem2.avx2", simd = .avx2
Launching executable "/work/users/a/d/adaigle/.conda/envs/TEforest/bin/bwa-mem2.avx2"
-----------------------------
Executing in AVX2 mode!!
-----------------------------
* SA compression enabled with xfactor: 8
* Ref file: fastp/ref_genome
* Entering FMI_search
* Index file found. Loading index from fastp/ref_genome.bwt.2bit.64
* Reference seq len for bi-index = 288895287
* sentinel-index: 149660069
* Count:
0,	1
1,	83687631
2,	144447644
3,	205207657
4,	288895287

* Reading other elements of the index from files fastp/ref_genome
* Index prefix: fastp/ref_genome
* Read 0 ALT contigs
* Done reading Index!!
* Reading reference genome..
* Binary seq file = fastp/ref_genome.0123
* Reference genome size: 288895286 bp
* Done reading reference genome !!

------------------------------------------
1. Memory pre-allocation for Chaining: 139.3584 MB
2. Memory pre-allocation for BSW: 239.6170 MB
3. Memory pre-allocation for BWT: 77.3142 MB
------------------------------------------
* Threads used (compute): 1
* No. of pipeline threads: 2

[0000] read_chunk: 10000000, work_chunk_size: 396828, nseq: 2628
	[0000][ M::kt_pipeline] read 2628 sequences (396828 bp)...
[0000] Calling mem_process_seqs.., task: 0
[0000] 1. Calling kt_for - worker_bwt
[0000] read_chunk: 10000000, work_chunk_size: 0, nseq: 0
[0000] 2. Calling kt_for - worker_aln
[0000] Inferring insert size distribution of PE reads from data, l_pac: 144447643, n: 2628
[0000][PE] # candidate unique pairs for (FF, FR, RF, RR): (0, 516, 0, 0)
[0000][PE] skip orientation FF as there are not enough pairs
[0000][PE] analyzing insert size distribution for orientation FR...
[0000][PE] (25, 50, 75) percentile: (384, 444, 516)
[0000][PE] low and high boundaries for computing mean and std.dev: (120, 780)
[0000][PE] mean and std.dev: (450.95, 103.08)
[0000][PE] low and high boundaries for proper pairs: (1, 912)
[0000][PE] skip orientation RF as there are not enough pairs
[0000][PE] skip orientation RR as there are not enough pairs
[0000] 3. Calling kt_for - worker_sam
	[0000][ M::mem_process_seqs] Processed 2628 reads in 0.389 CPU sec, 0.393 real sec
[0000] read_chunk: 10000000, work_chunk_size: 0, nseq: 0
[0000] Computation ends..
No. of OMP threads: 1
Processor is running @2645.198730 MHz
Runtime profile:

	Time taken for main_mem function: 0.85 sec

	IO times (sec) :
	Reading IO time (reads) avg: 0.00, (0.00, 0.00)
	Writing IO time (SAM) avg: 0.03, (0.03, 0.03)
	Reading IO time (Reference Genome) avg: 0.13, (0.13, 0.13)
	Index read time avg: 0.24, (0.24, 0.24)

	Overall time (sec) (Excluding Index reading time):
	PROCESS() (Total compute time + (read + SAM) IO time) : 0.43
	MEM_PROCESS_SEQ() (Total compute time (Kernel + SAM)), avg: 0.39, (0.39, 0.39)

	 SAM Processing time (sec):
	--WORKER_SAM avg: 0.17, (0.17, 0.17)

	Kernels' compute time (sec):
	Total kernel (smem+sal+bsw) time avg: 0.23, (0.23, 0.23)
		SMEM compute avg: 0.07, (0.07, 0.07)
		SAL compute avg: 0.03, (0.03, 0.03)
				MEM_SA avg: 0.02, (0.02, 0.02)

		BSW time, avg: 0.12, (0.12, 0.12)

Important parameter settings: 
	BATCH_SIZE: 512
	MAX_SEQ_LEN_REF: 256
	MAX_SEQ_LEN_QER: 128
	MAX_SEQ_LEN8: 128
	SEEDS_PER_READ: 500
	SIMD_WIDTH8 X: 32
	SIMD_WIDTH16 X: 16
	AVG_SEEDS_PER_READ: 64
## filter-stats: kept 328; removed 2326
[Gypsy_4_Dsim] final BAM reads: 328
=== [Gypsy_4_Dsim] done ===
=== [BEL_4_Dfi] starting in candidate_regions_data/JUT-008_MUN-009/BEL_4_Dfi.on7O ===
[BEL_4_Dfi] contig count: 1  (BEL_4_Dfi)
[BEL_4_Dfi] hits.bam reads: 298
[BEL_4_Dfi] qname count:  179
[BEL_4_Dfi] pair.bam reads: 399
[M::bam2fq_mainloop] discarded 0 singletons
[M::bam2fq_mainloop] processed 358 reads
[BEL_4_Dfi] FASTQ1 lines: 716
[BEL_4_Dfi] FASTQ2 lines: 716
Looking to launch executable "/work/users/a/d/adaigle/.conda/envs/TEforest/bin/bwa-mem2.avx2", simd = .avx2
Launching executable "/work/users/a/d/adaigle/.conda/envs/TEforest/bin/bwa-mem2.avx2"
-----------------------------
Executing in AVX2 mode!!
-----------------------------
* SA compression enabled with xfactor: 8
* Ref file: fastp/ref_genome
* Entering FMI_search
* Index file found. Loading index from fastp/ref_genome.bwt.2bit.64
* Reference seq len for bi-index = 288895287
* sentinel-index: 149660069
* Count:
0,	1
1,	83687631
2,	144447644
3,	205207657
4,	288895287

* Reading other elements of the index from files fastp/ref_genome
* Index prefix: fastp/ref_genome
* Read 0 ALT contigs
* Done reading Index!!
* Reading reference genome..
* Binary seq file = fastp/ref_genome.0123
* Reference genome size: 288895286 bp
* Done reading reference genome !!

------------------------------------------
1. Memory pre-allocation for Chaining: 139.3584 MB
2. Memory pre-allocation for BSW: 239.6170 MB
3. Memory pre-allocation for BWT: 77.3142 MB
------------------------------------------
* Threads used (compute): 1
* No. of pipeline threads: 2

[0000] read_chunk: 10000000, work_chunk_size: 54058, nseq: 358
	[0000][ M::kt_pipeline] read 358 sequences (54058 bp)...
[0000] Calling mem_process_seqs.., task: 0
[0000] 1. Calling kt_for - worker_bwt
[0000] read_chunk: 10000000, work_chunk_size: 0, nseq: 0
[0000] 2. Calling kt_for - worker_aln
[0000] Inferring insert size distribution of PE reads from data, l_pac: 144447643, n: 358
[0000][PE] # candidate unique pairs for (FF, FR, RF, RR): (0, 75, 0, 0)
[0000][PE] skip orientation FF as there are not enough pairs
[0000][PE] analyzing insert size distribution for orientation FR...
[0000][PE] (25, 50, 75) percentile: (373, 424, 527)
[0000][PE] low and high boundaries for computing mean and std.dev: (65, 835)
[0000][PE] mean and std.dev: (450.88, 101.47)
[0000][PE] low and high boundaries for proper pairs: (1, 989)
[0000][PE] skip orientation RF as there are not enough pairs
[0000][PE] skip orientation RR as there are not enough pairs
[0000] 3. Calling kt_for - worker_sam
	[0000][ M::mem_process_seqs] Processed 358 reads in 0.072 CPU sec, 0.073 real sec
[0000] read_chunk: 10000000, work_chunk_size: 0, nseq: 0
[0000] Computation ends..
No. of OMP threads: 1
Processor is running @2645.308758 MHz
Runtime profile:

	Time taken for main_mem function: 0.55 sec

	IO times (sec) :
	Reading IO time (reads) avg: 0.00, (0.00, 0.00)
	Writing IO time (SAM) avg: 0.01, (0.01, 0.01)
	Reading IO time (Reference Genome) avg: 0.16, (0.16, 0.16)
	Index read time avg: 0.26, (0.26, 0.26)

	Overall time (sec) (Excluding Index reading time):
	PROCESS() (Total compute time + (read + SAM) IO time) : 0.08
	MEM_PROCESS_SEQ() (Total compute time (Kernel + SAM)), avg: 0.07, (0.07, 0.07)

	 SAM Processing time (sec):
	--WORKER_SAM avg: 0.04, (0.04, 0.04)

	Kernels' compute time (sec):
	Total kernel (smem+sal+bsw) time avg: 0.03, (0.03, 0.03)
		SMEM compute avg: 0.01, (0.01, 0.01)
		SAL compute avg: 0.00, (0.00, 0.00)
				MEM_SA avg: 0.00, (0.00, 0.00)

		BSW time, avg: 0.02, (0.02, 0.02)

Important parameter settings: 
	BATCH_SIZE: 512
	MAX_SEQ_LEN_REF: 256
	MAX_SEQ_LEN_QER: 128
	MAX_SEQ_LEN8: 128
	SEEDS_PER_READ: 500
	SIMD_WIDTH8 X: 32
	SIMD_WIDTH16 X: 16
	AVG_SEEDS_PER_READ: 64
## filter-stats: kept 109; removed 274
[BEL_4_Dfi] final BAM reads: 109
=== [BEL_4_Dfi] done ===
=== [Gypsy_26_Dya] starting in candidate_regions_data/JUT-008_MUN-009/Gypsy_26_Dya.g3Vl ===
[Gypsy_26_Dya] contig count: 1  (Gypsy_26_Dya)
[Gypsy_26_Dya] hits.bam reads: 3532
[Gypsy_26_Dya] qname count:  2080
[Gypsy_26_Dya] pair.bam reads: 4359
[M::bam2fq_mainloop] discarded 0 singletons
[M::bam2fq_mainloop] processed 4160 reads
[Gypsy_26_Dya] FASTQ1 lines: 8320
[Gypsy_26_Dya] FASTQ2 lines: 8320
Looking to launch executable "/work/users/a/d/adaigle/.conda/envs/TEforest/bin/bwa-mem2.avx2", simd = .avx2
Launching executable "/work/users/a/d/adaigle/.conda/envs/TEforest/bin/bwa-mem2.avx2"
-----------------------------
Executing in AVX2 mode!!
-----------------------------
* SA compression enabled with xfactor: 8
* Ref file: fastp/ref_genome
* Entering FMI_search
* Index file found. Loading index from fastp/ref_genome.bwt.2bit.64
* Reference seq len for bi-index = 288895287
* sentinel-index: 149660069
* Count:
0,	1
1,	83687631
2,	144447644
3,	205207657
4,	288895287

* Reading other elements of the index from files fastp/ref_genome
* Index prefix: fastp/ref_genome
* Read 0 ALT contigs
* Done reading Index!!
* Reading reference genome..
* Binary seq file = fastp/ref_genome.0123
* Reference genome size: 288895286 bp
* Done reading reference genome !!

------------------------------------------
1. Memory pre-allocation for Chaining: 139.3584 MB
2. Memory pre-allocation for BSW: 239.6170 MB
3. Memory pre-allocation for BWT: 77.3142 MB
------------------------------------------
* Threads used (compute): 1
* No. of pipeline threads: 2

[0000] read_chunk: 10000000, work_chunk_size: 627952, nseq: 4160
	[0000][ M::kt_pipeline] read 4160 sequences (627952 bp)...
[0000] Calling mem_process_seqs.., task: 0
[0000] 1. Calling kt_for - worker_bwt
[0000] read_chunk: 10000000, work_chunk_size: 0, nseq: 0
[0000] 2. Calling kt_for - worker_aln
[0000] Inferring insert size distribution of PE reads from data, l_pac: 144447643, n: 4160
[0000][PE] # candidate unique pairs for (FF, FR, RF, RR): (0, 1031, 0, 0)
[0000][PE] skip orientation FF as there are not enough pairs
[0000][PE] analyzing insert size distribution for orientation FR...
[0000][PE] (25, 50, 75) percentile: (385, 458, 544)
[0000][PE] low and high boundaries for computing mean and std.dev: (67, 862)
[0000][PE] mean and std.dev: (467.36, 117.71)
[0000][PE] low and high boundaries for proper pairs: (1, 1021)
[0000][PE] skip orientation RF as there are not enough pairs
[0000][PE] skip orientation RR as there are not enough pairs
[0000] 3. Calling kt_for - worker_sam
	[0000][ M::mem_process_seqs] Processed 4160 reads in 0.585 CPU sec, 0.591 real sec
[0000] read_chunk: 10000000, work_chunk_size: 0, nseq: 0
[0000] Computation ends..
No. of OMP threads: 1
Processor is running @2645.211662 MHz
Runtime profile:

	Time taken for main_mem function: 1.09 sec

	IO times (sec) :
	Reading IO time (reads) avg: 0.00, (0.00, 0.00)
	Writing IO time (SAM) avg: 0.05, (0.05, 0.05)
	Reading IO time (Reference Genome) avg: 0.13, (0.13, 0.13)
	Index read time avg: 0.24, (0.24, 0.24)

	Overall time (sec) (Excluding Index reading time):
	PROCESS() (Total compute time + (read + SAM) IO time) : 0.65
	MEM_PROCESS_SEQ() (Total compute time (Kernel + SAM)), avg: 0.59, (0.59, 0.59)

	 SAM Processing time (sec):
	--WORKER_SAM avg: 0.25, (0.25, 0.25)

	Kernels' compute time (sec):
	Total kernel (smem+sal+bsw) time avg: 0.34, (0.34, 0.34)
		SMEM compute avg: 0.14, (0.14, 0.14)
		SAL compute avg: 0.04, (0.04, 0.04)
				MEM_SA avg: 0.02, (0.02, 0.02)

		BSW time, avg: 0.16, (0.16, 0.16)

Important parameter settings: 
	BATCH_SIZE: 512
	MAX_SEQ_LEN_REF: 256
	MAX_SEQ_LEN_QER: 128
	MAX_SEQ_LEN8: 128
	SEEDS_PER_READ: 500
	SIMD_WIDTH8 X: 32
	SIMD_WIDTH16 X: 16
	AVG_SEEDS_PER_READ: 64
## filter-stats: kept 434; removed 3766
[Gypsy_26_Dya] final BAM reads: 434
=== [Gypsy_26_Dya] done ===
=== [Copia_1_Dse] starting in candidate_regions_data/JUT-008_MUN-009/Copia_1_Dse.theQ ===
[Copia_1_Dse] contig count: 1  (Copia_1_Dse)
[Copia_1_Dse] hits.bam reads: 1357
[Copia_1_Dse] qname count:  700
[Copia_1_Dse] pair.bam reads: 1433
[M::bam2fq_mainloop] discarded 0 singletons
[M::bam2fq_mainloop] processed 1400 reads
[Copia_1_Dse] FASTQ1 lines: 2800
[Copia_1_Dse] FASTQ2 lines: 2800
Looking to launch executable "/work/users/a/d/adaigle/.conda/envs/TEforest/bin/bwa-mem2.avx2", simd = .avx2
Launching executable "/work/users/a/d/adaigle/.conda/envs/TEforest/bin/bwa-mem2.avx2"
-----------------------------
Executing in AVX2 mode!!
-----------------------------
* SA compression enabled with xfactor: 8
* Ref file: fastp/ref_genome
* Entering FMI_search
* Index file found. Loading index from fastp/ref_genome.bwt.2bit.64
* Reference seq len for bi-index = 288895287
* sentinel-index: 149660069
* Count:
0,	1
1,	83687631
2,	144447644
3,	205207657
4,	288895287

* Reading other elements of the index from files fastp/ref_genome
* Index prefix: fastp/ref_genome
* Read 0 ALT contigs
* Done reading Index!!
* Reading reference genome..
* Binary seq file = fastp/ref_genome.0123
* Reference genome size: 288895286 bp
* Done reading reference genome !!

------------------------------------------
1. Memory pre-allocation for Chaining: 139.3584 MB
2. Memory pre-allocation for BSW: 239.6170 MB
3. Memory pre-allocation for BWT: 77.3142 MB
------------------------------------------
* Threads used (compute): 1
* No. of pipeline threads: 2

[0000] read_chunk: 10000000, work_chunk_size: 211320, nseq: 1400
	[0000][ M::kt_pipeline] read 1400 sequences (211320 bp)...
[0000] Calling mem_process_seqs.., task: 0
[0000] 1. Calling kt_for - worker_bwt
[0000] read_chunk: 10000000, work_chunk_size: 0, nseq: 0
[0000] 2. Calling kt_for - worker_aln
[0000] Inferring insert size distribution of PE reads from data, l_pac: 144447643, n: 1400
[0000][PE] # candidate unique pairs for (FF, FR, RF, RR): (0, 3, 0, 0)
[0000][PE] skip orientation FF as there are not enough pairs
[0000][PE] skip orientation FR as there are not enough pairs
[0000][PE] skip orientation RF as there are not enough pairs
[0000][PE] skip orientation RR as there are not enough pairs
[0000] 3. Calling kt_for - worker_sam
	[0000][ M::mem_process_seqs] Processed 1400 reads in 0.284 CPU sec, 0.288 real sec
[0000] read_chunk: 10000000, work_chunk_size: 0, nseq: 0
[0000] Computation ends..
No. of OMP threads: 1
Processor is running @2645.272082 MHz
Runtime profile:

	Time taken for main_mem function: 0.75 sec

	IO times (sec) :
	Reading IO time (reads) avg: 0.00, (0.00, 0.00)
	Writing IO time (SAM) avg: 0.02, (0.02, 0.02)
	Reading IO time (Reference Genome) avg: 0.14, (0.14, 0.14)
	Index read time avg: 0.24, (0.24, 0.24)

	Overall time (sec) (Excluding Index reading time):
	PROCESS() (Total compute time + (read + SAM) IO time) : 0.31
	MEM_PROCESS_SEQ() (Total compute time (Kernel + SAM)), avg: 0.29, (0.29, 0.29)

	 SAM Processing time (sec):
	--WORKER_SAM avg: 0.12, (0.12, 0.12)

	Kernels' compute time (sec):
	Total kernel (smem+sal+bsw) time avg: 0.16, (0.16, 0.16)
		SMEM compute avg: 0.04, (0.04, 0.04)
		SAL compute avg: 0.01, (0.01, 0.01)
				MEM_SA avg: 0.01, (0.01, 0.01)

		BSW time, avg: 0.11, (0.11, 0.11)

Important parameter settings: 
	BATCH_SIZE: 512
	MAX_SEQ_LEN_REF: 256
	MAX_SEQ_LEN_QER: 128
	MAX_SEQ_LEN8: 128
	SEEDS_PER_READ: 500
	SIMD_WIDTH8 X: 32
	SIMD_WIDTH16 X: 16
	AVG_SEEDS_PER_READ: 64
## filter-stats: kept 1400; removed 0
[Copia_1_Dse] final BAM reads: 1400
=== [Copia_1_Dse] done ===
=== [Gypsy_24_DY] starting in candidate_regions_data/JUT-008_MUN-009/Gypsy_24_DY.0NXz ===
[Gypsy_24_DY] contig count: 1  (Gypsy_24_DY)
[Gypsy_24_DY] hits.bam reads: 1216
[Gypsy_24_DY] qname count:  613
[Gypsy_24_DY] pair.bam reads: 1241
[M::bam2fq_mainloop] discarded 0 singletons
[M::bam2fq_mainloop] processed 1226 reads
[Gypsy_24_DY] FASTQ1 lines: 2452
[Gypsy_24_DY] FASTQ2 lines: 2452
Looking to launch executable "/work/users/a/d/adaigle/.conda/envs/TEforest/bin/bwa-mem2.avx2", simd = .avx2
Launching executable "/work/users/a/d/adaigle/.conda/envs/TEforest/bin/bwa-mem2.avx2"
-----------------------------
Executing in AVX2 mode!!
-----------------------------
* SA compression enabled with xfactor: 8
* Ref file: fastp/ref_genome
* Entering FMI_search
* Index file found. Loading index from fastp/ref_genome.bwt.2bit.64
* Reference seq len for bi-index = 288895287
* sentinel-index: 149660069
* Count:
0,	1
1,	83687631
2,	144447644
3,	205207657
4,	288895287

* Reading other elements of the index from files fastp/ref_genome
* Index prefix: fastp/ref_genome
* Read 0 ALT contigs
* Done reading Index!!
* Reading reference genome..
* Binary seq file = fastp/ref_genome.0123
* Reference genome size: 288895286 bp
* Done reading reference genome !!

------------------------------------------
1. Memory pre-allocation for Chaining: 139.3584 MB
2. Memory pre-allocation for BSW: 239.6170 MB
3. Memory pre-allocation for BWT: 77.3142 MB
------------------------------------------
* Threads used (compute): 1
* No. of pipeline threads: 2

[0000] read_chunk: 10000000, work_chunk_size: 185002, nseq: 1226
	[0000][ M::kt_pipeline] read 1226 sequences (185002 bp)...
[0000] Calling mem_process_seqs.., task: 0
[0000] 1. Calling kt_for - worker_bwt
[0000] read_chunk: 10000000, work_chunk_size: 0, nseq: 0
[0000] 2. Calling kt_for - worker_aln
[0000] Inferring insert size distribution of PE reads from data, l_pac: 144447643, n: 1226
[0000][PE] # candidate unique pairs for (FF, FR, RF, RR): (0, 137, 0, 0)
[0000][PE] skip orientation FF as there are not enough pairs
[0000][PE] analyzing insert size distribution for orientation FR...
[0000][PE] (25, 50, 75) percentile: (371, 453, 531)
[0000][PE] low and high boundaries for computing mean and std.dev: (51, 851)
[0000][PE] mean and std.dev: (452.12, 110.71)
[0000][PE] low and high boundaries for proper pairs: (1, 1011)
[0000][PE] skip orientation RF as there are not enough pairs
[0000][PE] skip orientation RR as there are not enough pairs
[0000] 3. Calling kt_for - worker_sam
	[0000][ M::mem_process_seqs] Processed 1226 reads in 0.138 CPU sec, 0.141 real sec
[0000] read_chunk: 10000000, work_chunk_size: 0, nseq: 0
[0000] Computation ends..
No. of OMP threads: 1
Processor is running @2645.279582 MHz
Runtime profile:

	Time taken for main_mem function: 0.28 sec

	IO times (sec) :
	Reading IO time (reads) avg: 0.00, (0.00, 0.00)
	Writing IO time (SAM) avg: 0.02, (0.02, 0.02)
	Reading IO time (Reference Genome) avg: 0.04, (0.04, 0.04)
	Index read time avg: 0.08, (0.08, 0.08)

	Overall time (sec) (Excluding Index reading time):
	PROCESS() (Total compute time + (read + SAM) IO time) : 0.16
	MEM_PROCESS_SEQ() (Total compute time (Kernel + SAM)), avg: 0.14, (0.14, 0.14)

	 SAM Processing time (sec):
	--WORKER_SAM avg: 0.06, (0.06, 0.06)

	Kernels' compute time (sec):
	Total kernel (smem+sal+bsw) time avg: 0.08, (0.08, 0.08)
		SMEM compute avg: 0.03, (0.03, 0.03)
		SAL compute avg: 0.01, (0.01, 0.01)
				MEM_SA avg: 0.00, (0.00, 0.00)

		BSW time, avg: 0.04, (0.04, 0.04)

Important parameter settings: 
	BATCH_SIZE: 512
	MAX_SEQ_LEN_REF: 256
	MAX_SEQ_LEN_QER: 128
	MAX_SEQ_LEN8: 128
	SEEDS_PER_READ: 500
	SIMD_WIDTH8 X: 32
	SIMD_WIDTH16 X: 16
	AVG_SEEDS_PER_READ: 64
## filter-stats: kept 37; removed 1192
[Gypsy_24_DY] final BAM reads: 37
=== [Gypsy_24_DY] done ===
=== [NewFam16] starting in candidate_regions_data/JUT-008_MUN-009/NewFam16.m0MA ===
[NewFam16] contig count: 1  (NewFam16)
[NewFam16] hits.bam reads: 194
[NewFam16] qname count:  97
[NewFam16] pair.bam reads: 194
[M::bam2fq_mainloop] discarded 0 singletons
[M::bam2fq_mainloop] processed 194 reads
[NewFam16] FASTQ1 lines: 388
[NewFam16] FASTQ2 lines: 388
Looking to launch executable "/work/users/a/d/adaigle/.conda/envs/TEforest/bin/bwa-mem2.avx2", simd = .avx2
Launching executable "/work/users/a/d/adaigle/.conda/envs/TEforest/bin/bwa-mem2.avx2"
-----------------------------
Executing in AVX2 mode!!
-----------------------------
* SA compression enabled with xfactor: 8
* Ref file: fastp/ref_genome
* Entering FMI_search
* Index file found. Loading index from fastp/ref_genome.bwt.2bit.64
* Reference seq len for bi-index = 288895287
* sentinel-index: 149660069
* Count:
0,	1
1,	83687631
2,	144447644
3,	205207657
4,	288895287

* Reading other elements of the index from files fastp/ref_genome
* Index prefix: fastp/ref_genome
* Read 0 ALT contigs
* Done reading Index!!
* Reading reference genome..
* Binary seq file = fastp/ref_genome.0123
* Reference genome size: 288895286 bp
* Done reading reference genome !!

------------------------------------------
1. Memory pre-allocation for Chaining: 139.3584 MB
2. Memory pre-allocation for BSW: 239.6170 MB
3. Memory pre-allocation for BWT: 77.3142 MB
------------------------------------------
* Threads used (compute): 1
* No. of pipeline threads: 2

[0000] read_chunk: 10000000, work_chunk_size: 27068, nseq: 194
	[0000][ M::kt_pipeline] read 194 sequences (27068 bp)...
[0000] Calling mem_process_seqs.., task: 0
[0000] 1. Calling kt_for - worker_bwt
[0000] read_chunk: 10000000, work_chunk_size: 0, nseq: 0
[0000] 2. Calling kt_for - worker_aln
[0000] Inferring insert size distribution of PE reads from data, l_pac: 144447643, n: 194
[0000][PE] # candidate unique pairs for (FF, FR, RF, RR): (0, 14, 0, 0)
[0000][PE] skip orientation FF as there are not enough pairs
[0000][PE] analyzing insert size distribution for orientation FR...
[0000][PE] (25, 50, 75) percentile: (369, 445, 566)
[0000][PE] low and high boundaries for computing mean and std.dev: (1, 960)
[0000][PE] mean and std.dev: (432.29, 145.55)
[0000][PE] low and high boundaries for proper pairs: (1, 1157)
[0000][PE] skip orientation RF as there are not enough pairs
[0000][PE] skip orientation RR as there are not enough pairs
[0000] 3. Calling kt_for - worker_sam
	[0000][ M::mem_process_seqs] Processed 194 reads in 0.053 CPU sec, 0.054 real sec
[0000] read_chunk: 10000000, work_chunk_size: 0, nseq: 0
[0000] Computation ends..
No. of OMP threads: 1
Processor is running @2645.100044 MHz
Runtime profile:

	Time taken for main_mem function: 0.19 sec

	IO times (sec) :
	Reading IO time (reads) avg: 0.00, (0.00, 0.00)
	Writing IO time (SAM) avg: 0.00, (0.00, 0.00)
	Reading IO time (Reference Genome) avg: 0.05, (0.05, 0.05)
	Index read time avg: 0.08, (0.08, 0.08)

	Overall time (sec) (Excluding Index reading time):
	PROCESS() (Total compute time + (read + SAM) IO time) : 0.06
	MEM_PROCESS_SEQ() (Total compute time (Kernel + SAM)), avg: 0.05, (0.05, 0.05)

	 SAM Processing time (sec):
	--WORKER_SAM avg: 0.02, (0.02, 0.02)

	Kernels' compute time (sec):
	Total kernel (smem+sal+bsw) time avg: 0.03, (0.03, 0.03)
		SMEM compute avg: 0.00, (0.00, 0.00)
		SAL compute avg: 0.00, (0.00, 0.00)
				MEM_SA avg: 0.00, (0.00, 0.00)

		BSW time, avg: 0.02, (0.02, 0.02)

Important parameter settings: 
	BATCH_SIZE: 512
	MAX_SEQ_LEN_REF: 256
	MAX_SEQ_LEN_QER: 128
	MAX_SEQ_LEN8: 128
	SEEDS_PER_READ: 500
	SIMD_WIDTH8 X: 32
	SIMD_WIDTH16 X: 16
	AVG_SEEDS_PER_READ: 64
## filter-stats: kept 25; removed 169
[NewFam16] final BAM reads: 25
=== [NewFam16] done ===
=== [gypsy6A] starting in candidate_regions_data/JUT-008_MUN-009/gypsy6A.ycpr ===
[gypsy6A] contig count: 1  (gypsy6A)
[gypsy6A] hits.bam reads: 3202
[gypsy6A] qname count:  2115
[gypsy6A] pair.bam reads: 4512
[M::bam2fq_mainloop] discarded 0 singletons
[M::bam2fq_mainloop] processed 4230 reads
[gypsy6A] FASTQ1 lines: 8460
[gypsy6A] FASTQ2 lines: 8460
Looking to launch executable "/work/users/a/d/adaigle/.conda/envs/TEforest/bin/bwa-mem2.avx2", simd = .avx2
Launching executable "/work/users/a/d/adaigle/.conda/envs/TEforest/bin/bwa-mem2.avx2"
-----------------------------
Executing in AVX2 mode!!
-----------------------------
* SA compression enabled with xfactor: 8
* Ref file: fastp/ref_genome
* Entering FMI_search
* Index file found. Loading index from fastp/ref_genome.bwt.2bit.64
* Reference seq len for bi-index = 288895287
* sentinel-index: 149660069
* Count:
0,	1
1,	83687631
2,	144447644
3,	205207657
4,	288895287

* Reading other elements of the index from files fastp/ref_genome
* Index prefix: fastp/ref_genome
* Read 0 ALT contigs
* Done reading Index!!
* Reading reference genome..
* Binary seq file = fastp/ref_genome.0123
* Reference genome size: 288895286 bp
* Done reading reference genome !!

------------------------------------------
1. Memory pre-allocation for Chaining: 139.3584 MB
2. Memory pre-allocation for BSW: 239.6170 MB
3. Memory pre-allocation for BWT: 77.3142 MB
------------------------------------------
* Threads used (compute): 1
* No. of pipeline threads: 2

[0000] read_chunk: 10000000, work_chunk_size: 638678, nseq: 4230
	[0000][ M::kt_pipeline] read 4230 sequences (638678 bp)...
[0000] Calling mem_process_seqs.., task: 0
[0000] 1. Calling kt_for - worker_bwt
[0000] read_chunk: 10000000, work_chunk_size: 0, nseq: 0
[0000] 2. Calling kt_for - worker_aln
[0000] Inferring insert size distribution of PE reads from data, l_pac: 144447643, n: 4230
[0000][PE] # candidate unique pairs for (FF, FR, RF, RR): (0, 608, 5, 0)
[0000][PE] skip orientation FF as there are not enough pairs
[0000][PE] analyzing insert size distribution for orientation FR...
[0000][PE] (25, 50, 75) percentile: (364, 422, 485)
[0000][PE] low and high boundaries for computing mean and std.dev: (122, 727)
[0000][PE] mean and std.dev: (424.73, 99.58)
[0000][PE] low and high boundaries for proper pairs: (1, 848)
[0000][PE] skip orientation RF as there are not enough pairs
[0000][PE] skip orientation RR as there are not enough pairs
[0000] 3. Calling kt_for - worker_sam
	[0000][ M::mem_process_seqs] Processed 4230 reads in 0.865 CPU sec, 0.870 real sec
[0000] read_chunk: 10000000, work_chunk_size: 0, nseq: 0
[0000] Computation ends..
No. of OMP threads: 1
Processor is running @2645.203208 MHz
Runtime profile:

	Time taken for main_mem function: 1.06 sec

	IO times (sec) :
	Reading IO time (reads) avg: 0.00, (0.00, 0.00)
	Writing IO time (SAM) avg: 0.05, (0.05, 0.05)
	Reading IO time (Reference Genome) avg: 0.04, (0.04, 0.04)
	Index read time avg: 0.08, (0.08, 0.08)

	Overall time (sec) (Excluding Index reading time):
	PROCESS() (Total compute time + (read + SAM) IO time) : 0.93
	MEM_PROCESS_SEQ() (Total compute time (Kernel + SAM)), avg: 0.87, (0.87, 0.87)

	 SAM Processing time (sec):
	--WORKER_SAM avg: 0.40, (0.40, 0.40)

	Kernels' compute time (sec):
	Total kernel (smem+sal+bsw) time avg: 0.47, (0.47, 0.47)
		SMEM compute avg: 0.11, (0.11, 0.11)
		SAL compute avg: 0.06, (0.06, 0.06)
				MEM_SA avg: 0.03, (0.03, 0.03)

		BSW time, avg: 0.29, (0.29, 0.29)

Important parameter settings: 
	BATCH_SIZE: 512
	MAX_SEQ_LEN_REF: 256
	MAX_SEQ_LEN_QER: 128
	MAX_SEQ_LEN8: 128
	SEEDS_PER_READ: 500
	SIMD_WIDTH8 X: 32
	SIMD_WIDTH16 X: 16
	AVG_SEEDS_PER_READ: 64
## filter-stats: kept 933; removed 3453
[gypsy6A] final BAM reads: 933
=== [gypsy6A] done ===
=== [Gypsy_1_Dsim] starting in candidate_regions_data/JUT-008_MUN-009/Gypsy_1_Dsim.Exs5 ===
[Gypsy_1_Dsim] contig count: 1  (Gypsy_1_Dsim)
[Gypsy_1_Dsim] hits.bam reads: 29878
[Gypsy_1_Dsim] qname count:  15685
[Gypsy_1_Dsim] pair.bam reads: 32514
[M::bam2fq_mainloop] discarded 0 singletons
[M::bam2fq_mainloop] processed 31370 reads
[Gypsy_1_Dsim] FASTQ1 lines: 62740
[Gypsy_1_Dsim] FASTQ2 lines: 62740
Looking to launch executable "/work/users/a/d/adaigle/.conda/envs/TEforest/bin/bwa-mem2.avx2", simd = .avx2
Launching executable "/work/users/a/d/adaigle/.conda/envs/TEforest/bin/bwa-mem2.avx2"
-----------------------------
Executing in AVX2 mode!!
-----------------------------
* SA compression enabled with xfactor: 8
* Ref file: fastp/ref_genome
* Entering FMI_search
* Index file found. Loading index from fastp/ref_genome.bwt.2bit.64
* Reference seq len for bi-index = 288895287
* sentinel-index: 149660069
* Count:
0,	1
1,	83687631
2,	144447644
3,	205207657
4,	288895287

* Reading other elements of the index from files fastp/ref_genome
* Index prefix: fastp/ref_genome
* Read 0 ALT contigs
* Done reading Index!!
* Reading reference genome..
* Binary seq file = fastp/ref_genome.0123
* Reference genome size: 288895286 bp
* Done reading reference genome !!

------------------------------------------
1. Memory pre-allocation for Chaining: 139.3584 MB
2. Memory pre-allocation for BSW: 239.6170 MB
3. Memory pre-allocation for BWT: 77.3142 MB
------------------------------------------
* Threads used (compute): 1
* No. of pipeline threads: 2

[0000] read_chunk: 10000000, work_chunk_size: 4736328, nseq: 31370
	[0000][ M::kt_pipeline] read 31370 sequences (4736328 bp)...
[0000] Calling mem_process_seqs.., task: 0
[0000] 1. Calling kt_for - worker_bwt
[0000] read_chunk: 10000000, work_chunk_size: 0, nseq: 0
[0000] 2. Calling kt_for - worker_aln
[0000] Inferring insert size distribution of PE reads from data, l_pac: 144447643, n: 31370
[0000][PE] # candidate unique pairs for (FF, FR, RF, RR): (2, 2970, 0, 1)
[0000][PE] skip orientation FF as there are not enough pairs
[0000][PE] analyzing insert size distribution for orientation FR...
[0000][PE] (25, 50, 75) percentile: (381, 446, 523)
[0000][PE] low and high boundaries for computing mean and std.dev: (97, 807)
[0000][PE] mean and std.dev: (454.01, 111.14)
[0000][PE] low and high boundaries for proper pairs: (1, 949)
[0000][PE] skip orientation RF as there are not enough pairs
[0000][PE] skip orientation RR as there are not enough pairs
[0000] 3. Calling kt_for - worker_sam
	[0000][ M::mem_process_seqs] Processed 31370 reads in 8.099 CPU sec, 8.154 real sec
[0000] read_chunk: 10000000, work_chunk_size: 0, nseq: 0
[0000] Computation ends..
No. of OMP threads: 1
Processor is running @2645.174721 MHz
Runtime profile:

	Time taken for main_mem function: 9.11 sec

	IO times (sec) :
	Reading IO time (reads) avg: 0.04, (0.04, 0.04)
	Writing IO time (SAM) avg: 0.40, (0.40, 0.40)
	Reading IO time (Reference Genome) avg: 0.16, (0.16, 0.16)
	Index read time avg: 0.29, (0.29, 0.29)

	Overall time (sec) (Excluding Index reading time):
	PROCESS() (Total compute time + (read + SAM) IO time) : 8.61
	MEM_PROCESS_SEQ() (Total compute time (Kernel + SAM)), avg: 8.15, (8.15, 8.15)

	 SAM Processing time (sec):
	--WORKER_SAM avg: 4.49, (4.49, 4.49)

	Kernels' compute time (sec):
	Total kernel (smem+sal+bsw) time avg: 3.66, (3.66, 3.66)
		SMEM compute avg: 1.21, (1.21, 1.21)
		SAL compute avg: 0.47, (0.47, 0.47)
				MEM_SA avg: 0.22, (0.22, 0.22)

		BSW time, avg: 1.88, (1.88, 1.88)

Important parameter settings: 
	BATCH_SIZE: 512
	MAX_SEQ_LEN_REF: 256
	MAX_SEQ_LEN_QER: 128
	MAX_SEQ_LEN8: 128
	SEEDS_PER_READ: 500
	SIMD_WIDTH8 X: 32
	SIMD_WIDTH16 X: 16
	AVG_SEEDS_PER_READ: 64
## filter-stats: kept 2758; removed 28859
[Gypsy_1_Dsim] final BAM reads: 2758
=== [Gypsy_1_Dsim] done ===
=== [Gypsy_35_Del] starting in candidate_regions_data/JUT-008_MUN-009/Gypsy_35_Del.WWwD ===
[Gypsy_35_Del] contig count: 1  (Gypsy_35_Del)
[Gypsy_35_Del] hits.bam reads: 300
[Gypsy_35_Del] qname count:  159
[Gypsy_35_Del] pair.bam reads: 323
[M::bam2fq_mainloop] discarded 0 singletons
[M::bam2fq_mainloop] processed 318 reads
[Gypsy_35_Del] FASTQ1 lines: 636
[Gypsy_35_Del] FASTQ2 lines: 636
Looking to launch executable "/work/users/a/d/adaigle/.conda/envs/TEforest/bin/bwa-mem2.avx2", simd = .avx2
Launching executable "/work/users/a/d/adaigle/.conda/envs/TEforest/bin/bwa-mem2.avx2"
-----------------------------
Executing in AVX2 mode!!
-----------------------------
* SA compression enabled with xfactor: 8
* Ref file: fastp/ref_genome
* Entering FMI_search
* Index file found. Loading index from fastp/ref_genome.bwt.2bit.64
* Reference seq len for bi-index = 288895287
* sentinel-index: 149660069
* Count:
0,	1
1,	83687631
2,	144447644
3,	205207657
4,	288895287

* Reading other elements of the index from files fastp/ref_genome
* Index prefix: fastp/ref_genome
* Read 0 ALT contigs
* Done reading Index!!
* Reading reference genome..
* Binary seq file = fastp/ref_genome.0123
* Reference genome size: 288895286 bp
* Done reading reference genome !!

------------------------------------------
1. Memory pre-allocation for Chaining: 139.3584 MB
2. Memory pre-allocation for BSW: 239.6170 MB
3. Memory pre-allocation for BWT: 77.3142 MB
------------------------------------------
* Threads used (compute): 1
* No. of pipeline threads: 2

[0000] read_chunk: 10000000, work_chunk_size: 48018, nseq: 318
	[0000][ M::kt_pipeline] read 318 sequences (48018 bp)...
[0000] Calling mem_process_seqs.., task: 0
[0000] 1. Calling kt_for - worker_bwt
[0000] read_chunk: 10000000, work_chunk_size: 0, nseq: 0
[0000] 2. Calling kt_for - worker_aln
[0000] Inferring insert size distribution of PE reads from data, l_pac: 144447643, n: 318
[0000][PE] # candidate unique pairs for (FF, FR, RF, RR): (0, 25, 0, 0)
[0000][PE] skip orientation FF as there are not enough pairs
[0000][PE] analyzing insert size distribution for orientation FR...
[0000][PE] (25, 50, 75) percentile: (373, 432, 546)
[0000][PE] low and high boundaries for computing mean and std.dev: (27, 892)
[0000][PE] mean and std.dev: (445.24, 108.12)
[0000][PE] low and high boundaries for proper pairs: (1, 1065)
[0000][PE] skip orientation RF as there are not enough pairs
[0000][PE] skip orientation RR as there are not enough pairs
[0000] 3. Calling kt_for - worker_sam
	[0000][ M::mem_process_seqs] Processed 318 reads in 0.062 CPU sec, 0.063 real sec
[0000] read_chunk: 10000000, work_chunk_size: 0, nseq: 0
[0000] Computation ends..
No. of OMP threads: 1
Processor is running @2645.136058 MHz
Runtime profile:

	Time taken for main_mem function: 0.50 sec

	IO times (sec) :
	Reading IO time (reads) avg: 0.00, (0.00, 0.00)
	Writing IO time (SAM) avg: 0.00, (0.00, 0.00)
	Reading IO time (Reference Genome) avg: 0.13, (0.13, 0.13)
	Index read time avg: 0.25, (0.25, 0.25)

	Overall time (sec) (Excluding Index reading time):
	PROCESS() (Total compute time + (read + SAM) IO time) : 0.07
	MEM_PROCESS_SEQ() (Total compute time (Kernel + SAM)), avg: 0.06, (0.06, 0.06)

	 SAM Processing time (sec):
	--WORKER_SAM avg: 0.03, (0.03, 0.03)

	Kernels' compute time (sec):
	Total kernel (smem+sal+bsw) time avg: 0.04, (0.04, 0.04)
		SMEM compute avg: 0.01, (0.01, 0.01)
		SAL compute avg: 0.00, (0.00, 0.00)
				MEM_SA avg: 0.00, (0.00, 0.00)

		BSW time, avg: 0.02, (0.02, 0.02)

Important parameter settings: 
	BATCH_SIZE: 512
	MAX_SEQ_LEN_REF: 256
	MAX_SEQ_LEN_QER: 128
	MAX_SEQ_LEN8: 128
	SEEDS_PER_READ: 500
	SIMD_WIDTH8 X: 32
	SIMD_WIDTH16 X: 16
	AVG_SEEDS_PER_READ: 64
## filter-stats: kept 9; removed 310
[Gypsy_35_Del] final BAM reads: 9
=== [Gypsy_35_Del] done ===
=== [roo] starting in candidate_regions_data/JUT-008_MUN-009/roo.4JLD ===
[roo] contig count: 1  (roo)
[roo] hits.bam reads: 164457
[roo] qname count:  80459
[roo] pair.bam reads: 174956
[M::bam2fq_mainloop] discarded 0 singletons
[M::bam2fq_mainloop] processed 160918 reads
[roo] FASTQ1 lines: 321836
[roo] FASTQ2 lines: 321836
Looking to launch executable "/work/users/a/d/adaigle/.conda/envs/TEforest/bin/bwa-mem2.avx2", simd = .avx2
Launching executable "/work/users/a/d/adaigle/.conda/envs/TEforest/bin/bwa-mem2.avx2"
-----------------------------
Executing in AVX2 mode!!
-----------------------------
* SA compression enabled with xfactor: 8
* Ref file: fastp/ref_genome
* Entering FMI_search
* Index file found. Loading index from fastp/ref_genome.bwt.2bit.64
* Reference seq len for bi-index = 288895287
* sentinel-index: 149660069
* Count:
0,	1
1,	83687631
2,	144447644
3,	205207657
4,	288895287

* Reading other elements of the index from files fastp/ref_genome
* Index prefix: fastp/ref_genome
* Read 0 ALT contigs
* Done reading Index!!
* Reading reference genome..
* Binary seq file = fastp/ref_genome.0123
* Reference genome size: 288895286 bp
* Done reading reference genome !!

------------------------------------------
1. Memory pre-allocation for Chaining: 139.3584 MB
2. Memory pre-allocation for BSW: 239.6170 MB
3. Memory pre-allocation for BWT: 77.3142 MB
------------------------------------------
* Threads used (compute): 1
* No. of pipeline threads: 2

[0000] read_chunk: 10000000, work_chunk_size: 10000018, nseq: 66238
	[0000][ M::kt_pipeline] read 66238 sequences (10000018 bp)...
[0000] Reallocating initial memory allocations!!
[0000] Calling mem_process_seqs.., task: 0
[0000] 1. Calling kt_for - worker_bwt
[0000] read_chunk: 10000000, work_chunk_size: 10000098, nseq: 66240
	[0000][ M::kt_pipeline] read 66240 sequences (10000098 bp)...
[0000] 2. Calling kt_for - worker_aln
[0000] Inferring insert size distribution of PE reads from data, l_pac: 144447643, n: 66238
[0000][PE] # candidate unique pairs for (FF, FR, RF, RR): (0, 1218, 0, 0)
[0000][PE] skip orientation FF as there are not enough pairs
[0000][PE] analyzing insert size distribution for orientation FR...
[0000][PE] (25, 50, 75) percentile: (344, 417, 492)
[0000][PE] low and high boundaries for computing mean and std.dev: (48, 788)
[0000][PE] mean and std.dev: (417.23, 114.60)
[0000][PE] low and high boundaries for proper pairs: (1, 936)
[0000][PE] skip orientation RF as there are not enough pairs
[0000][PE] skip orientation RR as there are not enough pairs
[0000] 3. Calling kt_for - worker_sam
	[0000][ M::mem_process_seqs] Processed 66238 reads in 59.665 CPU sec, 60.058 real sec
[0000] Reallocating initial memory allocations!!
[0000] Calling mem_process_seqs.., task: 1
[0000] 1. Calling kt_for - worker_bwt
[0000] read_chunk: 10000000, work_chunk_size: 4293506, nseq: 28440
	[0000][ M::kt_pipeline] read 28440 sequences (4293506 bp)...
[0000] 2. Calling kt_for - worker_aln
[0000] Inferring insert size distribution of PE reads from data, l_pac: 144447643, n: 66240
[0000][PE] # candidate unique pairs for (FF, FR, RF, RR): (0, 1206, 0, 0)
[0000][PE] skip orientation FF as there are not enough pairs
[0000][PE] analyzing insert size distribution for orientation FR...
[0000][PE] (25, 50, 75) percentile: (366, 441, 523)
[0000][PE] low and high boundaries for computing mean and std.dev: (52, 837)
[0000][PE] mean and std.dev: (443.69, 119.72)
[0000][PE] low and high boundaries for proper pairs: (1, 994)
[0000][PE] skip orientation RF as there are not enough pairs
[0000][PE] skip orientation RR as there are not enough pairs
[0000] 3. Calling kt_for - worker_sam
	[0000][ M::mem_process_seqs] Processed 66240 reads in 51.823 CPU sec, 52.094 real sec
[0000] Calling mem_process_seqs.., task: 2
[0000] 1. Calling kt_for - worker_bwt
[0000] read_chunk: 10000000, work_chunk_size: 0, nseq: 0
[0000] 2. Calling kt_for - worker_aln
[0000] Inferring insert size distribution of PE reads from data, l_pac: 144447643, n: 28440
[0000][PE] # candidate unique pairs for (FF, FR, RF, RR): (0, 520, 0, 0)
[0000][PE] skip orientation FF as there are not enough pairs
[0000][PE] analyzing insert size distribution for orientation FR...
[0000][PE] (25, 50, 75) percentile: (374, 451, 529)
[0000][PE] low and high boundaries for computing mean and std.dev: (64, 839)
[0000][PE] mean and std.dev: (446.20, 121.61)
[0000][PE] low and high boundaries for proper pairs: (1, 994)
[0000][PE] skip orientation RF as there are not enough pairs
[0000][PE] skip orientation RR as there are not enough pairs
[0000] 3. Calling kt_for - worker_sam
	[0000][ M::mem_process_seqs] Processed 28440 reads in 17.020 CPU sec, 17.062 real sec
[0000] read_chunk: 10000000, work_chunk_size: 0, nseq: 0
[0000] Computation ends..
No. of OMP threads: 1
Processor is running @2645.193244 MHz
Runtime profile:

	Time taken for main_mem function: 130.30 sec

	IO times (sec) :
	Reading IO time (reads) avg: 0.19, (0.19, 0.19)
	Writing IO time (SAM) avg: 2.58, (2.58, 2.58)
	Reading IO time (Reference Genome) avg: 0.17, (0.17, 0.17)
	Index read time avg: 0.33, (0.33, 0.33)

	Overall time (sec) (Excluding Index reading time):
	PROCESS() (Total compute time + (read + SAM) IO time) : 129.74
	MEM_PROCESS_SEQ() (Total compute time (Kernel + SAM)), avg: 129.21, (129.21, 129.21)

	 SAM Processing time (sec):
	--WORKER_SAM avg: 66.01, (66.01, 66.01)

	Kernels' compute time (sec):
	Total kernel (smem+sal+bsw) time avg: 63.16, (63.16, 63.16)
		SMEM compute avg: 17.68, (17.68, 17.68)
		SAL compute avg: 8.25, (8.25, 8.25)
				MEM_SA avg: 3.31, (3.31, 3.31)

		BSW time, avg: 30.46, (30.46, 30.46)

Important parameter settings: 
	BATCH_SIZE: 512
	MAX_SEQ_LEN_REF: 256
	MAX_SEQ_LEN_QER: 128
	MAX_SEQ_LEN8: 128
	SEEDS_PER_READ: 500
	SIMD_WIDTH8 X: 32
	SIMD_WIDTH16 X: 16
	AVG_SEEDS_PER_READ: 64
## filter-stats: kept 59856; removed 119469
[roo] final BAM reads: 59856
=== [roo] done ===
=== [LARD] starting in candidate_regions_data/JUT-008_MUN-009/LARD.F0Y1 ===
[LARD] contig count: 1  (LARD)
[LARD] hits.bam reads: 449021
[LARD] qname count:  222064
[LARD] pair.bam reads: 452446
[M::bam2fq_mainloop] discarded 0 singletons
[M::bam2fq_mainloop] processed 444128 reads
[LARD] FASTQ1 lines: 888256
[LARD] FASTQ2 lines: 888256
Looking to launch executable "/work/users/a/d/adaigle/.conda/envs/TEforest/bin/bwa-mem2.avx2", simd = .avx2
Launching executable "/work/users/a/d/adaigle/.conda/envs/TEforest/bin/bwa-mem2.avx2"
-----------------------------
Executing in AVX2 mode!!
-----------------------------
* SA compression enabled with xfactor: 8
* Ref file: fastp/ref_genome
* Entering FMI_search
* Index file found. Loading index from fastp/ref_genome.bwt.2bit.64
* Reference seq len for bi-index = 288895287
* sentinel-index: 149660069
* Count:
0,	1
1,	83687631
2,	144447644
3,	205207657
4,	288895287

* Reading other elements of the index from files fastp/ref_genome
* Index prefix: fastp/ref_genome
* Read 0 ALT contigs
* Done reading Index!!
* Reading reference genome..
* Binary seq file = fastp/ref_genome.0123
* Reference genome size: 288895286 bp
* Done reading reference genome !!

------------------------------------------
1. Memory pre-allocation for Chaining: 139.3584 MB
2. Memory pre-allocation for BSW: 239.6170 MB
3. Memory pre-allocation for BWT: 77.3142 MB
------------------------------------------
* Threads used (compute): 1
* No. of pipeline threads: 2

[0000] read_chunk: 10000000, work_chunk_size: 10000002, nseq: 76060
	[0000][ M::kt_pipeline] read 76060 sequences (10000002 bp)...
[0000] Reallocating initial memory allocations!!
[0000] Calling mem_process_seqs.., task: 0
[0000] 1. Calling kt_for - worker_bwt
[0000] read_chunk: 10000000, work_chunk_size: 10000226, nseq: 76250
	[0000][ M::kt_pipeline] read 76250 sequences (10000226 bp)...
[0000] 2. Calling kt_for - worker_aln
[0000] Inferring insert size distribution of PE reads from data, l_pac: 144447643, n: 76060
[0000][PE] # candidate unique pairs for (FF, FR, RF, RR): (0, 415, 0, 0)
[0000][PE] skip orientation FF as there are not enough pairs
[0000][PE] analyzing insert size distribution for orientation FR...
[0000][PE] (25, 50, 75) percentile: (369, 452, 546)
[0000][PE] low and high boundaries for computing mean and std.dev: (15, 900)
[0000][PE] mean and std.dev: (454.02, 152.71)
[0000][PE] low and high boundaries for proper pairs: (1, 1077)
[0000][PE] skip orientation RF as there are not enough pairs
[0000][PE] skip orientation RR as there are not enough pairs
[0000] 3. Calling kt_for - worker_sam
	[0000][ M::mem_process_seqs] Processed 76060 reads in 62.225 CPU sec, 62.578 real sec
[0000] Reallocating initial memory allocations!!
[0000] Calling mem_process_seqs.., task: 1
[0000] 1. Calling kt_for - worker_bwt
[0000] read_chunk: 10000000, work_chunk_size: 10000048, nseq: 76260
	[0000][ M::kt_pipeline] read 76260 sequences (10000048 bp)...
[0000] 2. Calling kt_for - worker_aln
[0000] Inferring insert size distribution of PE reads from data, l_pac: 144447643, n: 76250
[0000][PE] # candidate unique pairs for (FF, FR, RF, RR): (0, 399, 1, 1)
[0000][PE] skip orientation FF as there are not enough pairs
[0000][PE] analyzing insert size distribution for orientation FR...
[0000][PE] (25, 50, 75) percentile: (382, 464, 560)
[0000][PE] low and high boundaries for computing mean and std.dev: (26, 916)
[0000][PE] mean and std.dev: (468.60, 153.68)
[0000][PE] low and high boundaries for proper pairs: (1, 1094)
[0000][PE] skip orientation RF as there are not enough pairs
[0000][PE] skip orientation RR as there are not enough pairs
[0000] 3. Calling kt_for - worker_sam
	[0000][ M::mem_process_seqs] Processed 76250 reads in 50.815 CPU sec, 50.943 real sec
[0000] Reallocating initial memory allocations!!
[0000] Calling mem_process_seqs.., task: 2
[0000] 1. Calling kt_for - worker_bwt
[0000] read_chunk: 10000000, work_chunk_size: 10000266, nseq: 76216
	[0000][ M::kt_pipeline] read 76216 sequences (10000266 bp)...
[0000] 2. Calling kt_for - worker_aln
[0000] Inferring insert size distribution of PE reads from data, l_pac: 144447643, n: 76260
[0000][PE] # candidate unique pairs for (FF, FR, RF, RR): (0, 435, 0, 1)
[0000][PE] skip orientation FF as there are not enough pairs
[0000][PE] analyzing insert size distribution for orientation FR...
[0000][PE] (25, 50, 75) percentile: (374, 446, 547)
[0000][PE] low and high boundaries for computing mean and std.dev: (28, 893)
[0000][PE] mean and std.dev: (458.40, 138.41)
[0000][PE] low and high boundaries for proper pairs: (1, 1066)
[0000][PE] skip orientation RF as there are not enough pairs
[0000][PE] skip orientation RR as there are not enough pairs
[0000] 3. Calling kt_for - worker_sam
	[0000][ M::mem_process_seqs] Processed 76260 reads in 50.833 CPU sec, 50.986 real sec
[0000] Calling mem_process_seqs.., task: 3
[0000] 1. Calling kt_for - worker_bwt
[0000] read_chunk: 10000000, work_chunk_size: 10000200, nseq: 76020
	[0000][ M::kt_pipeline] read 76020 sequences (10000200 bp)...
[0000] 2. Calling kt_for - worker_aln
[0000] Inferring insert size distribution of PE reads from data, l_pac: 144447643, n: 76216
[0000][PE] # candidate unique pairs for (FF, FR, RF, RR): (0, 403, 0, 3)
[0000][PE] skip orientation FF as there are not enough pairs
[0000][PE] analyzing insert size distribution for orientation FR...
[0000][PE] (25, 50, 75) percentile: (373, 446, 540)
[0000][PE] low and high boundaries for computing mean and std.dev: (39, 874)
[0000][PE] mean and std.dev: (450.48, 138.63)
[0000][PE] low and high boundaries for proper pairs: (1, 1041)
[0000][PE] skip orientation RF as there are not enough pairs
[0000][PE] skip orientation RR as there are not enough pairs
[0000] 3. Calling kt_for - worker_sam
	[0000][ M::mem_process_seqs] Processed 76216 reads in 50.654 CPU sec, 50.801 real sec
[0000] Calling mem_process_seqs.., task: 4
[0000] 1. Calling kt_for - worker_bwt
[0000] read_chunk: 10000000, work_chunk_size: 8332546, nseq: 63322
	[0000][ M::kt_pipeline] read 63322 sequences (8332546 bp)...
[0000] 2. Calling kt_for - worker_aln
[0000] Inferring insert size distribution of PE reads from data, l_pac: 144447643, n: 76020
[0000][PE] # candidate unique pairs for (FF, FR, RF, RR): (0, 419, 1, 0)
[0000][PE] skip orientation FF as there are not enough pairs
[0000][PE] analyzing insert size distribution for orientation FR...
[0000][PE] (25, 50, 75) percentile: (391, 473, 567)
[0000][PE] low and high boundaries for computing mean and std.dev: (39, 919)
[0000][PE] mean and std.dev: (473.15, 147.21)
[0000][PE] low and high boundaries for proper pairs: (1, 1095)
[0000][PE] skip orientation RF as there are not enough pairs
[0000][PE] skip orientation RR as there are not enough pairs
[0000] 3. Calling kt_for - worker_sam
	[0000][ M::mem_process_seqs] Processed 76020 reads in 51.785 CPU sec, 51.935 real sec
[0000] Calling mem_process_seqs.., task: 5
[0000] 1. Calling kt_for - worker_bwt
[0000] read_chunk: 10000000, work_chunk_size: 0, nseq: 0
[0000] 2. Calling kt_for - worker_aln
[0000] Inferring insert size distribution of PE reads from data, l_pac: 144447643, n: 63322
[0000][PE] # candidate unique pairs for (FF, FR, RF, RR): (0, 336, 1, 0)
[0000][PE] skip orientation FF as there are not enough pairs
[0000][PE] analyzing insert size distribution for orientation FR...
[0000][PE] (25, 50, 75) percentile: (379, 458, 545)
[0000][PE] low and high boundaries for computing mean and std.dev: (47, 877)
[0000][PE] mean and std.dev: (456.26, 137.84)
[0000][PE] low and high boundaries for proper pairs: (1, 1043)
[0000][PE] skip orientation RF as there are not enough pairs
[0000][PE] skip orientation RR as there are not enough pairs
[0000] 3. Calling kt_for - worker_sam
	[0000][ M::mem_process_seqs] Processed 63322 reads in 42.381 CPU sec, 42.536 real sec
[0000] read_chunk: 10000000, work_chunk_size: 0, nseq: 0
[0000] Computation ends..
No. of OMP threads: 1
Processor is running @2645.199366 MHz
Runtime profile:

	Time taken for main_mem function: 311.12 sec

	IO times (sec) :
	Reading IO time (reads) avg: 0.29, (0.29, 0.29)
	Writing IO time (SAM) avg: 5.09, (5.09, 5.09)
	Reading IO time (Reference Genome) avg: 0.16, (0.16, 0.16)
	Index read time avg: 0.30, (0.30, 0.30)

	Overall time (sec) (Excluding Index reading time):
	PROCESS() (Total compute time + (read + SAM) IO time) : 310.60
	MEM_PROCESS_SEQ() (Total compute time (Kernel + SAM)), avg: 309.76, (309.76, 309.76)

	 SAM Processing time (sec):
	--WORKER_SAM avg: 189.36, (189.36, 189.36)

	Kernels' compute time (sec):
	Total kernel (smem+sal+bsw) time avg: 120.35, (120.35, 120.35)
		SMEM compute avg: 24.98, (24.98, 24.98)
		SAL compute avg: 19.91, (19.91, 19.91)
				MEM_SA avg: 6.64, (6.64, 6.64)

		BSW time, avg: 58.99, (58.99, 58.99)

Important parameter settings: 
	BATCH_SIZE: 512
	MAX_SEQ_LEN_REF: 256
	MAX_SEQ_LEN_QER: 128
	MAX_SEQ_LEN8: 128
	SEEDS_PER_READ: 500
	SIMD_WIDTH8 X: 32
	SIMD_WIDTH16 X: 16
	AVG_SEEDS_PER_READ: 64
## filter-stats: kept 111924; removed 335073
[LARD] final BAM reads: 111924
=== [LARD] done ===
All done ✔  (outputs: *_to_ISO1.bam + .bai for each family)
[Wed Jan  7 17:09:12 2026]
Finished job 5.
6 of 11 steps (55%) done
Select jobs to execute...
Execute 1 jobs...

[Wed Jan  7 17:09:12 2026]
localrule process_candidate_regions:
    input: candidate_regions_data/JUT-008_MUN-009/completed.txt, candidate_regions_data/JUT-008_MUN-009, /nas/longleaf/home/adaigle/work/mcclintock_stuff/euchromatin.txt, /nas/longleaf/home/adaigle/Rech_updated_supplemental/DeNovoCoordinates/ISO1.bed
    output: featvec_csvs/JUT-008_MUN-009.csv, featvec_csvs/JUT-008_MUN-009_reference.csv
    log: logs/JUT-008_MUN-009/process_candidate_regions.log
    jobid: 4
    benchmark: benchmarks/JUT-008_MUN-009.process_candidate_regions.benchmark.txt
    reason: Missing output files: featvec_csvs/JUT-008_MUN-009.csv; Input files updated by another job: candidate_regions_data/JUT-008_MUN-009/completed.txt, candidate_regions_data/JUT-008_MUN-009
    wildcards: sample=JUT-008_MUN-009
    resources: tmpdir=/tmp/adaigle/26099803/g1416schr01.ll.unc.edu

Loading required package: BiocGenerics
Loading required package: generics

Attaching package: ‘generics’

The following objects are masked from ‘package:base’:

    as.difftime, as.factor, as.ordered, intersect, is.element, setdiff,
    setequal, union


Attaching package: ‘BiocGenerics’

The following objects are masked from ‘package:stats’:

    IQR, mad, sd, var, xtabs

The following objects are masked from ‘package:base’:

    anyDuplicated, aperm, append, as.data.frame, basename, cbind,
    colnames, dirname, do.call, duplicated, eval, evalq, Filter, Find,
    get, grep, grepl, is.unsorted, lapply, Map, mapply, match, mget,
    order, paste, pmax, pmax.int, pmin, pmin.int, Position, rank,
    rbind, Reduce, rownames, sapply, saveRDS, table, tapply, unique,
    unsplit, which.max, which.min

Loading required package: S4Vectors
Loading required package: stats4

Attaching package: ‘S4Vectors’

The following object is masked from ‘package:utils’:

    findMatches

The following objects are masked from ‘package:base’:

    expand.grid, I, unname

Loading required package: IRanges
Loading required package: GenomeInfoDb
Loading required package: GenomicRanges
Loading required package: SummarizedExperiment
Loading required package: MatrixGenerics
Loading required package: matrixStats

Attaching package: ‘MatrixGenerics’

The following objects are masked from ‘package:matrixStats’:

    colAlls, colAnyNAs, colAnys, colAvgsPerRowSet, colCollapse,
    colCounts, colCummaxs, colCummins, colCumprods, colCumsums,
    colDiffs, colIQRDiffs, colIQRs, colLogSumExps, colMadDiffs,
    colMads, colMaxs, colMeans2, colMedians, colMins, colOrderStats,
    colProds, colQuantiles, colRanges, colRanks, colSdDiffs, colSds,
    colSums2, colTabulates, colVarDiffs, colVars, colWeightedMads,
    colWeightedMeans, colWeightedMedians, colWeightedSds,
    colWeightedVars, rowAlls, rowAnyNAs, rowAnys, rowAvgsPerColSet,
    rowCollapse, rowCounts, rowCummaxs, rowCummins, rowCumprods,
    rowCumsums, rowDiffs, rowIQRDiffs, rowIQRs, rowLogSumExps,
    rowMadDiffs, rowMads, rowMaxs, rowMeans2, rowMedians, rowMins,
    rowOrderStats, rowProds, rowQuantiles, rowRanges, rowRanks,
    rowSdDiffs, rowSds, rowSums2, rowTabulates, rowVarDiffs, rowVars,
    rowWeightedMads, rowWeightedMeans, rowWeightedMedians,
    rowWeightedSds, rowWeightedVars

Loading required package: Biobase
Welcome to Bioconductor

    Vignettes contain introductory material; view with
    'browseVignettes()'. To cite Bioconductor, see
    'citation("Biobase")', and for packages 'citation("pkgname")'.


Attaching package: ‘Biobase’

The following object is masked from ‘package:MatrixGenerics’:

    rowMedians

The following objects are masked from ‘package:matrixStats’:

    anyMissing, rowMedians

Loading required package: Biostrings
Loading required package: XVector

Attaching package: ‘Biostrings’

The following object is masked from ‘package:base’:

    strsplit

Loading required package: Rsamtools
── Attaching core tidyverse packages ──────────────────────── tidyverse 2.0.0 ──
✔ dplyr     1.1.4     ✔ readr     2.1.5
✔ forcats   1.0.0     ✔ stringr   1.5.1
✔ ggplot2   3.5.2     ✔ tibble    3.2.1
✔ lubridate 1.9.4     ✔ tidyr     1.3.1
✔ purrr     1.0.4     
── Conflicts ────────────────────────────────────────── tidyverse_conflicts() ──
✖ lubridate::%within%() masks IRanges::%within%()
✖ dplyr::collapse()     masks Biostrings::collapse(), IRanges::collapse()
✖ dplyr::combine()      masks Biobase::combine(), BiocGenerics::combine()
✖ purrr::compact()      masks XVector::compact()
✖ dplyr::count()        masks matrixStats::count()
✖ dplyr::desc()         masks IRanges::desc()
✖ tidyr::expand()       masks S4Vectors::expand()
✖ dplyr::filter()       masks stats::filter()
✖ dplyr::first()        masks GenomicAlignments::first(), S4Vectors::first()
✖ dplyr::lag()          masks stats::lag()
✖ dplyr::last()         masks GenomicAlignments::last()
✖ ggplot2::Position()   masks BiocGenerics::Position(), base::Position()
✖ purrr::reduce()       masks GenomicRanges::reduce(), IRanges::reduce()
✖ dplyr::rename()       masks S4Vectors::rename()
✖ lubridate::second()   masks GenomicAlignments::second(), S4Vectors::second()
✖ lubridate::second<-() masks S4Vectors::second<-()
✖ dplyr::slice()        masks XVector::slice(), IRanges::slice()
ℹ Use the conflicted package (<http://conflicted.r-lib.org/>) to force all conflicts to become errors
[1] "JUT-008_MUN-009"                                                                
[2] "/nas/longleaf/home/adaigle/work/mcclintock_stuff/euchromatin.txt"               
[3] "/nas/longleaf/home/adaigle/Rech_updated_supplemental/DeNovoCoordinates/ISO1.bed"
Warning message:
In dir.create(file.path(featvec_csv_path)) :
  '/work/users/a/d/adaigle/test_TEforest/train_simple_20X/featvec_csvs' already exists
[1] "mapping results loaded"
[1] "filtering complete"
[1] "JUT-008_MUN-009 csv written!"
[Wed Jan  7 17:09:55 2026]
Finished job 4.
7 of 11 steps (64%) done
Select jobs to execute...
Execute 1 jobs...

[Wed Jan  7 17:09:55 2026]
localrule label_candidate_regions:
    input: featvec_csvs/JUT-008_MUN-009.csv, /nas/longleaf/home/adaigle/TEforest/example_training_input.bed
    output: featvec_csvs_labeled/JUT-008_MUN-009.csv
    log: logs/JUT-008_MUN-009/label_candidate_regions.log
    jobid: 3
    reason: Missing output files: featvec_csvs_labeled/JUT-008_MUN-009.csv; Input files updated by another job: featvec_csvs/JUT-008_MUN-009.csv
    wildcards: sample=JUT-008_MUN-009
    resources: tmpdir=/tmp/adaigle/26099803/g1416schr01.ll.unc.edu

/nas/longleaf/home/adaigle/TEforest/workflow/scripts/label_candidate_regions_training.py:7: DeprecationWarning: 
Pyarrow will become a required dependency of pandas in the next major release of pandas (pandas 3.0),
(to allow more performant data types, such as the Arrow string type, and better interoperability with other libraries)
but was not found to be installed on your system.
If this would cause problems for you,
please provide us feedback at https://github.com/pandas-dev/pandas/issues/54466
        
  import pandas as pd
Traceback (most recent call last):
  File "/nas/longleaf/home/adaigle/TEforest/workflow/scripts/label_candidate_regions_training.py", line 191, in <module>
    main()
  File "/nas/longleaf/home/adaigle/TEforest/workflow/scripts/label_candidate_regions_training.py", line 177, in main
    truth_groups = group_truth(truth_df, match_te=match_te)
                   ^^^^^^^^^^^^^^^^^^^^^^^^^^^^^^^^^^^^^^^^
  File "/nas/longleaf/home/adaigle/TEforest/workflow/scripts/label_candidate_regions_training.py", line 101, in group_truth
    te = key[1] if isinstance(key, tuple) else None
         ~~~^^^
IndexError: tuple index out of range
[Wed Jan  7 17:09:57 2026]
Error in rule label_candidate_regions:
    jobid: 3
    input: featvec_csvs/JUT-008_MUN-009.csv, /nas/longleaf/home/adaigle/TEforest/example_training_input.bed
    output: featvec_csvs_labeled/JUT-008_MUN-009.csv
    log: logs/JUT-008_MUN-009/label_candidate_regions.log (check log file(s) for error details)
    shell:
        
        mkdir -p featvec_csvs_labeled
        python /nas/longleaf/home/adaigle/TEforest/workflow/scripts/label_candidate_regions_training.py             --candidates featvec_csvs/JUT-008_MUN-009.csv             --truth /nas/longleaf/home/adaigle/TEforest/example_training_input.bed             --output featvec_csvs_labeled/JUT-008_MUN-009.csv             --label-mode classifier
        
        (one of the commands exited with non-zero exit code; note that snakemake uses bash strict mode!)

Shutting down, this might take some time.
Exiting because a job execution failed. Look above for error message
Complete log: .snakemake/log/2026-01-07T164331.121732.snakemake.log
WorkflowError:
At least one job did not complete successfully.
2026-01-07 17:09:57,587 - ERROR - Snakemake failed with exit code 1
